{"type":"FeatureCollection","name":"kh_zone_final","crs":{"type":"name","properties":{"name":"urn:ogc:def:crs:OGC:1.3:CRS84"}},"features":[{"type":"Feature","properties":{"zone":"一般農業區","town":"仁武區"},"geometry":{"type":"MultiPolygon","coordinates":[[[[120.36403,22.67452],[120.36395,22.67453],[120.36402,22.67454],[120.36403,22.67452]]],[[[120.36445,22.67462],[120.36433,22.6746],[120.36433,22.67464],[120.36445,22.67462]]],[[[120.36373,22.67532],[120.36459,22.67576],[120.36483,22.67532],[120.36373,22.67532]]],[[[120.3662,22.67751],[120.36586,22.67663],[120.36477,22.67591],[120.36586,22.67699],[120.3662,22.67751]]],[[[120.36348,22.67596],[120.36351,22.67836],[120.36469,22.67757],[120.36645,22.67918],[120.36625,22.67809],[120.36536,22.67713],[120.36348,22.67596]]],[[[120.36604,22.68137],[120.36512,22.68148],[120.36603,22.68172],[120.36604,22.68137]]],[[[120.36564,22.68241],[120.36546,22.68264],[120.36581,22.68284],[120.36564,22.68241]]],[[[120.3664,22.68329],[120.36648,22.68324],[120.36642,22.68321],[120.3664,22.68329]]],[[[120.36595,22.68332],[120.36594,22.68335],[120.36595,22.68335],[120.36595,22.68332]]],[[[120.36638,22.68339],[120.36641,22.68349],[120.36641,22.68347],[120.36638,22.68339]]],[[[120.36736,22.68453],[120.3669,22.68503],[120.36712,22.68511],[120.36736,22.68453]]],[[[120.36716,22.6834],[120.36717,22.68344],[120.36719,22.68343],[120.36716,22.6834]]],[[[120.3674,22.68455],[120.3674,22.68521],[120.36763,22.68463],[120.3674,22.68455]]],[[[120.38102,22.69585],[120.38123,22.69595],[120.38152,22.69603],[120.38102,22.69585]]],[[[120.37683,22.69635],[120.37688,22.69619],[120.37671,22.69627],[120.37683,22.69635]]],[[[120.37917,22.69661],[120.37921,22.69653],[120.37915,22.6966],[120.37917,22.69661]]],[[[120.3841,22.70085],[120.38292,22.7006],[120.38289,22.70087],[120.3832,22.70088],[120.3841,22.70085]]],[[[120.3749,22.70323],[120.37434,22.70327],[120.37413,22.70355],[120.37487,22.70377],[120.3749,22.70323]]],[[[120.36351,22.67847],[120.36357,22.68219],[120.36479,22.68298],[120.36422,22.68502],[120.36514,22.68671],[120.36364,22.68546],[120.36447,22.69429],[120.36559,22.69464],[120.36674,22.69643],[120.36767,22.69669],[120.36953,22.69835],[120.37123,22.69777],[120.37218,22.69847],[120.37246,22.69771],[120.37249,22.69811],[120.37209,22.69862],[120.37354,22.69988],[120.37412,22.70122],[120.37488,22.70206],[120.37613,22.70218],[120.37549,22.70264],[120.37588,22.70331],[120.37691,22.70296],[120.37625,22.70154],[120.3764,22.70037],[120.37855,22.70138],[120.37818,22.70397],[120.37778,22.70437],[120.37688,22.70402],[120.37678,22.70535],[120.3778,22.70575],[120.38035,22.70507],[120.38238,22.70629],[120.38054,22.70772],[120.37859,22.70838],[120.3786,22.70728],[120.37713,22.70749],[120.37967,22.71107],[120.38008,22.71117],[120.38111,22.70933],[120.38205,22.70866],[120.38489,22.70975],[120.38619,22.71126],[120.38587,22.71429],[120.38656,22.71513],[120.38661,22.71614],[120.38598,22.71801],[120.38375,22.72097],[120.38231,22.72205],[120.38224,22.72322],[120.38344,22.72515],[120.38276,22.72747],[120.38374,22.73004],[120.38195,22.73216],[120.38196,22.73346],[120.38146,22.73341],[120.38144,22.73412],[120.38052,22.73469],[120.38111,22.73645],[120.38279,22.73662],[120.38503,22.73761],[120.38556,22.73895],[120.38492,22.73951],[120.38698,22.74015],[120.38822,22.74201],[120.38966,22.74293],[120.39005,22.74227],[120.39124,22.74209],[120.39138,22.74038],[120.39206,22.74025],[120.39296,22.73916],[120.39263,22.73854],[120.39336,22.73765],[120.3926,22.73575],[120.3943,22.73556],[120.39581,22.7348],[120.39718,22.73525],[120.39807,22.73468],[120.39881,22.73472],[120.39979,22.73565],[120.40085,22.7347],[120.40046,22.73355],[120.40139,22.73315],[120.40014,22.72852],[120.40067,22.72705],[120.39995,22.72609],[120.40021,22.72512],[120.4022,22.72552],[120.40316,22.72491],[120.40133,22.71889],[120.39947,22.71548],[120.39894,22.71347],[120.393,22.7132],[120.39191,22.71358],[120.39152,22.71331],[120.39174,22.71208],[120.39131,22.71311],[120.38819,22.71251],[120.38806,22.71111],[120.38884,22.71074],[120.38846,22.71126],[120.38844,22.71177],[120.38945,22.71056],[120.38856,22.70925],[120.3876,22.70904],[120.38743,22.70734],[120.38873,22.70746],[120.3889,22.70713],[120.38847,22.70668],[120.38607,22.70665],[120.38542,22.70577],[120.38251,22.70555],[120.3808,22.70472],[120.38049,22.70283],[120.3808,22.70249],[120.38029,22.70195],[120.38135,22.70078],[120.38011,22.69961],[120.3802,22.6992],[120.3819,22.70027],[120.38357,22.70032],[120.38448,22.70085],[120.38585,22.70082],[120.3858,22.7007],[120.38607,22.70077],[120.38612,22.70063],[120.38633,22.70064],[120.38644,22.70057],[120.38646,22.70053],[120.38596,22.69967],[120.38456,22.70019],[120.38443,22.6995],[120.38419,22.69933],[120.38267,22.69917],[120.38204,22.6994],[120.3823,22.69886],[120.38126,22.69783],[120.38138,22.69788],[120.382,22.69794],[120.38206,22.69791],[120.38217,22.6977],[120.38199,22.69792],[120.3811,22.69777],[120.38078,22.69799],[120.3795,22.69767],[120.37927,22.69659],[120.37826,22.69673],[120.37774,22.69624],[120.37845,22.69605],[120.37832,22.69543],[120.37918,22.6946],[120.38024,22.69508],[120.38142,22.69407],[120.38363,22.6933],[120.38331,22.69293],[120.38176,22.69338],[120.38197,22.69272],[120.38267,22.69282],[120.38216,22.69234],[120.38257,22.69199],[120.38156,22.69203],[120.38215,22.69099],[120.38117,22.69157],[120.38161,22.6906],[120.38122,22.69017],[120.38081,22.69073],[120.38073,22.68978],[120.38021,22.6908],[120.38055,22.69092],[120.38036,22.69187],[120.38091,22.69214],[120.37971,22.69164],[120.37916,22.691],[120.37788,22.69212],[120.37598,22.69068],[120.37438,22.69078],[120.37415,22.69155],[120.37307,22.69126],[120.37233,22.69023],[120.37169,22.69018],[120.3723,22.68983],[120.37222,22.68905],[120.37109,22.68872],[120.37125,22.68806],[120.37027,22.68734],[120.37076,22.68677],[120.37001,22.68651],[120.36999,22.68702],[120.36878,22.68792],[120.36824,22.68781],[120.36755,22.68615],[120.36879,22.68591],[120.3677,22.68533],[120.36869,22.68505],[120.36846,22.68414],[120.36789,22.68432],[120.36708,22.68612],[120.36738,22.68525],[120.36673,22.68607],[120.36688,22.68507],[120.36643,22.68604],[120.36695,22.68478],[120.36613,22.6847],[120.36575,22.68399],[120.36488,22.68366],[120.36514,22.68329],[120.36588,22.68349],[120.36493,22.68197],[120.36366,22.68138],[120.36546,22.68083],[120.36656,22.68118],[120.36498,22.68032],[120.36578,22.67915],[120.36532,22.67969],[120.36492,22.67938],[120.36429,22.67928],[120.36524,22.67973],[120.36486,22.68017],[120.36499,22.6804],[120.36376,22.67999],[120.36351,22.67847]],[[120.39159,22.73629],[120.39092,22.7375],[120.3904,22.737],[120.39004,22.73744],[120.38897,22.73744],[120.38888,22.73647],[120.39159,22.73629]],[[120.38944,22.7281],[120.38957,22.72987],[120.39,22.73071],[120.38933,22.73004],[120.38944,22.7281]],[[120.38988,22.72512],[120.3899,22.72544],[120.38959,22.72414],[120.38988,22.72512]],[[120.39327,22.71356],[120.39256,22.71394],[120.39252,22.71354],[120.39327,22.71356]],[[120.38835,22.70718],[120.38836,22.70679],[120.38864,22.70726],[120.38835,22.70718]],[[120.38239,22.69934],[120.38432,22.69949],[120.38436,22.69999],[120.38239,22.69934]],[[120.38099,22.69867],[120.38136,22.69903],[120.38093,22.69875],[120.38068,22.69895],[120.38029,22.69878],[120.38099,22.69867]],[[120.37511,22.69731],[120.37521,22.69767],[120.37597,22.69906],[120.37511,22.69813],[120.37511,22.69731]],[[120.37651,22.69705],[120.37699,22.69729],[120.37648,22.6971],[120.37651,22.69705]],[[120.3771,22.69711],[120.37563,22.69625],[120.37715,22.69513],[120.37748,22.69585],[120.3771,22.69711]],[[120.3743,22.69597],[120.37534,22.69727],[120.37433,22.6972],[120.37463,22.69788],[120.3734,22.69706],[120.37302,22.69776],[120.3725,22.69764],[120.37216,22.69692],[120.3737,22.6966],[120.37311,22.69636],[120.3743,22.69597]],[[120.3682,22.69465],[120.36866,22.69527],[120.36907,22.69584],[120.36846,22.69521],[120.3682,22.69465]],[[120.366,22.69413],[120.36619,22.69437],[120.36614,22.69454],[120.366,22.69413]],[[120.37901,22.69346],[120.37802,22.69418],[120.37765,22.69483],[120.37761,22.69358],[120.37817,22.69362],[120.37856,22.69299],[120.37901,22.69346]],[[120.36591,22.68611],[120.36639,22.68689],[120.36546,22.68704],[120.36521,22.68678],[120.36591,22.68611]]],[[[120.38904,22.71208],[120.38896,22.71162],[120.38879,22.71203],[120.38904,22.71208]]],[[[120.38916,22.71245],[120.3897,22.71224],[120.38974,22.71212],[120.38936,22.71214],[120.38916,22.71245]]]]}},{"type":"Feature","properties":{"zone":"山坡地保育區","town":"仁武區"},"geometry":{"type":"MultiPolygon","coordinates":[[[[120.36402,22.67454],[120.36347,22.67526],[120.36348,22.67596],[120.36536,22.67713],[120.36654,22.67886],[120.36623,22.67917],[120.36462,22.67756],[120.3644,22.6781],[120.36351,22.67836],[120.36356,22.67953],[120.36499,22.6804],[120.36486,22.68017],[120.36524,22.67973],[120.36429,22.67928],[120.36532,22.67969],[120.36578,22.67915],[120.36498,22.68032],[120.36656,22.68118],[120.36546,22.68083],[120.36366,22.68138],[120.36493,22.68197],[120.36588,22.68349],[120.36514,22.68329],[120.36488,22.68366],[120.36674,22.68484],[120.36741,22.68419],[120.36846,22.68414],[120.36838,22.6837],[120.36717,22.68344],[120.3668,22.68281],[120.36678,22.67839],[120.36466,22.67561],[120.36407,22.67587],[120.36364,22.67551],[120.3646,22.67543],[120.36465,22.67464],[120.36402,22.67454]],[[120.36638,22.68339],[120.36641,22.68349],[120.36616,22.68349],[120.36638,22.68339]],[[120.36595,22.68332],[120.36595,22.68335],[120.36594,22.68335],[120.36595,22.68332]],[[120.36648,22.68324],[120.3664,22.68329],[120.36642,22.68321],[120.36648,22.68324]],[[120.36564,22.68241],[120.36581,22.68284],[120.36546,22.68264],[120.36564,22.68241]],[[120.36555,22.68119],[120.36603,22.68172],[120.36512,22.68148],[120.36555,22.68119]],[[120.36433,22.6746],[120.36445,22.67462],[120.36433,22.67464],[120.36433,22.6746]]],[[[120.36422,22.68502],[120.36417,22.68572],[120.36514,22.68671],[120.3646,22.6852],[120.36422,22.68502]]],[[[120.36868,22.68505],[120.3677,22.68533],[120.36879,22.68591],[120.36817,22.68573],[120.36752,22.68664],[120.36824,22.68781],[120.36878,22.68792],[120.36999,22.68702],[120.37001,22.68651],[120.36874,22.68565],[120.36868,22.68505]]],[[[120.36587,22.68602],[120.36521,22.68678],[120.36546,22.68704],[120.36639,22.68689],[120.36587,22.68602]]],[[[120.37027,22.68734],[120.37125,22.68806],[120.37118,22.68882],[120.37222,22.68905],[120.3723,22.68983],[120.37169,22.69018],[120.37415,22.69155],[120.37288,22.68981],[120.37252,22.68836],[120.37105,22.68748],[120.37076,22.68677],[120.37027,22.68734]]],[[[120.38436,22.69999],[120.38419,22.69945],[120.38368,22.69951],[120.38267,22.69926],[120.38239,22.69934],[120.38436,22.69999]]],[[[120.3764,22.70037],[120.37625,22.70154],[120.3768,22.70327],[120.37588,22.70331],[120.37549,22.70264],[120.37613,22.70218],[120.37505,22.7019],[120.37351,22.70352],[120.37416,22.70456],[120.3768,22.70695],[120.37799,22.70704],[120.37799,22.70748],[120.3786,22.70728],[120.37844,22.70837],[120.38054,22.70772],[120.38238,22.70629],[120.38035,22.70507],[120.3778,22.70575],[120.37678,22.70535],[120.37688,22.70402],[120.37778,22.70437],[120.37812,22.70407],[120.37873,22.7017],[120.3764,22.70037]],[[120.37507,22.70329],[120.37487,22.70377],[120.37413,22.70355],[120.37434,22.70327],[120.37507,22.70329]]],[[[120.37921,22.69111],[120.37971,22.69164],[120.38062,22.69214],[120.38091,22.69214],[120.38036,22.69187],[120.38055,22.69092],[120.38021,22.6908],[120.38073,22.68978],[120.38081,22.69073],[120.38122,22.69017],[120.38161,22.6906],[120.38112,22.69152],[120.38204,22.69092],[120.3823,22.69122],[120.38156,22.69203],[120.38262,22.69204],[120.38216,22.69234],[120.38266,22.69285],[120.38197,22.69272],[120.38182,22.69344],[120.38331,22.69293],[120.38363,22.6933],[120.38142,22.69407],[120.38024,22.69508],[120.37918,22.6946],[120.37832,22.69543],[120.37845,22.69605],[120.37774,22.69624],[120.37794,22.69652],[120.3787,22.6968],[120.37927,22.69659],[120.3795,22.69767],[120.38078,22.69799],[120.3811,22.69777],[120.38199,22.69792],[120.38217,22.6977],[120.382,22.69794],[120.38126,22.69783],[120.3823,22.69886],[120.38204,22.6994],[120.38267,22.69917],[120.38419,22.69933],[120.38456,22.70019],[120.38596,22.69967],[120.38646,22.70053],[120.38289,22.70087],[120.3802,22.6992],[120.38011,22.69961],[120.38135,22.70078],[120.38438,22.70103],[120.38466,22.70095],[120.38715,22.70267],[120.38808,22.70188],[120.38986,22.70241],[120.39,22.70139],[120.39111,22.70122],[120.39186,22.70054],[120.39265,22.70126],[120.39229,22.70128],[120.39229,22.70247],[120.39302,22.70239],[120.39341,22.70318],[120.3959,22.70262],[120.39631,22.70109],[120.39702,22.70112],[120.39616,22.6991],[120.3959,22.69987],[120.39649,22.70013],[120.39588,22.69991],[120.39572,22.70034],[120.39503,22.69997],[120.39445,22.70057],[120.3928,22.70008],[120.39153,22.70066],[120.3878,22.70082],[120.39051,22.70053],[120.39111,22.69951],[120.39221,22.69916],[120.39279,22.69838],[120.39245,22.69776],[120.39306,22.69747],[120.39323,22.6979],[120.39427,22.69726],[120.39422,22.69638],[120.393,22.69584],[120.39339,22.69546],[120.39304,22.69512],[120.39199,22.69513],[120.3897,22.69672],[120.38666,22.69328],[120.38399,22.69096],[120.38292,22.69094],[120.38125,22.68926],[120.37954,22.68943],[120.37921,22.69111]],[[120.37917,22.69661],[120.37921,22.69653],[120.37937,22.69641],[120.37917,22.69661]],[[120.38766,22.70115],[120.38762,22.70113],[120.38768,22.70112],[120.38766,22.70115]],[[120.38513,22.70105],[120.38511,22.70102],[120.3853,22.70106],[120.38513,22.70105]],[[120.38589,22.70092],[120.3876,22.70112],[120.38562,22.70108],[120.38589,22.70092]],[[120.38137,22.69581],[120.38123,22.69595],[120.38102,22.69585],[120.38137,22.69581]]],[[[120.39619,22.69901],[120.39618,22.69875],[120.396,22.69869],[120.39619,22.69901]]],[[[120.3908,22.70227],[120.38947,22.70315],[120.3878,22.70321],[120.38941,22.70348],[120.39064,22.70305],[120.39086,22.70411],[120.39101,22.70354],[120.39322,22.70446],[120.39354,22.70419],[120.39291,22.703],[120.39105,22.70321],[120.39144,22.70242],[120.3908,22.70227]]],[[[120.3843,22.70486],[120.38404,22.70436],[120.38391,22.70478],[120.3843,22.70486]]],[[[120.38481,22.70406],[120.3842,22.70563],[120.38471,22.70596],[120.38542,22.70577],[120.38607,22.70665],[120.38587,22.70575],[120.38772,22.70524],[120.38602,22.70537],[120.38768,22.70495],[120.38829,22.70466],[120.38982,22.70556],[120.39026,22.7056],[120.38843,22.70456],[120.38687,22.70509],[120.38653,22.70472],[120.38564,22.70547],[120.38506,22.70512],[120.38529,22.70454],[120.38481,22.70406]],[[120.38436,22.70539],[120.38442,22.70507],[120.3846,22.70516],[120.3846,22.70517],[120.38436,22.70539]],[[120.38445,22.70544],[120.38523,22.7054],[120.38558,22.70556],[120.38479,22.70583],[120.38445,22.70544]]],[[[120.3899,22.72544],[120.38979,22.7247],[120.38959,22.72414],[120.3899,22.72544]]],[[[120.39,22.73071],[120.38935,22.72873],[120.38955,22.72825],[120.38944,22.7281],[120.38929,22.72869],[120.38956,22.72997],[120.38933,22.73004],[120.39,22.73071]]]]}},{"type":"Feature","properties":{"zone":"特定專用區","town":"仁武區"},"geometry":{"type":"MultiPolygon","coordinates":[[[[120.36474,22.6745],[120.36378,22.67438],[120.36465,22.67464],[120.36477,22.67591],[120.36586,22.67663],[120.36678,22.67839],[120.3668,22.68281],[120.36714,22.68342],[120.36838,22.6837],[120.36874,22.68565],[120.37252,22.68836],[120.37288,22.68981],[120.37422,22.69134],[120.37438,22.69078],[120.37598,22.69068],[120.37666,22.69096],[120.3769,22.69174],[120.37788,22.69212],[120.37856,22.69174],[120.37965,22.68915],[120.3795,22.68659],[120.37487,22.684],[120.37446,22.68285],[120.37354,22.68243],[120.37373,22.68156],[120.37159,22.6802],[120.37068,22.67809],[120.3699,22.67769],[120.37006,22.67687],[120.36881,22.67663],[120.36826,22.67601],[120.36723,22.67604],[120.36719,22.67523],[120.36652,22.67495],[120.36678,22.67394],[120.36604,22.6728],[120.36474,22.6745]]],[[[120.38029,22.69878],[120.38093,22.69875],[120.38137,22.69899],[120.38099,22.69867],[120.38029,22.69878]]],[[[120.38195,22.70012],[120.38377,22.70069],[120.38448,22.70085],[120.38195,22.70012]]],[[[120.3847,22.70085],[120.38501,22.70084],[120.38468,22.70065],[120.3847,22.70085]]],[[[120.38562,22.70108],[120.38691,22.70108],[120.3876,22.70112],[120.38589,22.70092],[120.38562,22.70108]]],[[[120.3853,22.70106],[120.38511,22.70102],[120.3851,22.70105],[120.3853,22.70106]]],[[[120.38442,22.70507],[120.38436,22.70539],[120.3846,22.70516],[120.38442,22.70507]]],[[[120.38551,22.70552],[120.38523,22.7054],[120.38436,22.70539],[120.38479,22.70583],[120.38551,22.70552]]],[[[120.39492,22.69743],[120.39245,22.69776],[120.39279,22.69838],[120.39221,22.69916],[120.39111,22.69951],[120.39051,22.70053],[120.38822,22.70064],[120.3878,22.70082],[120.39153,22.70066],[120.3928,22.70008],[120.39445,22.70057],[120.39503,22.69997],[120.39648,22.70014],[120.3959,22.69987],[120.39621,22.69895],[120.39492,22.69743]]],[[[120.39686,22.70028],[120.39651,22.7001],[120.39687,22.70028],[120.39686,22.70028]]],[[[120.38762,22.70113],[120.38766,22.70115],[120.38768,22.70112],[120.38762,22.70113]]],[[[120.38836,22.70679],[120.38835,22.70718],[120.38864,22.70726],[120.38836,22.70679]]],[[[120.38124,22.70084],[120.38029,22.70195],[120.3808,22.70249],[120.38049,22.70283],[120.3808,22.70472],[120.38173,22.70531],[120.3842,22.70563],[120.38481,22.70406],[120.38529,22.70454],[120.38506,22.70512],[120.38564,22.70547],[120.38653,22.70472],[120.38687,22.70509],[120.38843,22.70456],[120.39026,22.7056],[120.38836,22.70465],[120.38602,22.70537],[120.38586,22.70552],[120.38706,22.70517],[120.38772,22.70524],[120.38587,22.70575],[120.38611,22.7066],[120.38815,22.70652],[120.3889,22.70713],[120.38852,22.70751],[120.3875,22.70725],[120.38736,22.70771],[120.38769,22.7093],[120.38856,22.70925],[120.38945,22.71056],[120.38844,22.71177],[120.38884,22.71074],[120.38806,22.71111],[120.38819,22.71251],[120.39131,22.71311],[120.39174,22.71208],[120.39152,22.71331],[120.39191,22.71358],[120.393,22.7132],[120.3991,22.7136],[120.40013,22.71278],[120.39973,22.71169],[120.39816,22.71065],[120.3985,22.70919],[120.39803,22.70836],[120.39691,22.70704],[120.39575,22.70655],[120.3933,22.70304],[120.39291,22.703],[120.39347,22.70377],[120.39322,22.70446],[120.39101,22.70354],[120.39096,22.70413],[120.39071,22.70307],[120.38941,22.70348],[120.3878,22.70321],[120.38985,22.70283],[120.38899,22.702],[120.38808,22.70188],[120.38715,22.70267],[120.38466,22.70095],[120.38124,22.70084]],[[120.38944,22.7121],[120.3895,22.71224],[120.38916,22.71245],[120.38944,22.7121]],[[120.38896,22.71162],[120.38904,22.71208],[120.38879,22.71203],[120.38896,22.71162]],[[120.38445,22.7044],[120.3843,22.70486],[120.38391,22.70478],[120.38404,22.70436],[120.38445,22.7044]]],[[[120.39256,22.71394],[120.39327,22.71356],[120.39252,22.71354],[120.39256,22.71394]]],[[[120.39153,22.73606],[120.38888,22.73647],[120.38897,22.73744],[120.39004,22.73744],[120.3904,22.737],[120.39092,22.7375],[120.39153,22.73606]]]]}},{"type":"Feature","properties":{"zone":"特定農業區","town":"仁武區"},"geometry":{"type":"MultiPolygon","coordinates":[[[[120.36602,22.67267],[120.36551,22.67183],[120.36345,22.67422],[120.36347,22.67526],[120.36378,22.67438],[120.36469,22.67455],[120.36602,22.67267]]],[[[120.36355,22.67907],[120.36352,22.67871],[120.36353,22.67928],[120.36355,22.67907]]],[[[120.36357,22.68232],[120.36364,22.68546],[120.36391,22.68558],[120.36479,22.68298],[120.36357,22.68232]]],[[[120.36739,22.68425],[120.36712,22.68511],[120.36722,22.68457],[120.36692,22.6847],[120.36643,22.68604],[120.36688,22.68507],[120.36673,22.68607],[120.36738,22.68525],[120.36708,22.68612],[120.36776,22.68511],[120.36789,22.68432],[120.36739,22.68425]],[[120.3674,22.68455],[120.3674,22.68521],[120.36717,22.68513],[120.3674,22.68455]]],[[[120.36631,22.69397],[120.36612,22.69418],[120.36614,22.69454],[120.36631,22.69397]]],[[[120.3682,22.69465],[120.36846,22.69521],[120.36865,22.69528],[120.36895,22.69582],[120.36907,22.69584],[120.36866,22.69527],[120.36847,22.6952],[120.36845,22.69496],[120.36827,22.69471],[120.3682,22.69465]]]]}},{"type":"Feature","properties":{"zone":"鄉村區","town":"仁武區"},"geometry":{"type":"MultiPolygon","coordinates":[[[[120.37864,22.69301],[120.37817,22.69362],[120.37761,22.69358],[120.37765,22.69483],[120.37901,22.69346],[120.37864,22.69301]]],[[[120.37708,22.69518],[120.37563,22.69625],[120.37699,22.69727],[120.37748,22.69585],[120.37708,22.69518]],[[120.37688,22.69619],[120.37683,22.69635],[120.37671,22.69627],[120.37688,22.69619]]],[[[120.37461,22.69608],[120.37311,22.69636],[120.3737,22.6966],[120.37216,22.69692],[120.3725,22.69764],[120.37302,22.69776],[120.3734,22.69706],[120.37463,22.69788],[120.37433,22.6972],[120.37548,22.69712],[120.37471,22.69669],[120.37461,22.69608]],[[120.37396,22.69654],[120.37381,22.69648],[120.37414,22.69651],[120.37396,22.69654]]],[[[120.37651,22.69705],[120.37648,22.6971],[120.37699,22.69729],[120.37651,22.69705]]],[[[120.37529,22.69729],[120.37511,22.69813],[120.37597,22.69906],[120.37529,22.69729]]],[[[120.37252,22.6979],[120.37218,22.69847],[120.3718,22.6982],[120.37209,22.69862],[120.37252,22.6979]]],[[[120.39172,22.70063],[120.38986,22.70153],[120.38991,22.70276],[120.3908,22.70227],[120.39144,22.70242],[120.39105,22.70321],[120.3933,22.70304],[120.39302,22.70239],[120.39229,22.70247],[120.39229,22.70128],[120.39265,22.70126],[120.39172,22.70063]]]]}},{"type":"Feature","properties":{"zone":"一般農業區","town":"內門區"},"geometry":{"type":"MultiPolygon","coordinates":[[[[120.43652,22.90837],[120.43694,22.90809],[120.43651,22.90819],[120.43652,22.90837]]],[[[120.43782,22.91599],[120.43771,22.91636],[120.43783,22.91649],[120.43774,22.91629],[120.43782,22.91599]]],[[[120.43798,22.91688],[120.43798,22.91698],[120.43802,22.91698],[120.43798,22.91688]]],[[[120.42316,22.91825],[120.42319,22.91817],[120.42312,22.91815],[120.42316,22.91825]]],[[[120.42337,22.91841],[120.42347,22.91826],[120.42331,22.91821],[120.42337,22.91841]]],[[[120.43825,22.91766],[120.43883,22.91871],[120.43887,22.91954],[120.43905,22.91997],[120.43898,22.92112],[120.43911,22.91996],[120.43887,22.91866],[120.43872,22.91828],[120.43825,22.91766]]],[[[120.43602,22.91901],[120.43444,22.91992],[120.43431,22.92015],[120.43602,22.91901]]],[[[120.43358,22.92027],[120.43355,22.92025],[120.43353,22.92027],[120.43358,22.92027]]],[[[120.4378,22.92064],[120.4379,22.92065],[120.438,22.92063],[120.4378,22.92064]]],[[[120.43839,22.92077],[120.43894,22.92112],[120.43896,22.9211],[120.43872,22.92094],[120.43839,22.92077]]],[[[120.43531,22.92127],[120.43692,22.92114],[120.43717,22.92085],[120.43584,22.92079],[120.43531,22.92127]],[[120.43614,22.92102],[120.43617,22.92096],[120.43628,22.92096],[120.43614,22.92102]]],[[[120.43893,22.92112],[120.43896,22.92113],[120.43894,22.92112],[120.43893,22.92112]]],[[[120.43907,22.92122],[120.43896,22.92113],[120.43921,22.92142],[120.43907,22.92122]]],[[[120.43416,22.92144],[120.43409,22.92184],[120.43441,22.92143],[120.43416,22.92144]]],[[[120.43628,22.92165],[120.43608,22.92173],[120.43633,22.92168],[120.43628,22.92165]]],[[[120.43403,22.92197],[120.43306,22.92348],[120.4332,22.92367],[120.43403,22.92197]]],[[[120.43292,22.92351],[120.43259,22.92338],[120.43263,22.92364],[120.43292,22.92351]]],[[[120.44179,22.9256],[120.44161,22.92603],[120.44216,22.92585],[120.44179,22.9256]]],[[[120.43058,22.92993],[120.43041,22.93037],[120.4306,22.93027],[120.43058,22.92993]]],[[[120.44062,22.93138],[120.44046,22.93123],[120.44044,22.93153],[120.44062,22.93138]]],[[[120.44482,22.94829],[120.4448,22.94871],[120.44496,22.94865],[120.44482,22.94829]]],[[[120.44447,22.95017],[120.44404,22.95093],[120.4445,22.95053],[120.44447,22.95017]]],[[[120.44557,22.95061],[120.44506,22.95042],[120.44493,22.95075],[120.44557,22.95061]]],[[[120.45654,22.91727],[120.45651,22.9173],[120.45657,22.91732],[120.45654,22.91727]]],[[[120.45662,22.91736],[120.45643,22.91734],[120.4564,22.91744],[120.45662,22.91736]]],[[[120.45614,22.91736],[120.45635,22.91743],[120.4563,22.9173],[120.45614,22.91736]]],[[[120.45488,22.91794],[120.45472,22.918],[120.45498,22.91793],[120.45488,22.91794]]],[[[120.45403,22.91826],[120.45471,22.91803],[120.45367,22.91837],[120.45403,22.91826]]],[[[120.4466,22.90736],[120.44564,22.90805],[120.44328,22.90775],[120.44251,22.90822],[120.44288,22.9091],[120.44496,22.9108],[120.44375,22.91147],[120.44228,22.91059],[120.44148,22.91091],[120.44172,22.91268],[120.4426,22.91223],[120.44278,22.91239],[120.44209,22.91252],[120.44092,22.91398],[120.44182,22.91792],[120.44137,22.91966],[120.442,22.9206],[120.43932,22.92144],[120.43988,22.92236],[120.43994,22.92444],[120.44268,22.9258],[120.44246,22.92715],[120.44332,22.92961],[120.44268,22.93124],[120.44294,22.93153],[120.44205,22.93206],[120.44292,22.93217],[120.44242,22.93243],[120.44275,22.93321],[120.44132,22.93452],[120.44241,22.9345],[120.44234,22.93369],[120.44383,22.93353],[120.4436,22.93254],[120.4445,22.93247],[120.44386,22.93199],[120.44386,22.93157],[120.4447,22.93193],[120.44568,22.93073],[120.44624,22.93111],[120.44666,22.93013],[120.44741,22.93035],[120.44754,22.92932],[120.44877,22.92972],[120.44906,22.92897],[120.45035,22.92842],[120.45049,22.9284],[120.45092,22.92909],[120.45224,22.92827],[120.45282,22.92851],[120.45328,22.92772],[120.45284,22.92691],[120.45391,22.92671],[120.4555,22.92543],[120.45517,22.92489],[120.45614,22.92388],[120.45667,22.92389],[120.45679,22.92287],[120.45729,22.92246],[120.45807,22.92285],[120.45803,22.92235],[120.45822,22.92219],[120.45988,22.92239],[120.45918,22.92123],[120.45825,22.921],[120.45627,22.91936],[120.45827,22.92097],[120.45916,22.92115],[120.4599,22.92237],[120.46006,22.92212],[120.45891,22.92026],[120.45754,22.91947],[120.45806,22.91859],[120.46078,22.9165],[120.46083,22.91596],[120.46021,22.91546],[120.45942,22.91625],[120.45844,22.91679],[120.45744,22.91712],[120.45815,22.91775],[120.45771,22.91821],[120.45727,22.918],[120.45748,22.91744],[120.45646,22.91778],[120.45636,22.91866],[120.45615,22.91828],[120.45559,22.91816],[120.45517,22.91822],[120.45521,22.91789],[120.45323,22.91854],[120.45368,22.91832],[120.45279,22.9171],[120.45423,22.91671],[120.45431,22.9162],[120.45617,22.91665],[120.4569,22.91597],[120.45742,22.91708],[120.46009,22.91553],[120.45642,22.91392],[120.45557,22.91468],[120.45482,22.91443],[120.45557,22.91203],[120.45476,22.91111],[120.45311,22.91149],[120.45151,22.91096],[120.45058,22.91175],[120.44981,22.91094],[120.44961,22.90923],[120.44871,22.91036],[120.44731,22.91052],[120.44669,22.90951],[120.44691,22.90777],[120.4466,22.90736]],[[120.45786,22.91704],[120.45792,22.91705],[120.45782,22.91709],[120.45786,22.91704]],[[120.45162,22.92602],[120.45198,22.92583],[120.45168,22.9261],[120.45162,22.92602]],[[120.45469,22.9227],[120.45477,22.92267],[120.45474,22.92273],[120.45469,22.9227]],[[120.45456,22.92264],[120.45465,22.9226],[120.45461,22.92266],[120.45456,22.92264]],[[120.45803,22.92055],[120.45808,22.92062],[120.45814,22.92073],[120.45803,22.92055]],[[120.45377,22.9198],[120.45331,22.92035],[120.4531,22.92038],[120.45286,22.92034],[120.45377,22.9198]],[[120.45187,22.91955],[120.45162,22.92019],[120.45245,22.92043],[120.4514,22.92105],[120.45161,22.92153],[120.45121,22.92181],[120.45099,22.92115],[120.45143,22.92071],[120.45064,22.91968],[120.45093,22.9196],[120.45134,22.9193],[120.45187,22.91955]],[[120.45582,22.91861],[120.45605,22.9191],[120.45566,22.91879],[120.45582,22.91861]],[[120.4517,22.91875],[120.45144,22.91917],[120.4507,22.91961],[120.45063,22.91842],[120.45133,22.91832],[120.4517,22.91875]],[[120.45402,22.91832],[120.45307,22.91939],[120.45262,22.91881],[120.45402,22.91832]],[[120.45479,22.91824],[120.45564,22.9189],[120.45447,22.91909],[120.45443,22.92082],[120.45437,22.92099],[120.45421,22.92128],[120.45415,22.92134],[120.45445,22.91903],[120.45485,22.91895],[120.45479,22.91824]],[[120.45464,22.91812],[120.45414,22.91856],[120.45405,22.91831],[120.45464,22.91812]],[[120.45542,22.91821],[120.45599,22.91848],[120.45587,22.91862],[120.45542,22.91821]],[[120.45516,22.91795],[120.45513,22.91844],[120.45471,22.91811],[120.45516,22.91795]]],[[[120.44583,22.93459],[120.44644,22.93486],[120.4466,22.93483],[120.44583,22.93459]]],[[[120.44715,22.935],[120.44671,22.93486],[120.44703,22.93498],[120.44715,22.935]]],[[[120.44963,22.93428],[120.44766,22.93517],[120.44733,22.93505],[120.44691,22.93543],[120.44771,22.93689],[120.44969,22.93765],[120.45107,22.93685],[120.45194,22.9372],[120.45168,22.93708],[120.45118,22.93574],[120.44963,22.93428]]],[[[120.45821,22.92289],[120.45698,22.9228],[120.45683,22.92386],[120.45533,22.92482],[120.4556,22.9256],[120.45415,22.92672],[120.45303,22.92692],[120.45334,22.92771],[120.45289,22.92855],[120.4522,22.9284],[120.45085,22.92917],[120.45033,22.92853],[120.44912,22.92923],[120.44883,22.92992],[120.44765,22.92947],[120.44751,22.9305],[120.44689,22.93025],[120.44626,22.93127],[120.44579,22.93088],[120.44474,22.9321],[120.44408,22.93166],[120.4439,22.93195],[120.44468,22.93245],[120.44386,22.93271],[120.44453,22.93369],[120.44339,22.93404],[120.4438,22.93484],[120.44541,22.93376],[120.4456,22.93329],[120.44622,22.93228],[120.44651,22.93155],[120.44741,22.93112],[120.4487,22.93091],[120.44902,22.93044],[120.4498,22.93027],[120.44876,22.93103],[120.44659,22.93161],[120.4462,22.93258],[120.44544,22.93378],[120.44499,22.93419],[120.44765,22.93514],[120.44957,22.9342],[120.45122,22.93574],[120.45196,22.93716],[120.4527,22.93641],[120.45246,22.93617],[120.45253,22.93581],[120.45334,22.93437],[120.45396,22.93379],[120.45469,22.93364],[120.45423,22.93296],[120.45424,22.93257],[120.45454,22.93203],[120.45498,22.93163],[120.45483,22.93134],[120.45491,22.93093],[120.45549,22.93092],[120.45569,22.93034],[120.45762,22.92963],[120.45807,22.92966],[120.45869,22.93007],[120.45768,22.92973],[120.45573,22.93041],[120.45551,22.93098],[120.45492,22.93102],[120.45512,22.93151],[120.4543,22.93283],[120.45479,22.93364],[120.45347,22.93436],[120.45258,22.93584],[120.45278,22.93641],[120.45206,22.93728],[120.45241,22.93753],[120.45315,22.93906],[120.45423,22.93977],[120.45344,22.94431],[120.4536,22.94567],[120.4522,22.94682],[120.45127,22.94825],[120.45144,22.94873],[120.4512,22.94815],[120.45181,22.94723],[120.45214,22.94673],[120.45353,22.9456],[120.45338,22.94425],[120.45386,22.93969],[120.45166,22.93885],[120.45105,22.93922],[120.45173,22.93957],[120.45095,22.93994],[120.45238,22.94271],[120.45156,22.94472],[120.45168,22.94567],[120.45206,22.94591],[120.45226,22.94612],[120.45168,22.94571],[120.45111,22.94738],[120.44964,22.94748],[120.4488,22.94805],[120.44677,22.95286],[120.44949,22.95225],[120.45023,22.95109],[120.4504,22.95093],[120.45077,22.95079],[120.45081,22.95064],[120.45088,22.95053],[120.45096,22.95044],[120.45112,22.95035],[120.45326,22.95007],[120.453,22.95042],[120.45112,22.95037],[120.45079,22.9508],[120.45025,22.9511],[120.44958,22.95219],[120.4505,22.95296],[120.45125,22.95287],[120.45393,22.95137],[120.45405,22.95073],[120.45368,22.95053],[120.45332,22.95016],[120.45335,22.95005],[120.45408,22.95071],[120.45406,22.95105],[120.45483,22.951],[120.45589,22.94955],[120.45757,22.94921],[120.45806,22.94968],[120.45827,22.94844],[120.45889,22.94857],[120.46061,22.94948],[120.46114,22.9489],[120.46302,22.95039],[120.46294,22.95055],[120.46247,22.95046],[120.46247,22.95083],[120.46182,22.95281],[120.46175,22.95346],[120.46278,22.95336],[120.46393,22.95257],[120.4643,22.95075],[120.46522,22.95011],[120.46606,22.9469],[120.46804,22.94651],[120.47118,22.94358],[120.47119,22.94225],[120.46946,22.94124],[120.46936,22.93965],[120.46809,22.93797],[120.46807,22.93641],[120.46635,22.9362],[120.46543,22.93481],[120.46463,22.93458],[120.46431,22.9333],[120.46508,22.93221],[120.46427,22.93078],[120.46296,22.93055],[120.46249,22.93006],[120.46193,22.92589],[120.45992,22.92438],[120.45937,22.92324],[120.45986,22.92251],[120.45832,22.92225],[120.45821,22.92289]],[[120.4651,22.94441],[120.46453,22.94477],[120.4642,22.94443],[120.46497,22.94406],[120.4651,22.94441]],[[120.46133,22.9419],[120.46047,22.94243],[120.46025,22.94219],[120.4611,22.94154],[120.46133,22.9419]],[[120.45912,22.94048],[120.45988,22.94031],[120.46023,22.94057],[120.45912,22.94048]],[[120.46277,22.94051],[120.46293,22.94007],[120.46316,22.94006],[120.46305,22.94034],[120.46277,22.94051]],[[120.46439,22.93625],[120.46459,22.93746],[120.46458,22.93759],[120.46483,22.93779],[120.46491,22.93805],[120.46504,22.93816],[120.46525,22.93802],[120.46557,22.93809],[120.46584,22.93838],[120.46586,22.93874],[120.46554,22.93915],[120.46559,22.9393],[120.46553,22.93966],[120.46578,22.93974],[120.46621,22.94023],[120.46622,22.9407],[120.46671,22.94099],[120.46672,22.94158],[120.46549,22.93965],[120.46552,22.93913],[120.46584,22.93872],[120.46581,22.93835],[120.46501,22.93816],[120.46489,22.93805],[120.46481,22.9378],[120.46456,22.93759],[120.46441,22.93704],[120.46432,22.93635],[120.46439,22.93625]],[[120.45893,22.93021],[120.46154,22.93628],[120.46146,22.93814],[120.46187,22.93825],[120.46144,22.9391],[120.46211,22.93903],[120.46237,22.93923],[120.46165,22.93965],[120.46158,22.94036],[120.46285,22.94165],[120.46382,22.94152],[120.46318,22.94225],[120.46311,22.94364],[120.46338,22.9446],[120.46415,22.94495],[120.46414,22.94577],[120.46333,22.94491],[120.46363,22.94584],[120.46296,22.945],[120.46248,22.94522],[120.46182,22.94429],[120.46257,22.94389],[120.46165,22.94273],[120.46199,22.94123],[120.45996,22.94105],[120.46055,22.94012],[120.45968,22.93982],[120.45973,22.93916],[120.46076,22.93887],[120.46148,22.93622],[120.45893,22.93021]],[[120.45863,22.92933],[120.458,22.92872],[120.45768,22.92822],[120.45803,22.9287],[120.45863,22.92933]],[[120.45645,22.92617],[120.45677,22.92668],[120.45734,22.92761],[120.45729,22.92758],[120.45645,22.92617]],[[120.4598,22.92599],[120.4596,22.92581],[120.45972,22.92577],[120.4598,22.92599]]],[[[120.45174,22.93822],[120.45066,22.93857],[120.45077,22.93938],[120.45166,22.93882],[120.45317,22.93913],[120.45202,22.93731],[120.45174,22.93822]]],[[[120.44752,22.94045],[120.45052,22.93984],[120.45061,22.9392],[120.44934,22.93893],[120.44881,22.9391],[120.44867,22.93945],[120.44772,22.93913],[120.44752,22.94045]],[[120.4491,22.93981],[120.44873,22.9397],[120.44905,22.93965],[120.4491,22.93981]],[[120.44831,22.93965],[120.44838,22.93955],[120.44848,22.93965],[120.44831,22.93965]],[[120.44987,22.93946],[120.45015,22.93917],[120.45015,22.93948],[120.44987,22.93946]],[[120.44949,22.93903],[120.44937,22.93953],[120.44887,22.93917],[120.44949,22.93903]]],[[[120.46085,22.94018],[120.46085,22.93976],[120.46033,22.93976],[120.46072,22.93985],[120.46085,22.94018]]],[[[120.44585,22.95019],[120.44575,22.95008],[120.44549,22.95019],[120.44585,22.95019]]],[[[120.44564,22.95054],[120.44653,22.9508],[120.44663,22.95063],[120.44595,22.9502],[120.44564,22.95054]]],[[[120.45805,22.94989],[120.45738,22.95006],[120.4579,22.95085],[120.4575,22.95087],[120.45719,22.95217],[120.45785,22.95226],[120.45781,22.95297],[120.45976,22.95298],[120.46035,22.95269],[120.46016,22.95232],[120.46042,22.95264],[120.46177,22.95191],[120.46208,22.95194],[120.46242,22.95046],[120.46297,22.95048],[120.46125,22.94912],[120.46068,22.94959],[120.45897,22.94864],[120.45835,22.94865],[120.45805,22.94989]],[[120.45961,22.95251],[120.45971,22.95274],[120.45936,22.95228],[120.45961,22.95251]]],[[[120.45692,22.95249],[120.45705,22.95303],[120.4575,22.95283],[120.45756,22.95247],[120.45692,22.95249]]],[[[120.46206,22.95199],[120.46026,22.95287],[120.46055,22.95376],[120.46171,22.95349],[120.46176,22.95291],[120.46206,22.95199]]],[[[120.45727,22.95334],[120.45943,22.95331],[120.45958,22.95301],[120.45727,22.95334]]],[[[120.45638,22.95329],[120.45638,22.95353],[120.45652,22.95351],[120.45638,22.95329]]],[[[120.45647,22.95363],[120.45658,22.95378],[120.45663,22.95375],[120.45647,22.95363]]],[[[120.4497,22.95392],[120.44999,22.95491],[120.45067,22.95384],[120.4497,22.95392]]],[[[120.45116,22.96775],[120.45065,22.96788],[120.45092,22.9682],[120.45116,22.96775]]],[[[120.45995,22.92096],[120.46043,22.9219],[120.4597,22.92326],[120.46081,22.92481],[120.46209,22.92566],[120.46299,22.93036],[120.46442,22.93056],[120.46544,22.9323],[120.46512,22.9327],[120.46629,22.93283],[120.467,22.93453],[120.4693,22.9368],[120.46928,22.93726],[120.47074,22.9372],[120.47104,22.93667],[120.4702,22.93143],[120.47219,22.92954],[120.4714,22.92954],[120.47082,22.92848],[120.47088,22.92519],[120.46885,22.9241],[120.46801,22.92467],[120.46758,22.9244],[120.46754,22.92495],[120.467,22.92481],[120.46769,22.9237],[120.46853,22.92324],[120.46904,22.92362],[120.4701,22.92243],[120.47122,22.92239],[120.46982,22.92193],[120.46955,22.9214],[120.47008,22.92107],[120.46929,22.92073],[120.46416,22.9208],[120.46292,22.91991],[120.46321,22.91922],[120.46238,22.91913],[120.46192,22.91798],[120.46009,22.91743],[120.45794,22.91931],[120.45995,22.92096]],[[120.46636,22.92923],[120.46707,22.92963],[120.46682,22.92979],[120.46636,22.92923]]],[[[120.47204,22.93207],[120.47231,22.93178],[120.47244,22.93174],[120.47197,22.93172],[120.47204,22.93207]]],[[[120.47169,22.93404],[120.47213,22.93407],[120.47148,22.93406],[120.47169,22.93404]]],[[[120.46144,22.93881],[120.46144,22.93847],[120.46142,22.9388],[120.46144,22.93881]]],[[[120.46162,22.94073],[120.46161,22.94076],[120.46166,22.9407],[120.46162,22.94073]]],[[[120.4628,22.94342],[120.46264,22.94346],[120.46267,22.9435],[120.4628,22.94342]]],[[[120.46372,22.94506],[120.46345,22.94483],[120.46334,22.94462],[120.46372,22.94506]]],[[[120.47268,22.94991],[120.47236,22.94953],[120.47244,22.95003],[120.47268,22.94991]]],[[[120.4796,22.95029],[120.47832,22.95033],[120.47845,22.95071],[120.4796,22.95029]]],[[[120.4622,22.95379],[120.46242,22.95473],[120.46174,22.95493],[120.46197,22.9563],[120.46117,22.95499],[120.46107,22.95583],[120.46026,22.95624],[120.45982,22.95588],[120.4604,22.95527],[120.45873,22.9555],[120.45907,22.9563],[120.45856,22.95681],[120.45987,22.95708],[120.46131,22.95874],[120.46095,22.95988],[120.46132,22.96124],[120.46061,22.96166],[120.46131,22.96402],[120.46038,22.96527],[120.46088,22.96561],[120.46122,22.96504],[120.46185,22.96481],[120.46154,22.96537],[120.46238,22.96502],[120.46202,22.9644],[120.46327,22.96212],[120.4641,22.9619],[120.46452,22.96094],[120.4651,22.96139],[120.46635,22.96062],[120.46677,22.95917],[120.46761,22.95849],[120.46684,22.95859],[120.46682,22.95751],[120.46641,22.95788],[120.46587,22.95673],[120.46451,22.95636],[120.46334,22.95453],[120.46353,22.95377],[120.4622,22.95379]]],[[[120.46115,22.96584],[120.46126,22.96572],[120.46125,22.9657],[120.46115,22.96584]]],[[[120.46676,22.96599],[120.4672,22.96647],[120.4683,22.96634],[120.46768,22.96586],[120.46676,22.96599]]],[[[120.46629,22.97855],[120.46643,22.9775],[120.46731,22.97811],[120.46733,22.97802],[120.46641,22.97747],[120.46629,22.97855]]],[[[120.46753,22.97869],[120.46756,22.97847],[120.46735,22.97811],[120.46753,22.97869]]],[[[120.46948,22.97851],[120.46833,22.97871],[120.46928,22.97859],[120.46948,22.97851]]],[[[120.46781,22.97908],[120.46782,22.97904],[120.46759,22.97875],[120.46781,22.97908]]],[[[120.47707,22.98976],[120.47739,22.98942],[120.47698,22.98959],[120.47707,22.98976]]],[[[120.46546,22.9926],[120.46556,22.99266],[120.46622,22.99266],[120.46546,22.9926]]],[[[120.46636,22.99262],[120.46678,22.99285],[120.4668,22.99274],[120.46636,22.99262]]],[[[120.46699,22.99313],[120.46691,22.99299],[120.46681,22.99289],[120.46699,22.99313]]],[[[120.46853,22.99662],[120.46821,22.9962],[120.46815,22.99658],[120.46853,22.99662]]]]}},{"type":"Feature","properties":{"zone":"山坡地保育區","town":"內門區"},"geometry":{"type":"MultiPolygon","coordinates":[[[[120.4328,22.89323],[120.43307,22.89302],[120.43273,22.89311],[120.4328,22.89323]]],[[[120.42578,22.89382],[120.42453,22.89333],[120.42433,22.89343],[120.42578,22.89382]]],[[[120.42283,22.89358],[120.42313,22.89421],[120.42326,22.89411],[120.42332,22.8942],[120.42378,22.89403],[120.42283,22.89358]]],[[[120.42431,22.89475],[120.42426,22.89401],[120.42435,22.89384],[120.42419,22.89366],[120.42386,22.89404],[120.42404,22.89414],[120.42431,22.89475]]],[[[120.42287,22.89436],[120.4232,22.89481],[120.42326,22.89476],[120.42287,22.89436]]],[[[120.42803,22.89512],[120.42791,22.89507],[120.42796,22.89518],[120.42803,22.89512]]],[[[120.43039,22.90048],[120.43055,22.90063],[120.43055,22.90041],[120.43039,22.90048]]],[[[120.43076,22.90086],[120.43066,22.90072],[120.43063,22.90076],[120.43076,22.90086]]],[[[120.43128,22.90111],[120.43145,22.9013],[120.43176,22.90139],[120.43206,22.90155],[120.43128,22.90111]]],[[[120.41941,22.91333],[120.41994,22.91456],[120.4207,22.91495],[120.42008,22.91415],[120.41959,22.91337],[120.41871,22.91275],[120.41941,22.91333]]],[[[120.4293,22.91576],[120.42837,22.91623],[120.4277,22.91705],[120.42818,22.91694],[120.42843,22.91648],[120.42919,22.91595],[120.42949,22.91579],[120.4296,22.9158],[120.4293,22.91576]]],[[[120.4298,22.91625],[120.42949,22.91581],[120.42828,22.9169],[120.42797,22.91711],[120.42773,22.91711],[120.42828,22.9177],[120.42882,22.91765],[120.42912,22.91796],[120.42947,22.91767],[120.42925,22.9167],[120.42843,22.91685],[120.4298,22.91625]],[[120.42906,22.91707],[120.42865,22.91749],[120.42863,22.91748],[120.42906,22.91707]]],[[[120.4304,22.9159],[120.42989,22.91856],[120.43113,22.91951],[120.43141,22.9201],[120.43159,22.91994],[120.43184,22.91987],[120.43431,22.92015],[120.43444,22.91992],[120.43515,22.91927],[120.43569,22.91898],[120.43602,22.91901],[120.43438,22.92017],[120.43719,22.92047],[120.43735,22.92067],[120.43729,22.92011],[120.43799,22.91984],[120.43707,22.91918],[120.43723,22.91859],[120.43579,22.91842],[120.43563,22.91834],[120.43567,22.91792],[120.43479,22.91841],[120.43343,22.91745],[120.43332,22.91775],[120.43313,22.91784],[120.43193,22.91764],[120.43125,22.91684],[120.43079,22.91553],[120.42979,22.91559],[120.4304,22.9159]]],[[[120.4294,22.91844],[120.42986,22.91912],[120.42984,22.91988],[120.43108,22.91981],[120.43121,22.92003],[120.43139,22.92015],[120.43108,22.91954],[120.42984,22.91871],[120.42978,22.91803],[120.42917,22.91836],[120.4294,22.91844]]],[[[120.425,22.91976],[120.4251,22.9197],[120.42503,22.91966],[120.425,22.91976]]],[[[120.43617,22.92096],[120.43614,22.92102],[120.43628,22.92096],[120.43617,22.92096]]],[[[120.42706,22.92118],[120.42688,22.92114],[120.42698,22.92127],[120.42706,22.92118]]],[[[120.42741,22.92168],[120.42781,22.92154],[120.42748,22.92139],[120.42741,22.92168]]],[[[120.42063,22.92385],[120.42019,22.9235],[120.41988,22.92342],[120.42036,22.92416],[120.42063,22.92385]]],[[[120.42136,22.92434],[120.42107,22.92412],[120.42153,22.92458],[120.42136,22.92434]]],[[[120.42918,22.92429],[120.42972,22.92448],[120.42944,22.92469],[120.42977,22.92509],[120.42988,22.92438],[120.42918,22.92429]]],[[[120.42848,22.92493],[120.42847,22.92517],[120.42899,22.92503],[120.42848,22.92493]]],[[[120.42953,22.92551],[120.42954,22.92552],[120.42953,22.92551],[120.42953,22.92551]]],[[[120.42959,22.92534],[120.42967,22.92573],[120.42974,22.92568],[120.42959,22.92534]]],[[[120.43068,22.92554],[120.42998,22.92563],[120.43045,22.92573],[120.43068,22.92554]]],[[[120.42978,22.92563],[120.42979,22.92565],[120.42978,22.92563],[120.42978,22.92563]]],[[[120.42967,22.92573],[120.42961,22.92565],[120.42967,22.92579],[120.42967,22.92573]]],[[[120.42975,22.92593],[120.42967,22.9258],[120.42963,22.92603],[120.42975,22.92593]]],[[[120.43009,22.92598],[120.4299,22.92591],[120.43003,22.92613],[120.43009,22.92598]]],[[[120.42957,22.9261],[120.42829,22.92652],[120.42805,22.9273],[120.42844,22.92739],[120.42891,22.92643],[120.42973,22.92648],[120.42957,22.9261]]],[[[120.42839,22.92822],[120.42806,22.928],[120.42804,22.92814],[120.42839,22.92822]]],[[[120.42892,22.92915],[120.42857,22.92925],[120.42869,22.92933],[120.42892,22.92915]]],[[[120.43115,22.93565],[120.43061,22.93587],[120.43119,22.93572],[120.43115,22.93565]]],[[[120.43279,22.93811],[120.43307,22.93795],[120.43334,22.93777],[120.43279,22.93811]]],[[[120.42986,22.94264],[120.42956,22.94274],[120.42972,22.94239],[120.42952,22.94208],[120.42903,22.94192],[120.42889,22.94234],[120.42927,22.942],[120.42951,22.94297],[120.4289,22.94279],[120.42936,22.9431],[120.42976,22.943],[120.42986,22.94264]]],[[[120.43937,22.94586],[120.43923,22.94605],[120.4394,22.94606],[120.43937,22.94586]]],[[[120.43883,22.94595],[120.43895,22.94597],[120.43899,22.9459],[120.43883,22.94595]]],[[[120.43818,22.94633],[120.43832,22.94676],[120.43878,22.94688],[120.43818,22.94633]]],[[[120.44147,22.95082],[120.44167,22.95092],[120.44161,22.95079],[120.44147,22.95082]]],[[[120.4522,22.88714],[120.45214,22.88708],[120.45222,22.8872],[120.4522,22.88714]]],[[[120.45213,22.88706],[120.45201,22.88738],[120.45226,22.88751],[120.45213,22.88706]]],[[[120.44451,22.89575],[120.44456,22.89553],[120.44443,22.8956],[120.44451,22.89575]]],[[[120.44937,22.93953],[120.44927,22.939],[120.44887,22.93917],[120.44937,22.93953]]],[[[120.45015,22.93917],[120.44987,22.93946],[120.45015,22.93948],[120.45015,22.93917]]],[[[120.45105,22.93922],[120.45095,22.93994],[120.45173,22.93957],[120.45105,22.93922]]],[[[120.44847,22.9396],[120.44831,22.93965],[120.44848,22.93965],[120.44847,22.9396]]],[[[120.44873,22.93987],[120.449,22.93964],[120.4487,22.93974],[120.44873,22.93987]]],[[[120.44279,22.93388],[120.44281,22.93471],[120.4406,22.9351],[120.44142,22.93581],[120.44065,22.93688],[120.44099,22.93671],[120.44151,22.93675],[120.44173,22.93819],[120.44136,22.93897],[120.43993,22.93911],[120.44073,22.94039],[120.4385,22.94103],[120.43757,22.94242],[120.4377,22.94336],[120.43851,22.94423],[120.43933,22.9432],[120.43924,22.9436],[120.44133,22.94454],[120.44116,22.94532],[120.44046,22.94539],[120.44078,22.94641],[120.44029,22.94586],[120.43967,22.94662],[120.44032,22.94621],[120.44065,22.94647],[120.44092,22.94646],[120.44057,22.94547],[120.44126,22.94544],[120.4419,22.94493],[120.44143,22.94663],[120.44239,22.94721],[120.44139,22.95],[120.44343,22.95011],[120.44369,22.94924],[120.44354,22.94899],[120.4437,22.94815],[120.444,22.94773],[120.44366,22.9499],[120.4445,22.95053],[120.44404,22.95093],[120.44384,22.95049],[120.44369,22.9511],[120.44301,22.95097],[120.44295,22.95052],[120.44251,22.9521],[120.44303,22.95236],[120.44378,22.95308],[120.44395,22.95289],[120.44414,22.95285],[120.44553,22.95322],[120.44634,22.95293],[120.44674,22.95286],[120.44763,22.9506],[120.44661,22.95011],[120.44678,22.94977],[120.44622,22.94984],[120.4459,22.94877],[120.44776,22.95002],[120.44876,22.94803],[120.45122,22.94724],[120.45168,22.94591],[120.45089,22.94567],[120.45161,22.94569],[120.4515,22.9447],[120.45238,22.94303],[120.45137,22.94037],[120.45066,22.93988],[120.45023,22.9409],[120.44974,22.94104],[120.44927,22.94199],[120.44887,22.94238],[120.44963,22.94398],[120.44914,22.94415],[120.44858,22.94311],[120.44884,22.94237],[120.44973,22.941],[120.45018,22.94089],[120.45042,22.93993],[120.44809,22.94023],[120.44763,22.94057],[120.44736,22.94221],[120.44696,22.94259],[120.44688,22.94259],[120.44694,22.94306],[120.44687,22.94324],[120.44671,22.94359],[120.44623,22.94419],[120.44683,22.94258],[120.4473,22.94222],[120.44748,22.93929],[120.44867,22.93945],[120.44879,22.93909],[120.44934,22.93891],[120.45061,22.93916],[120.45061,22.93853],[120.45207,22.93788],[120.45166,22.93759],[120.45195,22.93727],[120.45108,22.93689],[120.44979,22.93768],[120.44853,22.93755],[120.44689,22.93546],[120.4463,22.93591],[120.44618,22.93589],[120.44584,22.93567],[120.4456,22.93545],[120.44535,22.93505],[120.44455,22.93518],[120.44536,22.935],[120.44631,22.93587],[120.44732,22.93506],[120.44507,22.93433],[120.44328,22.93513],[120.44286,22.93564],[120.44202,22.93848],[120.44154,22.9392],[120.44186,22.93958],[120.44182,22.94002],[120.44319,22.94089],[120.44453,22.93965],[120.44516,22.9393],[120.44587,22.93908],[120.44604,22.93892],[120.44628,22.93888],[120.44646,22.93897],[120.44669,22.93891],[120.44687,22.93891],[120.44749,22.93905],[120.44767,22.939],[120.44748,22.93908],[120.44604,22.93895],[120.44587,22.9391],[120.44454,22.93967],[120.44359,22.94069],[120.44321,22.94091],[120.44297,22.94095],[120.44277,22.94247],[120.44293,22.942],[120.44333,22.94181],[120.44315,22.94242],[120.44377,22.94173],[120.44387,22.94212],[120.4431,22.94302],[120.44276,22.94271],[120.44224,22.9431],[120.44245,22.94351],[120.44309,22.94366],[120.44351,22.94414],[120.44243,22.94357],[120.44196,22.94463],[120.44192,22.94466],[120.44149,22.9446],[120.44192,22.94459],[120.4424,22.94356],[120.44218,22.94344],[120.44193,22.94152],[120.4427,22.94186],[120.44293,22.94092],[120.44169,22.94001],[120.4415,22.93919],[120.44283,22.93562],[120.44327,22.93511],[120.44396,22.93464],[120.44279,22.93388]],[[120.44503,22.9508],[120.44525,22.95039],[120.44557,22.95061],[120.44503,22.9508]],[[120.44595,22.9502],[120.44653,22.9508],[120.44564,22.95054],[120.44595,22.9502]],[[120.44554,22.95013],[120.44585,22.95019],[120.44549,22.95019],[120.44554,22.95013]],[[120.44465,22.94849],[120.44496,22.94865],[120.4448,22.94871],[120.44465,22.94849]],[[120.44606,22.94789],[120.44596,22.94814],[120.44535,22.94801],[120.44606,22.94789]],[[120.44903,22.94563],[120.4507,22.94583],[120.44982,22.9461],[120.44931,22.94599],[120.44925,22.94596],[120.44926,22.94587],[120.44903,22.94564],[120.44881,22.94579],[120.44861,22.94565],[120.44845,22.94594],[120.44824,22.94602],[120.44797,22.94602],[120.44793,22.94621],[120.44771,22.94647],[120.445,22.94653],[120.44575,22.94596],[120.44595,22.94596],[120.44625,22.94641],[120.4477,22.94645],[120.44796,22.94601],[120.4486,22.94563],[120.44903,22.94563]],[[120.4445,22.94325],[120.44429,22.94378],[120.44409,22.94388],[120.4442,22.94325],[120.44425,22.9437],[120.4445,22.94325]],[[120.44833,22.94216],[120.44834,22.94229],[120.44828,22.94226],[120.44833,22.94216]],[[120.44311,22.93939],[120.44304,22.93922],[120.44313,22.93938],[120.44311,22.93939]]],[[[120.44589,22.94604],[120.44571,22.94644],[120.44609,22.94638],[120.44589,22.94604]]],[[[120.44685,22.9497],[120.44667,22.94957],[120.44654,22.94957],[120.44685,22.9497]]],[[[120.4438,22.95043],[120.44366,22.95004],[120.44349,22.95019],[120.4438,22.95043]]],[[[120.44324,22.95053],[120.44311,22.95031],[120.44298,22.95039],[120.44324,22.95053]]],[[[120.44205,22.95161],[120.44205,22.952],[120.4423,22.95195],[120.44225,22.95189],[120.44205,22.95161]]],[[[120.45025,22.95236],[120.44541,22.95327],[120.44378,22.95312],[120.44294,22.95235],[120.44229,22.95337],[120.44312,22.95339],[120.44303,22.95392],[120.44412,22.95443],[120.44483,22.95409],[120.44391,22.95337],[120.44579,22.9538],[120.44685,22.95317],[120.44871,22.95276],[120.44935,22.95337],[120.45025,22.95236]]],[[[120.44664,22.95337],[120.44446,22.9546],[120.44544,22.95589],[120.4451,22.95611],[120.44551,22.95602],[120.44612,22.95658],[120.44677,22.95608],[120.44676,22.95548],[120.44705,22.95562],[120.44681,22.9547],[120.44694,22.95423],[120.44719,22.95372],[120.44664,22.95337]]],[[[120.45323,22.95404],[120.45149,22.9556],[120.45102,22.95562],[120.45173,22.95649],[120.44986,22.9571],[120.44996,22.9576],[120.45134,22.95755],[120.45197,22.95698],[120.45409,22.95414],[120.45464,22.95361],[120.45323,22.95347],[120.45323,22.95404]]],[[[120.4435,22.95565],[120.44326,22.95574],[120.44369,22.95576],[120.4435,22.95565]]],[[[120.44262,22.95579],[120.44295,22.95601],[120.44285,22.95571],[120.44262,22.95579]]],[[[120.4444,22.95619],[120.445,22.95565],[120.44429,22.95594],[120.4444,22.95619]]],[[[120.45418,22.95118],[120.45237,22.95214],[120.45156,22.95298],[120.44995,22.95294],[120.44975,22.95353],[120.44755,22.95324],[120.44688,22.95457],[120.44714,22.95552],[120.44648,22.95655],[120.44338,22.95698],[120.44328,22.95785],[120.44259,22.95774],[120.44332,22.95943],[120.44275,22.96029],[120.44396,22.95991],[120.44305,22.95848],[120.44334,22.95788],[120.44385,22.95872],[120.44584,22.95894],[120.44553,22.95965],[120.44622,22.96133],[120.44656,22.96051],[120.44747,22.96031],[120.44818,22.9588],[120.44788,22.96045],[120.44686,22.9614],[120.44718,22.96127],[120.44772,22.9613],[120.4471,22.96134],[120.44749,22.96145],[120.44737,22.96238],[120.44748,22.96232],[120.4477,22.96234],[120.44881,22.95851],[120.44938,22.95815],[120.44982,22.95793],[120.4497,22.95711],[120.45134,22.95648],[120.45093,22.95548],[120.45307,22.95397],[120.45306,22.95343],[120.45474,22.95328],[120.45417,22.9524],[120.45449,22.95176],[120.45418,22.95118]],[[120.44764,22.95939],[120.44764,22.95958],[120.44759,22.95961],[120.44764,22.95939]],[[120.45044,22.95373],[120.4503,22.95449],[120.44999,22.95491],[120.44967,22.95438],[120.4497,22.95392],[120.45044,22.95373]]],[[[120.44221,22.95729],[120.44174,22.95669],[120.44148,22.95666],[120.44182,22.9574],[120.44221,22.95729]]],[[[120.44283,22.95727],[120.44247,22.95709],[120.44226,22.95729],[120.44283,22.95727]]],[[[120.44296,22.95757],[120.4427,22.95736],[120.44243,22.95752],[120.44255,22.95766],[120.44296,22.95757]]],[[[120.44906,22.95837],[120.44901,22.95987],[120.44875,22.95966],[120.44819,22.96186],[120.44856,22.96128],[120.44952,22.96141],[120.44883,22.96102],[120.4495,22.96035],[120.44923,22.95882],[120.44998,22.95852],[120.44984,22.95769],[120.44986,22.95793],[120.44982,22.95799],[120.44906,22.95837]]],[[[120.44797,22.96213],[120.44803,22.96198],[120.44783,22.96217],[120.44797,22.96213]]],[[[120.44784,22.96243],[120.44729,22.96263],[120.44841,22.96296],[120.44793,22.9622],[120.44784,22.96243]]],[[[120.44826,22.96312],[120.44788,22.9631],[120.44844,22.96321],[120.44826,22.96312]]],[[[120.45478,22.95385],[120.45176,22.95786],[120.45218,22.95676],[120.45201,22.957],[120.45137,22.95759],[120.45002,22.95764],[120.45007,22.95865],[120.44948,22.95881],[120.45003,22.95938],[120.4495,22.96001],[120.4499,22.96023],[120.44958,22.96009],[120.44959,22.96064],[120.44905,22.96106],[120.44966,22.96145],[120.4488,22.96139],[120.44818,22.96206],[120.4487,22.96271],[120.44851,22.96328],[120.44769,22.96383],[120.44868,22.96582],[120.44816,22.96658],[120.44855,22.96703],[120.4492,22.96648],[120.4493,22.96708],[120.44881,22.96739],[120.44976,22.96788],[120.44946,22.96834],[120.45105,22.9677],[120.45109,22.96811],[120.45159,22.96785],[120.45128,22.96812],[120.45163,22.96869],[120.4525,22.96899],[120.45177,22.9698],[120.45172,22.97017],[120.45161,22.9704],[120.45149,22.97053],[120.45135,22.97065],[120.45085,22.97094],[120.45051,22.97106],[120.451,22.97175],[120.45043,22.97243],[120.45079,22.9727],[120.45172,22.97196],[120.45233,22.97245],[120.45281,22.9722],[120.45339,22.97215],[120.4533,22.97141],[120.45385,22.97119],[120.45335,22.97125],[120.45285,22.97023],[120.45464,22.97034],[120.4558,22.96947],[120.45269,22.96966],[120.45415,22.96946],[120.45285,22.96885],[120.45353,22.96851],[120.45347,22.96826],[120.45426,22.96688],[120.45372,22.96572],[120.45381,22.96362],[120.45389,22.9634],[120.454,22.96327],[120.45395,22.96256],[120.45421,22.96207],[120.45431,22.96171],[120.45458,22.96118],[120.45471,22.96028],[120.45481,22.96001],[120.45496,22.95977],[120.45456,22.95939],[120.45452,22.95913],[120.45475,22.95748],[120.45485,22.95718],[120.45554,22.95661],[120.45564,22.95576],[120.45592,22.95515],[120.45553,22.95483],[120.45545,22.95471],[120.45539,22.95443],[120.45505,22.95424],[120.45488,22.95401],[120.45462,22.95489],[120.45404,22.95563],[120.45426,22.95611],[120.45377,22.95792],[120.45275,22.95859],[120.45295,22.95908],[120.45293,22.96014],[120.45277,22.96074],[120.45266,22.9586],[120.4537,22.95793],[120.45419,22.95611],[120.45393,22.95565],[120.45478,22.95385]],[[120.45297,22.97074],[120.45269,22.97179],[120.45272,22.97093],[120.45225,22.97097],[120.45208,22.97075],[120.45297,22.97074]],[[120.45314,22.96715],[120.45319,22.96692],[120.45317,22.96715],[120.45314,22.96715]],[[120.45281,22.96446],[120.45253,22.9644],[120.45278,22.96438],[120.45281,22.96446]],[[120.452,22.96408],[120.45213,22.96514],[120.45295,22.96555],[120.4531,22.96475],[120.45397,22.96681],[120.45314,22.96815],[120.45278,22.96789],[120.45306,22.96777],[120.45331,22.96686],[120.4528,22.96675],[120.45338,22.96656],[120.4534,22.96631],[120.45293,22.96603],[120.45254,22.96638],[120.45262,22.96552],[120.45176,22.96534],[120.452,22.96408]],[[120.4519,22.96378],[120.4516,22.96357],[120.45191,22.96331],[120.4519,22.96378]],[[120.45308,22.96261],[120.45348,22.96311],[120.45341,22.96363],[120.45287,22.96304],[120.45308,22.96261]],[[120.45223,22.96235],[120.45264,22.96218],[120.45287,22.96227],[120.45276,22.9623],[120.45223,22.96235]],[[120.45275,22.96088],[120.45314,22.96183],[120.45288,22.96218],[120.45307,22.96179],[120.45272,22.96133],[120.45267,22.96105],[120.45275,22.96088]],[[120.45336,22.96056],[120.45325,22.96051],[120.45337,22.96052],[120.45336,22.96056]],[[120.45444,22.96072],[120.4542,22.96194],[120.45404,22.96201],[120.45345,22.96141],[120.45395,22.96049],[120.45444,22.96072]],[[120.45338,22.96049],[120.45331,22.96041],[120.45338,22.9604],[120.45338,22.96049]],[[120.45074,22.96083],[120.45068,22.961],[120.45049,22.9613],[120.45031,22.96147],[120.45032,22.96155],[120.44964,22.96222],[120.45069,22.96094],[120.45072,22.96084],[120.4505,22.96076],[120.45049,22.96064],[120.45079,22.96033],[120.45074,22.96083]],[[120.45422,22.96045],[120.45403,22.96034],[120.45424,22.96031],[120.45422,22.96045]],[[120.45343,22.95984],[120.4537,22.9603],[120.45367,22.96058],[120.45343,22.95984]],[[120.45437,22.95966],[120.45456,22.9601],[120.45424,22.95973],[120.45437,22.95966]],[[120.45342,22.95626],[120.45283,22.95667],[120.45339,22.95611],[120.45342,22.95626]],[[120.45501,22.95523],[120.45552,22.95621],[120.45531,22.95652],[120.4547,22.95555],[120.45501,22.95523]]],[[[120.45141,22.96901],[120.45045,22.96965],[120.45061,22.97015],[120.45133,22.96978],[120.45141,22.96901]]],[[[120.45168,22.97006],[120.45049,22.97031],[120.45071,22.97094],[120.45148,22.97036],[120.45168,22.97006]]],[[[120.45138,22.9706],[120.45171,22.97017],[120.45088,22.9709],[120.45138,22.9706]]],[[[120.45351,22.97087],[120.45338,22.97053],[120.45319,22.97069],[120.45351,22.97087]]],[[[120.45425,22.97104],[120.45411,22.97064],[120.4536,22.97039],[120.45371,22.97088],[120.45425,22.97104]]],[[[120.45406,22.9714],[120.45391,22.97167],[120.45421,22.97152],[120.45406,22.9714]]],[[[120.4516,22.97232],[120.45168,22.97203],[120.45144,22.97225],[120.4516,22.97232]]],[[[120.45574,22.97104],[120.45527,22.97162],[120.45487,22.97145],[120.45458,22.97162],[120.45458,22.97198],[120.45435,22.97199],[120.45404,22.97169],[120.45338,22.97223],[120.45229,22.97248],[120.45254,22.97377],[120.45404,22.97345],[120.45431,22.97316],[120.4548,22.9728],[120.45508,22.97276],[120.45574,22.97104]],[[120.45436,22.97246],[120.4538,22.97268],[120.45366,22.97232],[120.4539,22.97202],[120.45436,22.97246]],[[120.45504,22.97181],[120.45473,22.97161],[120.45514,22.97171],[120.45504,22.97181]]],[[[120.45262,22.97492],[120.45245,22.97522],[120.45279,22.97491],[120.45262,22.97492]]],[[[120.4532,22.9776],[120.45332,22.97825],[120.45352,22.97805],[120.4532,22.9776]]],[[[120.46636,22.92923],[120.46692,22.92982],[120.46707,22.92963],[120.46636,22.92923]]],[[[120.45466,22.95157],[120.45426,22.95122],[120.45483,22.95166],[120.45466,22.95157]]],[[[120.45772,22.94956],[120.45628,22.94963],[120.45518,22.95107],[120.4545,22.95108],[120.4551,22.95179],[120.45457,22.95216],[120.45495,22.95303],[120.45489,22.95399],[120.45654,22.95383],[120.45673,22.95369],[120.45687,22.95349],[120.45753,22.95301],[120.45783,22.95294],[120.45785,22.95226],[120.45719,22.95217],[120.4575,22.95087],[120.4579,22.95085],[120.45738,22.95006],[120.45772,22.94956]],[[120.45658,22.95378],[120.45647,22.95363],[120.45663,22.95375],[120.45658,22.95378]],[[120.45638,22.95353],[120.45638,22.95329],[120.45652,22.95351],[120.45638,22.95353]],[[120.45694,22.95317],[120.45699,22.95297],[120.45696,22.95324],[120.45694,22.95317]],[[120.45769,22.9527],[120.45766,22.95289],[120.4576,22.95254],[120.45769,22.9527]],[[120.45756,22.95247],[120.4575,22.95283],[120.45705,22.95303],[120.45682,22.9524],[120.45756,22.95247]]],[[[120.45486,22.9538],[120.45467,22.95362],[120.45481,22.95385],[120.45486,22.9538]]],[[[120.45599,22.95401],[120.45507,22.95423],[120.45541,22.95441],[120.45556,22.95482],[120.45578,22.95486],[120.45566,22.9546],[120.45572,22.95435],[120.45578,22.95418],[120.45599,22.95401]]],[[[120.44307,22.88509],[120.44186,22.88585],[120.4413,22.88642],[120.43883,22.88548],[120.43525,22.88607],[120.434,22.88672],[120.43287,22.88645],[120.43258,22.89146],[120.43012,22.89439],[120.43006,22.89586],[120.4294,22.89643],[120.42966,22.89724],[120.43004,22.89735],[120.4306,22.89709],[120.43095,22.89718],[120.43044,22.89746],[120.42944,22.89742],[120.42928,22.89662],[120.42941,22.89603],[120.42909,22.89596],[120.42866,22.89547],[120.42848,22.8955],[120.42836,22.8953],[120.42795,22.89522],[120.42777,22.89504],[120.42766,22.894],[120.42701,22.89435],[120.42662,22.89384],[120.42577,22.89378],[120.42578,22.89382],[120.42578,22.89385],[120.42428,22.89346],[120.42437,22.89385],[120.42432,22.89406],[120.42481,22.89404],[120.42455,22.89466],[120.42432,22.89479],[120.42422,22.89474],[120.42375,22.8941],[120.42312,22.8943],[120.42348,22.89448],[120.42334,22.89529],[120.42262,22.89578],[120.42391,22.89654],[120.42348,22.89733],[120.42391,22.89895],[120.42328,22.89985],[120.42203,22.90006],[120.42166,22.90079],[120.4222,22.90167],[120.4216,22.90215],[120.42205,22.90352],[120.41925,22.90361],[120.41898,22.90588],[120.41679,22.90429],[120.41713,22.90611],[120.41649,22.9071],[120.41731,22.9086],[120.41645,22.90971],[120.41446,22.90962],[120.41384,22.90779],[120.41194,22.90884],[120.41437,22.91123],[120.41406,22.91419],[120.41487,22.91492],[120.41595,22.91509],[120.41478,22.91508],[120.41393,22.91423],[120.41368,22.91283],[120.41414,22.91158],[120.41306,22.91144],[120.41251,22.91122],[120.4116,22.91299],[120.41178,22.91192],[120.41249,22.91119],[120.41415,22.91137],[120.41132,22.90908],[120.41067,22.90937],[120.41081,22.91008],[120.4104,22.91028],[120.41044,22.91038],[120.41041,22.91047],[120.41058,22.91052],[120.41068,22.91078],[120.41042,22.91108],[120.41062,22.91117],[120.41117,22.9118],[120.41041,22.91111],[120.41032,22.91245],[120.41036,22.91028],[120.41078,22.91006],[120.41064,22.90935],[120.41125,22.90884],[120.41055,22.90925],[120.4105,22.91],[120.40917,22.9102],[120.40915,22.91094],[120.40973,22.91035],[120.41002,22.91339],[120.41136,22.91481],[120.41284,22.91547],[120.4146,22.91511],[120.41733,22.91668],[120.41707,22.91803],[120.41774,22.91859],[120.41765,22.91996],[120.41874,22.92192],[120.41969,22.92256],[120.4197,22.92322],[120.42022,22.92336],[120.42009,22.92292],[120.42021,22.92242],[120.42041,22.92207],[120.41941,22.92187],[120.41886,22.92118],[120.42044,22.92205],[120.42043,22.92351],[120.42174,22.92273],[120.42154,22.92202],[120.42213,22.92081],[120.4229,22.92159],[120.42315,22.9202],[120.42484,22.91958],[120.42493,22.91914],[120.42536,22.91977],[120.42565,22.91902],[120.42627,22.91896],[120.42636,22.91887],[120.42652,22.9184],[120.42667,22.91817],[120.42694,22.91792],[120.42756,22.91752],[120.42762,22.91692],[120.42687,22.9153],[120.42667,22.91536],[120.42485,22.91518],[120.4233,22.91473],[120.42315,22.91497],[120.42419,22.91524],[120.4249,22.91578],[120.42511,22.91618],[120.42513,22.91693],[120.42548,22.91743],[120.4255,22.91806],[120.42509,22.91694],[120.42507,22.91617],[120.42417,22.91527],[120.42376,22.91525],[120.42294,22.91489],[120.42218,22.91526],[120.42027,22.91526],[120.41933,22.91347],[120.41781,22.91225],[120.41764,22.91217],[120.41723,22.91287],[120.41691,22.91324],[120.41653,22.91356],[120.41727,22.91276],[120.4161,22.91333],[120.41622,22.91285],[120.41776,22.91205],[120.41805,22.91209],[120.41945,22.91317],[120.42071,22.91492],[120.42219,22.9151],[120.42308,22.91463],[120.42492,22.91207],[120.42552,22.91177],[120.42733,22.91396],[120.42532,22.91212],[120.42463,22.91324],[120.42521,22.91358],[120.42461,22.91327],[120.42294,22.91479],[120.42309,22.91493],[120.42328,22.9147],[120.42367,22.91473],[120.4269,22.91527],[120.42765,22.91693],[120.42883,22.91573],[120.43032,22.91529],[120.42997,22.91415],[120.43063,22.91352],[120.42948,22.91277],[120.42918,22.91177],[120.42825,22.91283],[120.42792,22.91279],[120.42782,22.91323],[120.42831,22.91328],[120.4284,22.91351],[120.42772,22.91326],[120.42778,22.91254],[120.42862,22.91119],[120.42854,22.90931],[120.42889,22.90844],[120.43033,22.90733],[120.43275,22.90615],[120.43372,22.90617],[120.43439,22.90661],[120.43541,22.90541],[120.4357,22.90539],[120.43617,22.90571],[120.43611,22.90551],[120.43616,22.90487],[120.43603,22.90453],[120.43443,22.90422],[120.43246,22.90506],[120.43104,22.90507],[120.4309,22.90525],[120.42937,22.90624],[120.42864,22.90606],[120.42836,22.90587],[120.42792,22.90579],[120.4277,22.90561],[120.42708,22.90559],[120.42665,22.90571],[120.42629,22.90597],[120.42606,22.90603],[120.42537,22.90578],[120.42492,22.90616],[120.42391,22.9064],[120.42366,22.90677],[120.4233,22.90643],[120.42536,22.90574],[120.42627,22.90595],[120.42664,22.90567],[120.42754,22.90547],[120.42772,22.90487],[120.42769,22.90537],[120.42744,22.90558],[120.42771,22.90558],[120.42891,22.9061],[120.42905,22.90573],[120.42935,22.90618],[120.43028,22.90548],[120.43025,22.90508],[120.43034,22.90459],[120.43079,22.90368],[120.4313,22.90341],[120.4312,22.90327],[120.43118,22.90285],[120.43119,22.90279],[120.43144,22.90271],[120.43178,22.90269],[120.43122,22.9028],[120.43133,22.90341],[120.43078,22.90374],[120.43032,22.90546],[120.43101,22.90503],[120.43153,22.90484],[120.43252,22.90501],[120.43437,22.90421],[120.43385,22.90373],[120.43304,22.90276],[120.43224,22.90265],[120.43259,22.90238],[120.43269,22.90258],[120.43306,22.90275],[120.43373,22.90352],[120.43378,22.90356],[120.43359,22.90283],[120.43333,22.90266],[120.43287,22.90207],[120.43243,22.90193],[120.43247,22.90167],[120.43205,22.90171],[120.43247,22.90205],[120.43245,22.90212],[120.43201,22.90169],[120.43211,22.90219],[120.43209,22.9024],[120.43201,22.90251],[120.43193,22.90155],[120.43078,22.90136],[120.43053,22.90067],[120.42883,22.90063],[120.42808,22.90042],[120.42789,22.8994],[120.42739,22.89943],[120.42717,22.89927],[120.4271,22.89905],[120.42735,22.89883],[120.42679,22.89816],[120.42688,22.89793],[120.42715,22.89789],[120.42689,22.89751],[120.42688,22.8969],[120.42711,22.89648],[120.42775,22.89617],[120.42779,22.8963],[120.42795,22.89618],[120.42827,22.89623],[120.42704,22.89675],[120.4272,22.89793],[120.42691,22.89799],[120.42741,22.89882],[120.42717,22.89909],[120.42796,22.89936],[120.42828,22.90027],[120.43058,22.90033],[120.43088,22.90084],[120.43195,22.90108],[120.43362,22.90282],[120.43437,22.90412],[120.43599,22.90357],[120.43485,22.90423],[120.43606,22.90453],[120.43618,22.90487],[120.43619,22.9057],[120.43679,22.90542],[120.43701,22.90543],[120.43781,22.90652],[120.43943,22.90508],[120.4398,22.90557],[120.43969,22.90655],[120.44054,22.907],[120.44096,22.90594],[120.44111,22.90588],[120.44149,22.90603],[120.44104,22.90594],[120.44087,22.90691],[120.44048,22.9071],[120.43959,22.90665],[120.43942,22.9052],[120.43782,22.90659],[120.43697,22.90548],[120.43613,22.90578],[120.43552,22.90544],[120.43441,22.90678],[120.43566,22.90811],[120.43744,22.90721],[120.43853,22.9082],[120.4387,22.90797],[120.43881,22.90792],[120.43855,22.90822],[120.439,22.90873],[120.43707,22.90742],[120.43607,22.90825],[120.43523,22.90818],[120.43422,22.90671],[120.43331,22.90636],[120.43012,22.9077],[120.42882,22.9091],[120.42889,22.91128],[120.42805,22.91255],[120.42928,22.91158],[120.42977,22.9128],[120.43087,22.91346],[120.43024,22.914],[120.43031,22.91473],[120.43128,22.91569],[120.43134,22.91678],[120.43199,22.91756],[120.43314,22.91775],[120.43353,22.91733],[120.43481,22.91827],[120.43561,22.91782],[120.43572,22.91789],[120.43584,22.9183],[120.43735,22.91859],[120.4372,22.91921],[120.43809,22.91981],[120.43736,22.92015],[120.43748,22.92073],[120.43714,22.92107],[120.43531,22.92127],[120.43584,22.92079],[120.43713,22.92083],[120.43718,22.9205],[120.43185,22.9199],[120.43138,22.92021],[120.43115,22.91999],[120.43107,22.91985],[120.43009,22.92002],[120.4298,22.9199],[120.42935,22.91847],[120.42875,22.91823],[120.42858,22.91853],[120.42925,22.9188],[120.42852,22.91867],[120.42839,22.9183],[120.4289,22.91782],[120.42831,22.91776],[120.42773,22.91728],[120.42759,22.91753],[120.42669,22.91819],[120.42644,22.91876],[120.42704,22.91945],[120.42788,22.91949],[120.4282,22.91908],[120.4286,22.91893],[120.42879,22.91893],[120.42839,22.91906],[120.428,22.91962],[120.42869,22.92017],[120.42732,22.92038],[120.42691,22.92084],[120.42715,22.92107],[120.42856,22.92046],[120.42928,22.92081],[120.42812,22.92117],[120.42818,22.9221],[120.42894,22.9223],[120.4296,22.92347],[120.42943,22.92397],[120.43006,22.92437],[120.43004,22.9252],[120.4306,22.92526],[120.43108,22.92589],[120.43265,22.92371],[120.43347,22.92327],[120.43382,22.92214],[120.43409,22.9218],[120.43386,22.92294],[120.43332,22.92361],[120.43275,22.92378],[120.43183,22.92554],[120.4321,22.92602],[120.42986,22.92574],[120.43013,22.92591],[120.43009,22.92598],[120.43015,22.92625],[120.43003,22.9263],[120.43047,22.92727],[120.42952,22.92738],[120.4295,22.92681],[120.42914,22.92771],[120.42938,22.92769],[120.42924,22.92782],[120.42936,22.92805],[120.43028,22.9285],[120.43028,22.93044],[120.4289,22.93082],[120.42849,22.93199],[120.42888,22.93155],[120.4294,22.93165],[120.42896,22.9319],[120.42919,22.93276],[120.42983,22.93214],[120.42999,22.93293],[120.42992,22.9331],[120.42973,22.93306],[120.42962,22.93309],[120.42959,22.93313],[120.4294,22.93376],[120.42848,22.93338],[120.42823,22.93378],[120.42899,22.93384],[120.42824,22.93421],[120.42917,22.93403],[120.42928,22.93438],[120.43035,22.93482],[120.42959,22.93495],[120.43053,22.93529],[120.43103,22.93451],[120.43013,22.93381],[120.42986,22.93422],[120.42979,22.93339],[120.43023,22.93289],[120.43112,22.93309],[120.43119,22.93356],[120.43061,22.93391],[120.43142,22.93374],[120.43172,22.93502],[120.43217,22.93516],[120.43129,22.93611],[120.43241,22.93646],[120.43233,22.93769],[120.4344,22.93777],[120.43548,22.93643],[120.43567,22.93683],[120.43593,22.93677],[120.43503,22.93834],[120.435,22.93793],[120.43441,22.93786],[120.43407,22.93841],[120.43465,22.93837],[120.43472,22.93853],[120.43378,22.93846],[120.43465,22.93865],[120.43548,22.93833],[120.4356,22.9392],[120.43604,22.9399],[120.43616,22.93995],[120.43696,22.93921],[120.4373,22.93949],[120.43724,22.93897],[120.43788,22.93865],[120.43814,22.93909],[120.43987,22.93855],[120.44103,22.93884],[120.44145,22.93843],[120.44129,22.93683],[120.44046,22.93695],[120.44036,22.93686],[120.44106,22.93574],[120.4403,22.93497],[120.44275,22.93321],[120.44242,22.93243],[120.44292,22.93217],[120.44205,22.93206],[120.44294,22.93153],[120.44268,22.93124],[120.44333,22.92974],[120.44246,22.92715],[120.44268,22.9258],[120.43986,22.92427],[120.43988,22.92236],[120.43932,22.92144],[120.442,22.9206],[120.44137,22.91966],[120.44182,22.91792],[120.44102,22.91411],[120.4403,22.9142],[120.43974,22.91358],[120.44073,22.91403],[120.44142,22.91339],[120.44114,22.91153],[120.4418,22.91037],[120.44374,22.91126],[120.44478,22.91082],[120.44377,22.91],[120.44359,22.91011],[120.4421,22.90955],[120.44202,22.90968],[120.43965,22.91038],[120.4384,22.91011],[120.43965,22.91034],[120.44202,22.90957],[120.44143,22.90944],[120.43996,22.90853],[120.43845,22.90705],[120.43679,22.9068],[120.43843,22.90699],[120.44143,22.90938],[120.44152,22.90867],[120.44165,22.90828],[120.4427,22.90717],[120.44368,22.90659],[120.44327,22.90642],[120.44297,22.90667],[120.44255,22.90679],[120.44213,22.90663],[120.44191,22.90637],[120.44253,22.9067],[120.44317,22.9063],[120.44205,22.90548],[120.44188,22.9049],[120.44222,22.90473],[120.44301,22.90481],[120.44347,22.90381],[120.44421,22.90339],[120.44315,22.90485],[120.44197,22.90497],[120.44376,22.90655],[120.44171,22.90829],[120.44151,22.90932],[120.44372,22.91002],[120.44241,22.90902],[120.44249,22.9077],[120.44537,22.90775],[120.44649,22.90713],[120.447,22.9076],[120.44684,22.90906],[120.44747,22.91026],[120.44841,22.91021],[120.44865,22.90929],[120.44958,22.90881],[120.4504,22.91146],[120.45164,22.91071],[120.45325,22.91117],[120.45493,22.91101],[120.45578,22.91204],[120.4552,22.91439],[120.45645,22.91378],[120.46055,22.91552],[120.46103,22.91599],[120.46055,22.91748],[120.46192,22.91798],[120.46238,22.91913],[120.46321,22.91922],[120.46292,22.91991],[120.46416,22.9208],[120.46929,22.92073],[120.47008,22.92107],[120.46955,22.9214],[120.46982,22.92193],[120.47122,22.92239],[120.4701,22.92243],[120.46904,22.92362],[120.46853,22.92324],[120.46769,22.9237],[120.467,22.92481],[120.46754,22.92495],[120.46758,22.9244],[120.46801,22.92467],[120.46885,22.9241],[120.47088,22.92519],[120.47082,22.92848],[120.4714,22.92954],[120.47219,22.92954],[120.4702,22.93143],[120.47104,22.93667],[120.47074,22.9372],[120.46928,22.93726],[120.4693,22.9368],[120.467,22.93453],[120.46629,22.93283],[120.46512,22.9327],[120.46472,22.9335],[120.46616,22.93592],[120.46824,22.93618],[120.46828,22.93741],[120.46943,22.93891],[120.46986,22.94123],[120.47138,22.94201],[120.47138,22.94377],[120.46803,22.9467],[120.46634,22.94697],[120.46542,22.95033],[120.4643,22.95075],[120.46382,22.95271],[120.46126,22.95356],[120.46095,22.95469],[120.46086,22.95478],[120.46043,22.95493],[120.45964,22.95495],[120.45923,22.95464],[120.45902,22.95473],[120.45865,22.95501],[120.4585,22.95508],[120.45781,22.95524],[120.4584,22.95552],[120.45868,22.95618],[120.45869,22.95638],[120.45838,22.95697],[120.45925,22.95712],[120.45976,22.95756],[120.45859,22.9572],[120.45836,22.95788],[120.45812,22.9594],[120.45804,22.95961],[120.45833,22.95684],[120.45867,22.95629],[120.45832,22.95559],[120.45784,22.95561],[120.45776,22.95542],[120.45777,22.95533],[120.45781,22.95522],[120.45925,22.95458],[120.4608,22.95477],[120.46114,22.95381],[120.46035,22.95363],[120.46024,22.95288],[120.45764,22.95366],[120.45735,22.95318],[120.4566,22.95382],[120.45579,22.95419],[120.45602,22.95519],[120.45576,22.95634],[120.45599,22.9564],[120.45601,22.95631],[120.45619,22.95626],[120.45666,22.95629],[120.45713,22.95613],[120.45739,22.95612],[120.45751,22.95611],[120.45751,22.95612],[120.45601,22.95643],[120.45574,22.95636],[120.45566,22.95618],[120.45557,22.95663],[120.45481,22.95746],[120.45583,22.95757],[120.45667,22.95788],[120.45683,22.95762],[120.45703,22.95756],[120.45741,22.95764],[120.45665,22.9579],[120.45479,22.9575],[120.45464,22.95934],[120.45496,22.95971],[120.45612,22.95937],[120.45497,22.95974],[120.45499,22.95986],[120.45472,22.96034],[120.45547,22.96047],[120.4562,22.96103],[120.45472,22.96037],[120.45467,22.96125],[120.45404,22.9626],[120.45474,22.96267],[120.45408,22.96267],[120.45415,22.96328],[120.45383,22.96361],[120.45384,22.96423],[120.45399,22.96373],[120.45462,22.96348],[120.45588,22.96375],[120.45462,22.96352],[120.45402,22.96374],[120.45389,22.96444],[120.45455,22.96358],[120.45567,22.96404],[120.45488,22.96507],[120.45519,22.96567],[120.45465,22.96661],[120.457,22.96497],[120.45588,22.96633],[120.4542,22.96706],[120.45364,22.96853],[120.45528,22.96895],[120.45629,22.96859],[120.45653,22.96744],[120.45818,22.96624],[120.45782,22.96585],[120.45688,22.96689],[120.45768,22.96577],[120.45756,22.9655],[120.4583,22.96579],[120.45873,22.96537],[120.45995,22.96517],[120.45985,22.96584],[120.45963,22.96536],[120.45879,22.96552],[120.45888,22.96596],[120.45808,22.96649],[120.45884,22.96701],[120.45807,22.96722],[120.45804,22.96737],[120.4595,22.96728],[120.45854,22.96743],[120.45993,22.96776],[120.45919,22.96769],[120.45991,22.96826],[120.45831,22.96861],[120.45787,22.96857],[120.45674,22.96818],[120.45627,22.9687],[120.45529,22.96903],[120.45306,22.96882],[120.45488,22.96948],[120.45832,22.9689],[120.45944,22.96907],[120.45982,22.96947],[120.4605,22.96894],[120.46103,22.96933],[120.46151,22.96873],[120.46129,22.96776],[120.4622,22.96719],[120.46185,22.96681],[120.46185,22.96647],[120.46127,22.9661],[120.46191,22.96643],[120.4622,22.96712],[120.46252,22.9671],[120.46255,22.96808],[120.46146,22.96783],[120.46178,22.96828],[120.46152,22.96951],[120.4611,22.96967],[120.46137,22.97075],[120.4609,22.97151],[120.46147,22.97202],[120.46191,22.97291],[120.4615,22.97367],[120.46186,22.9745],[120.46171,22.97503],[120.46214,22.97571],[120.46238,22.97672],[120.46226,22.97689],[120.46276,22.97721],[120.46291,22.97749],[120.46254,22.97898],[120.46112,22.97912],[120.46007,22.97859],[120.45914,22.97771],[120.45876,22.97814],[120.45759,22.97793],[120.45752,22.97806],[120.45664,22.97764],[120.45646,22.97833],[120.4559,22.97843],[120.45614,22.97811],[120.4556,22.97787],[120.45507,22.9789],[120.45538,22.97944],[120.45642,22.97917],[120.45594,22.97874],[120.4575,22.97809],[120.45687,22.9791],[120.45602,22.97936],[120.45699,22.97959],[120.45669,22.98017],[120.45734,22.98151],[120.45825,22.9808],[120.45744,22.98064],[120.45699,22.98009],[120.45748,22.97986],[120.45745,22.9791],[120.45786,22.97838],[120.45811,22.97807],[120.45756,22.97995],[120.45711,22.9801],[120.45898,22.98078],[120.4589,22.98149],[120.45779,22.98125],[120.4582,22.98185],[120.45815,22.98229],[120.45832,22.98237],[120.45799,22.98248],[120.45799,22.98176],[120.45719,22.98214],[120.45751,22.98275],[120.45789,22.98265],[120.4583,22.98291],[120.45758,22.98292],[120.45807,22.98405],[120.45674,22.98365],[120.45726,22.98276],[120.45618,22.98247],[120.45653,22.98214],[120.45507,22.98202],[120.45559,22.98142],[120.45636,22.98153],[120.45632,22.98196],[120.45728,22.9819],[120.45701,22.98121],[120.45568,22.98117],[120.45589,22.98052],[120.45465,22.97995],[120.45433,22.98027],[120.45483,22.9827],[120.45393,22.98418],[120.45323,22.98449],[120.45375,22.98536],[120.45349,22.98746],[120.45501,22.9903],[120.45604,22.99044],[120.45703,22.98841],[120.46037,22.98896],[120.46043,22.98943],[120.45973,22.99001],[120.46089,22.99076],[120.46105,22.99224],[120.46133,22.99223],[120.46244,22.99317],[120.46265,22.99317],[120.46283,22.99298],[120.46327,22.99287],[120.46356,22.99312],[120.46328,22.99291],[120.46267,22.99321],[120.46244,22.99322],[120.46177,22.99281],[120.46151,22.99297],[120.46108,22.99226],[120.45915,22.99478],[120.45897,22.99576],[120.45979,22.99634],[120.46037,22.99769],[120.46212,22.9979],[120.46147,22.998],[120.46059,23.00009],[120.45941,23.00082],[120.45943,23.00197],[120.46002,23.00241],[120.46029,23.00357],[120.46072,23.004],[120.46225,23.00306],[120.46335,23.00377],[120.46428,23.00366],[120.46473,23.00345],[120.46466,23.00321],[120.46467,23.00224],[120.46477,23.00346],[120.46729,23.00382],[120.46821,23.00321],[120.47074,23.00253],[120.47451,23.00324],[120.47798,23.00318],[120.47922,23.00216],[120.48015,23.00318],[120.47911,23.005],[120.4803,23.00616],[120.48043,23.00758],[120.48113,23.00859],[120.48137,23.01102],[120.48092,23.01163],[120.48195,23.01446],[120.48375,23.01677],[120.48882,23.02005],[120.49035,23.02065],[120.49061,23.02012],[120.49316,23.02129],[120.49417,23.0212],[120.49579,23.02299],[120.49811,23.02319],[120.4998,23.02467],[120.50184,23.02504],[120.50155,23.02461],[120.50073,23.02465],[120.49984,23.02444],[120.50133,23.02453],[120.5031,23.02346],[120.50475,23.02378],[120.50508,23.02314],[120.50645,23.02289],[120.50618,23.0235],[120.50516,23.02385],[120.5071,23.02425],[120.50806,23.02241],[120.51158,23.02098],[120.5132,23.01913],[120.51488,23.01864],[120.51454,23.01852],[120.51485,23.01764],[120.51474,23.01835],[120.5153,23.01864],[120.51566,23.01813],[120.52072,23.01831],[120.52057,23.013],[120.51863,23.01311],[120.51727,23.01282],[120.51714,23.01307],[120.51747,23.01327],[120.51743,23.01357],[120.5177,23.01369],[120.51792,23.01394],[120.51805,23.01417],[120.51802,23.01438],[120.51724,23.01372],[120.51745,23.01338],[120.51706,23.01304],[120.51724,23.01287],[120.51602,23.01255],[120.51562,23.01208],[120.5149,23.01231],[120.51394,23.01325],[120.5144,23.01329],[120.51443,23.0134],[120.51495,23.01335],[120.5152,23.01345],[120.51539,23.0137],[120.51537,23.01422],[120.51636,23.01473],[120.51625,23.01498],[120.51529,23.0143],[120.51506,23.01348],[120.51457,23.01352],[120.51385,23.01331],[120.51408,23.01274],[120.5144,23.01268],[120.51476,23.01234],[120.51558,23.01204],[120.51366,23.00891],[120.5119,23.00731],[120.51169,23.00971],[120.51056,23.01107],[120.51075,23.01092],[120.51104,23.01256],[120.512,23.01297],[120.51239,23.0134],[120.51268,23.0141],[120.51211,23.0132],[120.511,23.01256],[120.51069,23.01194],[120.51018,23.01307],[120.5108,23.01398],[120.51096,23.01388],[120.51144,23.01409],[120.51164,23.01547],[120.5112,23.01689],[120.51136,23.01418],[120.51042,23.01389],[120.51023,23.01457],[120.51011,23.01466],[120.51034,23.01389],[120.51061,23.01383],[120.51004,23.01312],[120.51025,23.01261],[120.50999,23.01201],[120.50998,23.01156],[120.51011,23.01096],[120.51074,23.01025],[120.51043,23.01026],[120.51011,23.00992],[120.51008,23.00934],[120.51041,23.00909],[120.50985,23.00889],[120.51029,23.00858],[120.50998,23.0083],[120.51024,23.00798],[120.51005,23.00787],[120.51,23.00751],[120.5102,23.00712],[120.50927,23.00745],[120.50976,23.00627],[120.51032,23.00618],[120.50999,23.00605],[120.50828,23.00333],[120.50723,23.00358],[120.50735,23.00388],[120.50683,23.00364],[120.50746,23.00478],[120.50665,23.00646],[120.50505,23.00653],[120.50575,23.00824],[120.50468,23.00689],[120.50267,23.00749],[120.50212,23.00884],[120.50185,23.0088],[120.50255,23.00735],[120.50457,23.0068],[120.50463,23.00634],[120.50368,23.00654],[120.50346,23.00597],[120.5039,23.0058],[120.50392,23.00509],[120.50128,23.00351],[120.49991,23.00361],[120.49973,23.00434],[120.49956,23.00454],[120.49989,23.00359],[120.49905,23.00249],[120.50015,23.00338],[120.50176,23.00333],[120.50393,23.00472],[120.50533,23.00495],[120.50489,23.00464],[120.50442,23.00302],[120.50267,23.00244],[120.50449,23.00295],[120.50335,23.00154],[120.50242,23.00212],[120.50246,23.00243],[120.50206,23.00289],[120.50245,23.0036],[120.50224,23.00339],[120.50205,23.00289],[120.5024,23.00211],[120.50333,23.00151],[120.50312,23.00041],[120.50193,23.00032],[120.5011,22.99952],[120.50059,23.00015],[120.50005,23.00041],[120.50083,22.99951],[120.50055,22.99933],[120.49846,23.00074],[120.49945,23.00164],[120.49864,23.00179],[120.49818,23.00122],[120.49801,23.00221],[120.49873,23.00218],[120.49754,23.00246],[120.49693,23.00319],[120.49641,23.00271],[120.49602,23.0033],[120.49649,23.0038],[120.49584,23.00417],[120.49614,23.00371],[120.49593,23.00318],[120.49619,23.00285],[120.49654,23.00262],[120.49693,23.00308],[120.49793,23.00198],[120.4977,23.00094],[120.49815,23.00088],[120.49818,23.00034],[120.49807,23.00036],[120.49797,23.00031],[120.49784,23.00019],[120.49769,23.00021],[120.49746,23.00016],[120.49727,23.00019],[120.49681,23.00037],[120.49671,23.00039],[120.49624,23.00025],[120.4961,23.00041],[120.49568,23.00064],[120.49526,23.00074],[120.49504,23.00104],[120.49496,23.00137],[120.49488,23.00145],[120.49375,23.00172],[120.49362,23.00197],[120.4938,23.00224],[120.49382,23.0024],[120.49375,23.00258],[120.49361,23.00277],[120.49313,23.00308],[120.49269,23.00316],[120.49244,23.00315],[120.49371,23.0026],[120.49343,23.00165],[120.49324,23.00178],[120.49299,23.00179],[120.49227,23.00152],[120.49208,23.00195],[120.49078,23.00251],[120.49074,23.00244],[120.49079,23.00228],[120.49115,23.00204],[120.49126,23.002],[120.49136,23.00219],[120.49198,23.00189],[120.49236,23.00139],[120.49187,23.00068],[120.49276,23.00168],[120.4934,23.0016],[120.49368,23.00175],[120.49382,23.00158],[120.4949,23.0014],[120.49498,23.00128],[120.49497,23.00118],[120.49515,23.00078],[120.49622,23.00025],[120.49738,23.00015],[120.49784,23.00018],[120.49816,23.00033],[120.49891,22.9995],[120.50085,22.99883],[120.50119,22.99659],[120.50079,22.99565],[120.50078,22.99608],[120.50072,22.9966],[120.50085,22.99732],[120.50082,22.99747],[120.50023,22.99879],[120.49991,22.99908],[120.49961,22.99885],[120.50021,22.99878],[120.50081,22.99747],[120.50069,22.99653],[120.50078,22.99528],[120.50016,22.99375],[120.49891,22.993],[120.49858,22.99307],[120.49834,22.99308],[120.49775,22.99293],[120.49754,22.99309],[120.49727,22.99367],[120.49738,22.99387],[120.49761,22.99407],[120.49804,22.99472],[120.49807,22.99492],[120.49791,22.99564],[120.4974,22.99621],[120.49645,22.99673],[120.49649,22.99684],[120.49638,22.99702],[120.49626,22.99712],[120.49476,22.99779],[120.49456,22.99823],[120.49499,22.99845],[120.49478,22.99887],[120.49434,22.99914],[120.49474,22.99985],[120.49459,22.99999],[120.49444,22.99991],[120.49478,23.00025],[120.49443,23.00061],[120.49433,23.00061],[120.49415,23.00045],[120.49432,23.00079],[120.49406,23.00111],[120.49366,23.00076],[120.49372,23.00049],[120.49251,23.00081],[120.49187,23.0],[120.49164,23.00001],[120.49149,23.0003],[120.49126,23.00038],[120.49146,23.00046],[120.49153,23.00061],[120.49115,23.00091],[120.49147,23.0006],[120.49113,23.0005],[120.49169,22.99985],[120.49217,23.00004],[120.49248,23.00051],[120.49366,23.00042],[120.49412,23.00074],[120.49413,23.0004],[120.49469,23.00022],[120.49436,22.99995],[120.49436,22.99989],[120.49469,22.99985],[120.49425,22.99907],[120.49485,22.99852],[120.49448,22.99823],[120.49438,22.9984],[120.49391,22.9986],[120.49287,22.99932],[120.4925,22.99952],[120.49123,22.99959],[120.4925,22.9995],[120.49391,22.99859],[120.49435,22.9984],[120.49437,22.99752],[120.49462,22.99732],[120.49468,22.9972],[120.49455,22.99734],[120.49368,22.99716],[120.49321,22.99677],[120.49195,22.99724],[120.49145,22.99686],[120.49134,22.99766],[120.49019,22.99784],[120.49123,22.99759],[120.49136,22.99685],[120.49099,22.99672],[120.4904,22.99612],[120.48983,22.99634],[120.48848,22.99627],[120.49041,22.99609],[120.49191,22.99708],[120.49315,22.99665],[120.49444,22.99727],[120.49472,22.9965],[120.49571,22.99592],[120.49683,22.99617],[120.49728,22.99584],[120.4971,22.99385],[120.4958,22.99379],[120.49588,22.99397],[120.4958,22.99418],[120.49542,22.99465],[120.49516,22.99476],[120.49612,22.99276],[120.4956,22.99277],[120.49568,22.99199],[120.49584,22.99189],[120.49704,22.99194],[120.49656,22.9913],[120.4947,22.99191],[120.49447,22.99182],[120.49447,22.99261],[120.49378,22.99288],[120.49403,22.993],[120.49448,22.99363],[120.4951,22.99528],[120.49514,22.99583],[120.49486,22.9961],[120.49432,22.99653],[120.49414,22.99648],[120.49382,22.99624],[120.49436,22.99649],[120.49512,22.99581],[120.49508,22.99526],[120.49447,22.99364],[120.49324,22.99246],[120.49306,22.9927],[120.49319,22.99277],[120.49308,22.99289],[120.49301,22.99293],[120.49258,22.99293],[120.49242,22.99345],[120.49211,22.99346],[120.49229,22.99371],[120.4923,22.99387],[120.4922,22.99397],[120.49152,22.99398],[120.49164,22.99366],[120.49012,22.99415],[120.48938,22.99417],[120.4893,22.99403],[120.48898,22.99444],[120.48816,22.99457],[120.48818,22.99479],[120.48619,22.99519],[120.48939,22.99388],[120.49014,22.99411],[120.49124,22.9936],[120.49167,22.99363],[120.49173,22.99395],[120.49222,22.99391],[120.49207,22.99344],[120.49251,22.99294],[120.49307,22.99286],[120.49314,22.99278],[120.49301,22.99271],[120.49309,22.99256],[120.49315,22.99249],[120.49332,22.99241],[120.49375,22.99281],[120.4931,22.99205],[120.49321,22.99166],[120.4929,22.99075],[120.49288,22.99048],[120.49173,22.98946],[120.49167,22.98925],[120.49181,22.98899],[120.49159,22.98905],[120.49163,22.98885],[120.4911,22.9898],[120.49113,22.99119],[120.49082,22.99159],[120.49058,22.99159],[120.48953,22.99145],[120.4891,22.99137],[120.48889,22.99128],[120.4886,22.9914],[120.48891,22.99124],[120.4908,22.99157],[120.49109,22.99119],[120.49105,22.9898],[120.49132,22.98907],[120.49026,22.98887],[120.48912,22.98995],[120.48788,22.99032],[120.48665,22.9899],[120.48286,22.99062],[120.48274,22.99144],[120.48176,22.99126],[120.48165,22.99186],[120.48028,22.99201],[120.47946,22.99154],[120.47961,22.98933],[120.48011,22.9909],[120.48655,22.98965],[120.48852,22.9899],[120.49008,22.98874],[120.4913,22.98902],[120.49166,22.98847],[120.48988,22.98782],[120.48846,22.98655],[120.4883,22.98611],[120.48794,22.98618],[120.48744,22.98619],[120.48732,22.98613],[120.48709,22.98581],[120.48701,22.98583],[120.48658,22.98653],[120.48716,22.98682],[120.48658,22.98691],[120.4865,22.98592],[120.48574,22.98609],[120.48558,22.98602],[120.48646,22.98583],[120.48677,22.98593],[120.48697,22.98576],[120.48514,22.9849],[120.48479,22.98426],[120.48406,22.9842],[120.48413,22.98409],[120.48442,22.98403],[120.48288,22.9826],[120.48159,22.97829],[120.47945,22.97926],[120.4794,22.97989],[120.47918,22.98043],[120.4788,22.98089],[120.47904,22.98105],[120.47902,22.98134],[120.47882,22.98159],[120.47894,22.98196],[120.47891,22.98258],[120.47883,22.98269],[120.47876,22.98088],[120.47942,22.97924],[120.48155,22.9781],[120.48272,22.98088],[120.48291,22.98254],[120.48452,22.98406],[120.48413,22.98418],[120.48495,22.9842],[120.4857,22.9851],[120.48871,22.98614],[120.4891,22.98597],[120.48878,22.98565],[120.48883,22.9854],[120.48922,22.98543],[120.48962,22.98585],[120.48988,22.98533],[120.4907,22.98506],[120.49079,22.98573],[120.49007,22.98548],[120.49004,22.98591],[120.48846,22.98649],[120.48982,22.98634],[120.48882,22.98671],[120.49077,22.98809],[120.49242,22.98551],[120.49178,22.98674],[120.49274,22.98703],[120.49321,22.98696],[120.49335,22.98696],[120.49342,22.98703],[120.49342,22.98695],[120.49377,22.98707],[120.49549,22.98387],[120.49703,22.98285],[120.49674,22.98344],[120.49815,22.9838],[120.49952,22.98351],[120.49719,22.98176],[120.49614,22.97961],[120.49603,22.98033],[120.49618,22.98041],[120.49619,22.98046],[120.49621,22.98126],[120.49616,22.98193],[120.49606,22.98241],[120.49611,22.98246],[120.49611,22.98255],[120.49601,22.98282],[120.49589,22.98293],[120.49589,22.98306],[120.49558,22.98292],[120.49561,22.98347],[120.49477,22.98344],[120.49469,22.98294],[120.49389,22.98363],[120.49353,22.98318],[120.49379,22.98391],[120.49338,22.98437],[120.49266,22.98424],[120.49258,22.98494],[120.49186,22.9857],[120.49215,22.98534],[120.49165,22.98534],[120.49115,22.98517],[120.49097,22.985],[120.4916,22.98517],[120.49289,22.98367],[120.49346,22.98397],[120.4933,22.98305],[120.49387,22.983],[120.49407,22.98332],[120.49443,22.98283],[120.49519,22.98302],[120.49504,22.98232],[120.49434,22.98236],[120.4941,22.98195],[120.49459,22.98149],[120.49437,22.9805],[120.49533,22.97992],[120.49576,22.98021],[120.49564,22.97957],[120.4964,22.97914],[120.49736,22.98138],[120.49867,22.98245],[120.49881,22.98213],[120.49988,22.9833],[120.49995,22.98416],[120.4994,22.98523],[120.49949,22.98584],[120.49935,22.98617],[120.4994,22.98539],[120.499,22.9853],[120.4982,22.98685],[120.49923,22.98416],[120.4993,22.98528],[120.4999,22.98414],[120.49721,22.98368],[120.49633,22.98397],[120.49437,22.98644],[120.4947,22.9879],[120.49516,22.98775],[120.49522,22.98779],[120.49532,22.98795],[120.49541,22.98801],[120.49613,22.9878],[120.49668,22.98861],[120.49703,22.98844],[120.49752,22.98835],[120.49799,22.98833],[120.49866,22.98843],[120.49871,22.98849],[120.49891,22.98843],[120.49978,22.98897],[120.50048,22.98824],[120.50216,22.98893],[120.50194,22.98736],[120.50198,22.98644],[120.50025,22.98218],[120.5003,22.98205],[120.50202,22.98641],[120.5022,22.98894],[120.50291,22.98963],[120.50478,22.98973],[120.50486,22.9905],[120.50588,22.98987],[120.50614,22.99028],[120.50614,22.99085],[120.50649,22.99059],[120.50728,22.99067],[120.50771,22.98992],[120.50891,22.9893],[120.51055,22.98948],[120.51106,22.98965],[120.51125,22.98956],[120.51178,22.98952],[120.51223,22.98965],[120.51231,22.98956],[120.51254,22.98952],[120.51294,22.98966],[120.51324,22.98951],[120.51344,22.98948],[120.51394,22.98957],[120.51412,22.98968],[120.5145,22.98958],[120.51508,22.9896],[120.51519,22.9897],[120.51546,22.98966],[120.51614,22.99039],[120.51715,22.99056],[120.51756,22.99072],[120.5178,22.99058],[120.51854,22.99074],[120.51868,22.99067],[120.51895,22.99073],[120.51926,22.9907],[120.51949,22.99075],[120.51977,22.99056],[120.52001,22.99047],[120.52094,22.99032],[120.52253,22.99065],[120.52331,22.99018],[120.52211,22.98877],[120.52257,22.98621],[120.52195,22.98586],[120.52018,22.9825],[120.51995,22.98178],[120.52069,22.98106],[120.51991,22.98056],[120.52029,22.98015],[120.51933,22.97968],[120.51912,22.97815],[120.51813,22.97762],[120.51686,22.97781],[120.51529,22.97705],[120.51538,22.97644],[120.51452,22.97531],[120.51395,22.9755],[120.51272,22.97492],[120.51143,22.97536],[120.51014,22.97244],[120.51019,22.97091],[120.50942,22.97001],[120.51025,22.96803],[120.50946,22.96559],[120.50846,22.96449],[120.50867,22.96359],[120.5096,22.96319],[120.50996,22.96219],[120.50926,22.96091],[120.51061,22.9585],[120.5104,22.95718],[120.50865,22.95666],[120.50832,22.95776],[120.50793,22.95816],[120.50839,22.95665],[120.50665,22.95544],[120.50362,22.95212],[120.50305,22.95364],[120.50197,22.95519],[120.50241,22.95607],[120.50401,22.95617],[120.50356,22.95648],[120.50237,22.95613],[120.50171,22.95525],[120.50147,22.95556],[120.50071,22.95587],[120.50062,22.95668],[120.49911,22.9574],[120.50059,22.95663],[120.50066,22.95585],[120.50252,22.95436],[120.50363,22.95181],[120.50427,22.95107],[120.50306,22.95095],[120.50189,22.9517],[120.50056,22.95055],[120.50109,22.95015],[120.50053,22.9495],[120.50103,22.94858],[120.50027,22.94964],[120.49971,22.94933],[120.49939,22.94773],[120.50016,22.94585],[120.49938,22.94544],[120.4992,22.94356],[120.4998,22.94199],[120.49878,22.94176],[120.49772,22.94031],[120.49775,22.93611],[120.49856,22.93578],[120.4987,22.93514],[120.4977,22.9338],[120.49785,22.9333],[120.49736,22.93291],[120.49612,22.93365],[120.49485,22.93205],[120.49355,22.9315],[120.49229,22.93167],[120.49059,22.93347],[120.49005,22.93322],[120.48994,22.93245],[120.48922,22.93265],[120.48905,22.93323],[120.4885,22.93248],[120.48849,22.93319],[120.48733,22.93323],[120.48637,22.93481],[120.48457,22.9394],[120.48341,22.93884],[120.48135,22.93566],[120.48174,22.93465],[120.48087,22.93203],[120.48113,22.93033],[120.48189,22.92975],[120.48177,22.92973],[120.4813,22.92956],[120.48111,22.92941],[120.48084,22.92939],[120.48081,22.92935],[120.48076,22.92936],[120.47998,22.92872],[120.47945,22.92867],[120.47927,22.92853],[120.47906,22.92855],[120.47894,22.92848],[120.47883,22.92822],[120.47871,22.92813],[120.47865,22.92804],[120.47863,22.92795],[120.47848,22.92798],[120.47833,22.92797],[120.47804,22.92782],[120.47783,22.92763],[120.47719,22.9277],[120.47783,22.92761],[120.47864,22.92794],[120.47906,22.92853],[120.47928,22.92851],[120.47998,22.9287],[120.48178,22.92972],[120.48323,22.92873],[120.48277,22.92527],[120.47973,22.924],[120.47967,22.92338],[120.48121,22.92231],[120.48132,22.92098],[120.48192,22.92015],[120.48112,22.91868],[120.48109,22.91757],[120.47987,22.91697],[120.47985,22.91472],[120.47682,22.91302],[120.47691,22.9115],[120.47499,22.90987],[120.47539,22.90889],[120.47468,22.90768],[120.47355,22.90722],[120.47383,22.90612],[120.47275,22.90576],[120.47101,22.90354],[120.47049,22.90386],[120.4713,22.90425],[120.46919,22.90446],[120.47001,22.90531],[120.46958,22.90569],[120.46988,22.90682],[120.46948,22.90686],[120.47051,22.90877],[120.46728,22.90963],[120.46613,22.90597],[120.46792,22.90593],[120.46793,22.90491],[120.46872,22.90383],[120.47052,22.90346],[120.4706,22.90264],[120.47175,22.90307],[120.46969,22.89993],[120.46994,22.89931],[120.46952,22.89844],[120.47009,22.89685],[120.46968,22.89586],[120.47016,22.89489],[120.46826,22.89188],[120.46717,22.89138],[120.4642,22.89356],[120.46205,22.89334],[120.46032,22.89137],[120.45691,22.88909],[120.45676,22.88858],[120.45401,22.88827],[120.45367,22.88911],[120.45419,22.88898],[120.45441,22.88916],[120.45443,22.88993],[120.45409,22.88999],[120.45402,22.89028],[120.455,22.88995],[120.45516,22.89015],[120.45444,22.89114],[120.45498,22.89015],[120.45392,22.89043],[120.45434,22.88925],[120.45365,22.88948],[120.45352,22.88927],[120.45383,22.88842],[120.452,22.88764],[120.452,22.88662],[120.4503,22.8865],[120.44918,22.88731],[120.44845,22.88687],[120.44629,22.88713],[120.44391,22.88647],[120.44301,22.88567],[120.44245,22.88596],[120.4421,22.88592],[120.44281,22.88569],[120.44307,22.88509]],[[120.42842,22.91916],[120.42878,22.91913],[120.429,22.91931],[120.42877,22.91919],[120.42842,22.91916]],[[120.42916,22.91947],[120.42923,22.9193],[120.42936,22.91948],[120.42916,22.91947]],[[120.43407,22.9217],[120.43451,22.92122],[120.43521,22.92125],[120.43463,22.92133],[120.43407,22.9217]],[[120.44044,22.91014],[120.44043,22.91015],[120.44044,22.91014],[120.44044,22.91014]],[[120.48658,22.98691],[120.48632,22.98714],[120.48592,22.98708],[120.48658,22.98691]],[[120.4816,22.97806],[120.48277,22.97818],[120.48409,22.97821],[120.48305,22.97837],[120.4816,22.97806]],[[120.50734,23.02233],[120.50694,23.02254],[120.50702,23.02208],[120.50734,23.02233]],[[120.50792,23.02193],[120.50705,23.02187],[120.50704,23.0217],[120.50792,23.02193]],[[120.5028,23.0202],[120.50289,23.02032],[120.50289,23.02032],[120.5028,23.0202]],[[120.50168,23.01832],[120.5017,23.01838],[120.50166,23.01836],[120.50168,23.01832]],[[120.50595,23.01823],[120.50631,23.01881],[120.50646,23.01927],[120.50642,23.01953],[120.50589,23.01842],[120.50595,23.01823]],[[120.49091,23.01858],[120.49126,23.01874],[120.49138,23.01887],[120.49149,23.01836],[120.49162,23.01825],[120.49141,23.01887],[120.49181,23.01881],[120.49197,23.01889],[120.49285,23.01962],[120.49387,23.02082],[120.49393,23.02079],[120.49448,23.0211],[120.49385,23.02085],[120.49284,23.01964],[120.49195,23.01891],[120.49147,23.01892],[120.49193,23.01908],[120.49237,23.01948],[120.49271,23.01956],[120.49284,23.0197],[120.49289,23.01982],[120.49089,23.0186],[120.49071,23.01824],[120.48963,23.01838],[120.49055,23.01815],[120.49073,23.01822],[120.49091,23.01858]],[[120.50213,23.01755],[120.50168,23.01777],[120.50164,23.01773],[120.50213,23.01755]],[[120.50347,23.01671],[120.50394,23.01749],[120.50407,23.01777],[120.50477,23.01713],[120.50406,23.01792],[120.50365,23.01732],[120.50345,23.01675],[120.50298,23.01701],[120.50256,23.01711],[120.50347,23.01671]],[[120.49686,23.01678],[120.49718,23.01662],[120.497,23.01685],[120.49686,23.01678]],[[120.49732,23.01653],[120.49722,23.01651],[120.49732,23.01644],[120.49732,23.01653]],[[120.50087,23.01651],[120.50084,23.01671],[120.50043,23.0173],[120.50039,23.01791],[120.49994,23.01838],[120.50037,23.0179],[120.50035,23.01761],[120.50045,23.01721],[120.50085,23.01664],[120.50058,23.01624],[120.50087,23.01651]],[[120.51567,23.01362],[120.51533,23.0135],[120.51604,23.01345],[120.51567,23.01362]],[[120.48368,23.01375],[120.48407,23.01395],[120.48413,23.01404],[120.48413,23.01441],[120.48426,23.0145],[120.48442,23.0145],[120.48449,23.01455],[120.48465,23.01491],[120.48572,23.01504],[120.48607,23.01517],[120.48647,23.01558],[120.48663,23.0159],[120.4867,23.01559],[120.48681,23.01549],[120.4866,23.01611],[120.48695,23.01643],[120.48726,23.01686],[120.48763,23.01755],[120.48963,23.01834],[120.48852,23.01803],[120.48755,23.01752],[120.48663,23.01625],[120.48645,23.0156],[120.48606,23.01519],[120.48463,23.01492],[120.48411,23.01442],[120.48405,23.01397],[120.48366,23.01385],[120.48368,23.01366],[120.48391,23.01345],[120.48414,23.01332],[120.48368,23.01375]],[[120.51932,23.01326],[120.5186,23.01328],[120.51955,23.01335],[120.51932,23.01326]],[[120.49319,23.01104],[120.4934,23.01189],[120.49333,23.01239],[120.49318,23.01219],[120.49308,23.01122],[120.49319,23.01104]],[[120.51164,23.01194],[120.51092,23.01148],[120.5109,23.01109],[120.51105,23.01109],[120.51164,23.01194]],[[120.49716,23.0112],[120.49659,23.01082],[120.49716,23.01067],[120.49716,23.0112]],[[120.49767,23.00955],[120.49773,23.00949],[120.4977,23.00969],[120.49767,23.00955]],[[120.49208,23.00885],[120.49197,23.01022],[120.49051,23.01102],[120.4906,23.01197],[120.49047,23.01101],[120.49195,23.01017],[120.49202,23.009],[120.49186,23.00935],[120.49159,23.00949],[120.49155,23.0097],[120.49089,23.00998],[120.49096,23.01014],[120.4908,23.01022],[120.49022,23.0102],[120.48992,23.01165],[120.48974,23.01153],[120.49016,23.01014],[120.49091,23.01013],[120.49084,23.00997],[120.49208,23.00885]],[[120.4893,23.0089],[120.48945,23.00893],[120.48939,23.00893],[120.4893,23.0089]],[[120.49945,23.00887],[120.50043,23.00888],[120.50024,23.00957],[120.5008,23.00969],[120.50105,23.00887],[120.50113,23.00946],[120.50076,23.00983],[120.50026,23.00967],[120.50032,23.00997],[120.50027,23.01025],[120.50024,23.00967],[120.49965,23.01],[120.49932,23.01105],[120.49857,23.01176],[120.49894,23.01278],[120.49734,23.01486],[120.49883,23.01276],[120.49857,23.01215],[120.49867,23.01274],[120.49832,23.01299],[120.49834,23.01161],[120.49857,23.01098],[120.49915,23.01087],[120.49897,23.0106],[120.49994,23.00963],[120.49945,23.00887]],[[120.49547,23.00859],[120.49564,23.00853],[120.49559,23.00863],[120.49547,23.00859]],[[120.4855,23.00842],[120.48486,23.00882],[120.48462,23.00884],[120.48441,23.00877],[120.48484,23.00879],[120.48492,23.00852],[120.48533,23.00841],[120.4855,23.00842]],[[120.48978,23.00836],[120.48952,23.00854],[120.48933,23.00839],[120.48916,23.00855],[120.48926,23.00898],[120.4895,23.00935],[120.4888,23.01028],[120.48882,23.01076],[120.48858,23.01148],[120.48874,23.01178],[120.48868,23.01243],[120.48849,23.0127],[120.48828,23.01274],[120.48806,23.01344],[120.4878,23.01369],[120.48827,23.01272],[120.48866,23.01242],[120.48856,23.01148],[120.48878,23.01027],[120.48941,23.00937],[120.48855,23.00946],[120.48857,23.00957],[120.48843,23.00988],[120.48844,23.01004],[120.48827,23.01016],[120.48827,23.01039],[120.48755,23.01075],[120.48755,23.01094],[120.48731,23.01118],[120.48719,23.01159],[120.48685,23.01206],[120.48637,23.01234],[120.4858,23.01253],[120.48544,23.01247],[120.48512,23.01236],[120.48458,23.01277],[120.4851,23.01231],[120.48683,23.01202],[120.48754,23.01073],[120.48824,23.01032],[120.48823,23.01013],[120.48839,23.01001],[120.4885,23.00946],[120.48866,23.00928],[120.488,23.00922],[120.48761,23.00986],[120.4875,23.00993],[120.48693,23.00998],[120.48698,23.01007],[120.48696,23.01017],[120.48673,23.01045],[120.48677,23.01051],[120.48675,23.01071],[120.4859,23.01191],[120.4857,23.012],[120.48541,23.01195],[120.4853,23.01201],[120.48513,23.01203],[120.48485,23.01199],[120.48449,23.01267],[120.48462,23.01213],[120.48449,23.01186],[120.48438,23.01151],[120.48442,23.01122],[120.48407,23.01064],[120.48385,23.01013],[120.48388,23.00982],[120.48302,23.00986],[120.48386,23.0098],[120.48401,23.00918],[120.4842,23.00901],[120.48394,23.00975],[120.48548,23.0095],[120.48387,23.01012],[120.48445,23.01122],[120.48465,23.01211],[120.48493,23.01193],[120.48513,23.01201],[120.48541,23.01192],[120.48571,23.01197],[120.48691,23.00997],[120.48799,23.00921],[120.48843,23.00918],[120.48875,23.00932],[120.48918,23.00842],[120.48935,23.00834],[120.48954,23.00847],[120.4897,23.00837],[120.48839,23.00825],[120.48935,23.00801],[120.48978,23.00836]],[[120.50253,23.00546],[120.50287,23.00621],[120.5028,23.00641],[120.50214,23.00669],[120.50253,23.00546]],[[120.48963,23.00501],[120.49061,23.00575],[120.49004,23.00548],[120.49081,23.00657],[120.49015,23.00668],[120.49052,23.00638],[120.48963,23.00501]],[[120.50163,23.00497],[120.50168,23.00491],[120.50182,23.00495],[120.50163,23.00497]],[[120.4928,23.00478],[120.49316,23.00479],[120.49275,23.00482],[120.4928,23.00478]],[[120.50126,23.00368],[120.50207,23.00439],[120.50235,23.00525],[120.50202,23.00641],[120.50124,23.00746],[120.50157,23.00794],[120.50106,23.00875],[120.50142,23.00793],[120.50111,23.00738],[120.50056,23.00811],[120.50066,23.00847],[120.50044,23.00872],[120.50065,23.00846],[120.50053,23.00816],[120.50069,23.00783],[120.5023,23.00542],[120.50126,23.00368]],[[120.48418,23.0037],[120.48418,23.00321],[120.48513,23.00303],[120.48418,23.0037]],[[120.49566,23.00332],[120.49468,23.00299],[120.49452,23.00338],[120.49444,23.00297],[120.49527,23.00303],[120.49566,23.00332]],[[120.46317,23.00289],[120.46286,23.00275],[120.46282,23.00269],[120.46317,23.0026],[120.46317,23.00289]],[[120.46629,23.00264],[120.46585,23.00263],[120.46585,23.00261],[120.46625,23.00251],[120.4663,23.00253],[120.46629,23.00264]],[[120.49199,23.00227],[120.49158,23.00284],[120.49148,23.00286],[120.49136,23.00281],[120.4912,23.00294],[120.49099,23.00295],[120.4906,23.00317],[120.49043,23.00324],[120.49035,23.00322],[120.49135,23.00279],[120.49157,23.00284],[120.49166,23.00239],[120.49199,23.00227]],[[120.46865,23.00207],[120.46912,23.00253],[120.46839,23.002],[120.46865,23.00207]],[[120.48448,23.00154],[120.48549,23.00173],[120.48485,23.00168],[120.48448,23.00154]],[[120.48601,23.00149],[120.48628,23.00157],[120.486,23.00153],[120.48601,23.00149]],[[120.46303,23.00152],[120.46297,23.00139],[120.46304,23.00153],[120.46303,23.00152]],[[120.46488,23.00144],[120.46581,23.00158],[120.46541,23.002],[120.46488,23.00144]],[[120.48986,23.00113],[120.48808,23.00257],[120.48716,23.00292],[120.48697,23.00287],[120.48672,23.00267],[120.48715,23.00242],[120.48778,23.00242],[120.48793,23.00164],[120.48766,23.00169],[120.48688,23.00155],[120.48659,23.00166],[120.48638,23.00161],[120.48623,23.00178],[120.48603,23.0019],[120.48553,23.00198],[120.48519,23.00228],[120.48477,23.00227],[120.48401,23.00211],[120.48509,23.00216],[120.48691,23.00127],[120.48641,23.00158],[120.48695,23.0015],[120.48794,23.00159],[120.48817,23.00193],[120.48829,23.00152],[120.48843,23.00143],[120.48841,23.00191],[120.48903,23.00151],[120.48986,23.00113]],[[120.48701,23.00039],[120.48576,23.00083],[120.48594,23.00149],[120.48573,23.0015],[120.48576,23.00078],[120.48632,23.00045],[120.4866,23.00038],[120.48699,23.00036],[120.48701,23.00039]],[[120.48826,23.00033],[120.48855,23.00004],[120.48847,23.00029],[120.48826,23.00033]],[[120.46702,23.00035],[120.46692,23.00005],[120.46655,22.99977],[120.46723,23.00002],[120.46702,23.00035]],[[120.46251,22.99982],[120.46254,23.00011],[120.46227,23.0004],[120.46254,23.00068],[120.46285,23.00132],[120.46151,23.00155],[120.46257,23.00106],[120.46221,23.00041],[120.46247,22.99991],[120.46202,22.99959],[120.46251,22.99982]],[[120.47306,22.99978],[120.47263,22.99986],[120.47228,22.99964],[120.4726,22.99936],[120.47306,22.99978]],[[120.48983,23.00012],[120.48973,23.00035],[120.4897,23.00046],[120.4896,23.00048],[120.48948,23.0005],[120.48911,23.00043],[120.48931,22.99981],[120.48942,22.99965],[120.48958,22.99966],[120.48964,22.99973],[120.48987,22.99935],[120.49003,22.99946],[120.48983,23.00012]],[[120.46256,22.99925],[120.46271,22.99926],[120.46268,22.99929],[120.46256,22.99925]],[[120.47245,22.99933],[120.47213,22.99937],[120.47219,22.9991],[120.47245,22.99933]],[[120.47227,22.99876],[120.47198,22.99859],[120.47226,22.99857],[120.47227,22.99876]],[[120.46795,22.99677],[120.46797,22.99677],[120.46797,22.99677],[120.46795,22.99677]],[[120.48782,22.99647],[120.48775,22.9969],[120.4874,22.99701],[120.48782,22.99647]],[[120.47011,22.99599],[120.47006,22.99602],[120.46991,22.99557],[120.47011,22.99599]],[[120.48982,22.99596],[120.48956,22.99591],[120.48989,22.99589],[120.49008,22.99565],[120.49032,22.99561],[120.48982,22.99596]],[[120.48145,22.99569],[120.482,22.99564],[120.48194,22.99616],[120.4817,22.9962],[120.48145,22.99569]],[[120.47427,22.99537],[120.47438,22.99531],[120.47425,22.99551],[120.47427,22.99537]],[[120.46363,22.99515],[120.46385,22.99532],[120.4635,22.99517],[120.46363,22.99515]],[[120.46582,22.99513],[120.46582,22.9951],[120.46594,22.99509],[120.46582,22.99513]],[[120.46975,22.99496],[120.46975,22.99497],[120.46959,22.99496],[120.46975,22.99496]],[[120.47441,22.99472],[120.4722,22.99584],[120.47572,22.99547],[120.4729,22.99578],[120.47309,22.99649],[120.47259,22.99639],[120.47222,22.9962],[120.47233,22.99704],[120.47392,22.99756],[120.47469,22.99804],[120.47291,22.9973],[120.47278,22.99755],[120.47263,22.99763],[120.47242,22.99756],[120.4722,22.99712],[120.47222,22.99639],[120.47148,22.99596],[120.47132,22.99563],[120.47036,22.99521],[120.46996,22.99525],[120.46985,22.9952],[120.46984,22.99515],[120.47055,22.99516],[120.47143,22.99551],[120.47171,22.99586],[120.47213,22.99525],[120.4724,22.99553],[120.47333,22.99489],[120.47441,22.99472]],[[120.46739,22.99482],[120.46754,22.99587],[120.46803,22.99582],[120.46858,22.99648],[120.46746,22.99587],[120.46726,22.99609],[120.4669,22.99604],[120.46707,22.99665],[120.4668,22.99686],[120.46779,22.99695],[120.46762,22.99735],[120.46799,22.99765],[120.46791,22.99734],[120.4684,22.99712],[120.46896,22.9976],[120.4682,22.99794],[120.46824,22.99806],[120.46826,22.99855],[120.46813,22.99884],[120.46849,22.99893],[120.46815,22.99942],[120.46915,22.99933],[120.46953,22.99965],[120.4697,22.99934],[120.47041,22.99954],[120.47099,22.99919],[120.47187,22.9992],[120.47207,22.99937],[120.47004,22.99958],[120.47007,23.00126],[120.47142,23.00176],[120.47278,23.00145],[120.47294,23.00155],[120.47313,23.00138],[120.4737,23.00109],[120.47414,23.00093],[120.47436,23.00092],[120.47297,23.00157],[120.47427,23.0019],[120.47345,23.00175],[120.47304,23.00163],[120.4728,23.00149],[120.47084,23.00188],[120.47007,23.00137],[120.4697,22.99949],[120.46961,22.99973],[120.46809,22.99955],[120.46791,22.99913],[120.46825,22.99904],[120.46803,22.99891],[120.46808,22.99805],[120.4684,22.99729],[120.46793,22.9978],[120.4675,22.99766],[120.46767,22.99719],[120.46639,22.99683],[120.46693,22.99666],[120.46681,22.99594],[120.46742,22.99579],[120.46739,22.99482]],[[120.46683,22.99452],[120.46617,22.99757],[120.4658,22.99826],[120.46548,22.99838],[120.4651,22.99907],[120.46528,22.99923],[120.46519,22.99962],[120.46554,22.99993],[120.4653,23.00087],[120.46522,23.0004],[120.46491,23.00075],[120.46436,23.00098],[120.4644,23.0015],[120.4642,23.00122],[120.46314,23.00168],[120.46425,23.00088],[120.46427,23.00053],[120.46456,23.00018],[120.46457,22.99975],[120.46385,23.00082],[120.46376,23.00092],[120.46349,23.00101],[120.46426,22.9999],[120.46459,22.99973],[120.46472,22.99948],[120.46486,22.99941],[120.46466,22.99849],[120.46493,22.99875],[120.46541,22.99837],[120.46507,22.9981],[120.46526,22.99779],[120.46506,22.99781],[120.46473,22.99796],[120.46434,22.99884],[120.46429,22.99887],[120.46416,22.99884],[120.46468,22.99766],[120.4643,22.99754],[120.464,22.99847],[120.46339,22.99891],[120.46398,22.9984],[120.4647,22.99605],[120.46506,22.99565],[120.4643,22.99517],[120.46455,22.99496],[120.46535,22.99582],[120.46576,22.99555],[120.4655,22.99586],[120.46497,22.99594],[120.46506,22.99631],[120.46468,22.99725],[120.46488,22.99768],[120.46466,22.99783],[120.46528,22.99773],[120.46554,22.99834],[120.46615,22.99755],[120.46646,22.99477],[120.46683,22.99452]],[[120.46793,22.99422],[120.46791,22.99421],[120.46794,22.99421],[120.46793,22.99422]],[[120.46883,22.99391],[120.46805,22.99418],[120.46849,22.99424],[120.46865,22.99441],[120.4688,22.99464],[120.46886,22.99483],[120.46849,22.99425],[120.46824,22.99427],[120.46736,22.99403],[120.46883,22.99391]],[[120.46664,22.99391],[120.46648,22.99418],[120.46672,22.99432],[120.46644,22.9942],[120.46664,22.99391]],[[120.47403,22.99373],[120.47435,22.99366],[120.47405,22.99378],[120.47403,22.99373]],[[120.46715,22.99343],[120.46712,22.99322],[120.46718,22.99322],[120.46715,22.99343]],[[120.48217,22.99331],[120.4821,22.99344],[120.48164,22.99342],[120.48217,22.99331]],[[120.46753,22.9928],[120.46753,22.99279],[120.46757,22.99277],[120.46753,22.9928]],[[120.46749,22.99281],[120.46703,22.99272],[120.46708,22.99254],[120.46718,22.99271],[120.46749,22.99281]],[[120.46715,22.99276],[120.46703,22.99281],[120.46702,22.99276],[120.46715,22.99276]],[[120.467,22.99221],[120.46699,22.99243],[120.46698,22.99246],[120.46692,22.99227],[120.467,22.99221]],[[120.46682,22.99218],[120.46693,22.99249],[120.46694,22.9928],[120.46683,22.99287],[120.46698,22.99303],[120.46694,22.99339],[120.46691,22.99327],[120.46661,22.99317],[120.46646,22.99307],[120.46636,22.99284],[120.46631,22.99253],[120.46633,22.99248],[120.46637,22.99247],[120.4667,22.9925],[120.46672,22.9923],[120.46659,22.99206],[120.46682,22.99218]],[[120.46407,22.99183],[120.46395,22.99204],[120.4641,22.99181],[120.46407,22.99183]],[[120.46537,22.99168],[120.46549,22.99263],[120.46633,22.99239],[120.46658,22.99247],[120.4665,22.99206],[120.46664,22.99242],[120.4666,22.99248],[120.46629,22.99245],[120.46633,22.99289],[120.46646,22.99314],[120.46689,22.99338],[120.46637,22.99416],[120.46647,22.99432],[120.46682,22.99441],[120.46652,22.9947],[120.46628,22.99473],[120.4663,22.99493],[120.46623,22.99506],[120.46579,22.99473],[120.46606,22.99504],[120.46583,22.99503],[120.4656,22.99528],[120.46577,22.99471],[120.46655,22.99449],[120.46564,22.99356],[120.46547,22.9931],[120.46537,22.99168]],[[120.47009,22.99138],[120.47004,22.99143],[120.47013,22.99132],[120.47009,22.99138]],[[120.46637,22.99117],[120.46629,22.99164],[120.4662,22.99175],[120.46637,22.99117]],[[120.46538,22.99109],[120.4654,22.99165],[120.46531,22.99102],[120.46538,22.99109]],[[120.4674,22.99085],[120.46719,22.99085],[120.46709,22.99081],[120.4674,22.99085]],[[120.46499,22.99084],[120.46498,22.99104],[120.46487,22.99077],[120.46499,22.99084]],[[120.46651,22.99075],[120.4664,22.99181],[120.467,22.99219],[120.46635,22.9918],[120.46651,22.99075]],[[120.46484,22.99073],[120.46477,22.99079],[120.46472,22.99082],[120.46484,22.99073]],[[120.46534,22.99014],[120.46535,22.99096],[120.46492,22.99073],[120.46461,22.99042],[120.46512,22.99075],[120.46534,22.99014]],[[120.46805,22.99016],[120.46772,22.99022],[120.46811,22.99003],[120.46805,22.99016]],[[120.46714,22.9894],[120.46715,22.9894],[120.46714,22.98941],[120.46714,22.9894]],[[120.47698,22.98959],[120.47746,22.9896],[120.47707,22.98976],[120.47698,22.98959]],[[120.46815,22.98896],[120.46838,22.98914],[120.46841,22.98915],[120.46819,22.98909],[120.46815,22.98896]],[[120.46847,22.98916],[120.46842,22.98862],[120.46872,22.9883],[120.46769,22.98804],[120.46778,22.98722],[120.46747,22.98755],[120.46713,22.98713],[120.46687,22.98744],[120.46656,22.98726],[120.46635,22.98666],[120.46603,22.98661],[120.46604,22.98639],[120.46577,22.98624],[120.46555,22.98588],[120.46622,22.9862],[120.46542,22.9858],[120.4649,22.98521],[120.46493,22.98433],[120.46443,22.98407],[120.46418,22.98315],[120.46468,22.98628],[120.46556,22.98655],[120.46577,22.9869],[120.46576,22.98715],[120.46541,22.98707],[120.46518,22.98788],[120.46561,22.98789],[120.46592,22.98806],[120.46646,22.98865],[120.46675,22.98863],[120.46649,22.98869],[120.46642,22.98865],[120.46591,22.98809],[120.46563,22.98793],[120.46509,22.98797],[120.46532,22.9871],[120.46568,22.98681],[120.46434,22.98626],[120.46439,22.98756],[120.46397,22.98882],[120.46347,22.98939],[120.46389,22.98967],[120.46375,22.98984],[120.46399,22.99039],[120.46396,22.99056],[120.46345,22.98944],[120.46243,22.9901],[120.46226,22.99138],[120.46253,22.99174],[120.46246,22.99194],[120.4626,22.99211],[120.46257,22.99242],[120.46222,22.9914],[120.46236,22.99015],[120.46184,22.99022],[120.4608,22.99013],[120.4623,22.99013],[120.46386,22.98887],[120.46433,22.98738],[120.46358,22.98633],[120.46357,22.98535],[120.46386,22.98649],[120.46422,22.98624],[120.46464,22.98625],[120.46425,22.98389],[120.46342,22.98394],[120.4634,22.98413],[120.46374,22.98425],[120.46398,22.9846],[120.46398,22.98475],[120.46332,22.98416],[120.46315,22.98426],[120.46315,22.9844],[120.46304,22.98444],[120.46334,22.98364],[120.46288,22.98334],[120.46151,22.98419],[120.46225,22.98319],[120.46323,22.98326],[120.46341,22.98356],[120.46382,22.98297],[120.46307,22.98241],[120.4634,22.98195],[120.46416,22.9825],[120.46368,22.98062],[120.46388,22.98053],[120.46358,22.97836],[120.4637,22.97823],[120.46322,22.97743],[120.46313,22.97676],[120.46409,22.97896],[120.46376,22.97904],[120.4642,22.9824],[120.46497,22.98299],[120.46458,22.98335],[120.46512,22.98407],[120.4651,22.98524],[120.46635,22.98606],[120.46675,22.98707],[120.4673,22.98703],[120.46756,22.98739],[120.46785,22.98688],[120.46812,22.98768],[120.46777,22.98793],[120.46886,22.98828],[120.46876,22.98908],[120.46896,22.98889],[120.46941,22.98925],[120.46952,22.98959],[120.46992,22.98948],[120.47038,22.98964],[120.47087,22.98992],[120.47091,22.9902],[120.47158,22.98977],[120.47155,22.98967],[120.47167,22.98933],[120.47197,22.98892],[120.47185,22.98868],[120.47229,22.98895],[120.47226,22.98911],[120.47137,22.99018],[120.47325,22.98958],[120.474,22.98981],[120.47423,22.9893],[120.47415,22.98978],[120.47555,22.98966],[120.47461,22.98989],[120.47364,22.98988],[120.47315,22.98964],[120.47161,22.99028],[120.47171,22.99085],[120.47219,22.99082],[120.47316,22.99132],[120.47327,22.99151],[120.47353,22.99143],[120.4739,22.99165],[120.47437,22.99151],[120.47458,22.99156],[120.47479,22.99173],[120.47498,22.99176],[120.47516,22.99166],[120.47507,22.9918],[120.4748,22.9918],[120.47456,22.99159],[120.47392,22.99167],[120.47353,22.99146],[120.47344,22.99156],[120.47557,22.99303],[120.47395,22.99262],[120.47401,22.99212],[120.47168,22.99089],[120.47155,22.99027],[120.47085,22.99023],[120.4699,22.98959],[120.46948,22.98969],[120.46991,22.99014],[120.46875,22.98947],[120.46938,22.98963],[120.46933,22.98929],[120.46847,22.98916]],[[120.46537,22.98801],[120.46582,22.98809],[120.4663,22.98857],[120.46635,22.98876],[120.46616,22.98927],[120.46711,22.98983],[120.46684,22.99004],[120.46636,22.98991],[120.46614,22.98998],[120.46641,22.99061],[120.46643,22.99085],[120.46639,22.99111],[120.46606,22.99001],[120.46631,22.98985],[120.46699,22.98982],[120.46601,22.98926],[120.46629,22.98864],[120.46537,22.98801]],[[120.46648,22.98888],[120.46636,22.98927],[120.46686,22.9894],[120.4673,22.98988],[120.46728,22.99014],[120.46712,22.99028],[120.46724,22.98996],[120.4669,22.99019],[120.46629,22.99008],[120.46654,22.99073],[120.46622,22.99001],[120.46682,22.99011],[120.46719,22.98988],[120.46628,22.98924],[120.46648,22.98888]],[[120.46795,22.98865],[120.46787,22.9887],[120.46778,22.98865],[120.46795,22.98865]],[[120.50112,22.98752],[120.50105,22.98766],[120.501,22.98757],[120.50112,22.98752]],[[120.48728,22.98732],[120.48653,22.98731],[120.48718,22.98715],[120.48728,22.98732]],[[120.46452,22.98644],[120.46513,22.98828],[120.46515,22.98849],[120.46507,22.98875],[120.46523,22.98929],[120.46531,22.98986],[120.46526,22.9902],[120.46503,22.98875],[120.4651,22.98829],[120.46486,22.98794],[120.46459,22.98707],[120.46452,22.98644]],[[120.50222,22.98695],[120.5025,22.98664],[120.50253,22.98635],[120.50252,22.98668],[120.50222,22.98695]],[[120.48577,22.98636],[120.4861,22.98637],[120.48597,22.98627],[120.48577,22.98636]],[[120.47328,22.98596],[120.47506,22.98629],[120.47633,22.98729],[120.47697,22.98703],[120.4777,22.98721],[120.47631,22.9874],[120.47501,22.98636],[120.47319,22.98604],[120.47227,22.98617],[120.47251,22.98714],[120.47207,22.98682],[120.47212,22.98605],[120.47328,22.98596]],[[120.49059,22.98604],[120.49038,22.98603],[120.49071,22.98598],[120.49059,22.98604]],[[120.48387,22.98551],[120.4837,22.98574],[120.48341,22.98591],[120.48315,22.98636],[120.48352,22.98539],[120.48387,22.98551]],[[120.48554,22.98519],[120.4857,22.98536],[120.48551,22.98527],[120.48554,22.98519]],[[120.46326,22.9848],[120.46324,22.98572],[120.46304,22.98606],[120.4627,22.98592],[120.46272,22.98618],[120.46269,22.98631],[120.46233,22.98711],[120.46193,22.98767],[120.4627,22.98618],[120.46187,22.98563],[120.46168,22.98602],[120.46046,22.98571],[120.46028,22.98619],[120.45948,22.98587],[120.45941,22.98615],[120.4581,22.98671],[120.45933,22.98567],[120.46019,22.98589],[120.46076,22.98542],[120.46184,22.98549],[120.46299,22.98586],[120.46326,22.9848]],[[120.49339,22.98459],[120.49352,22.9848],[120.49321,22.98468],[120.49339,22.98459]],[[120.49067,22.98407],[120.49073,22.98389],[120.49084,22.98391],[120.49067,22.98407]],[[120.48674,22.98272],[120.48655,22.98278],[120.48656,22.98272],[120.48674,22.98272]],[[120.48244,22.98235],[120.48294,22.98326],[120.4838,22.98391],[120.48391,22.98416],[120.48287,22.98328],[120.48253,22.98285],[120.48244,22.98235]],[[120.48243,22.98234],[120.48244,22.98233],[120.48244,22.98235],[120.48243,22.98234]],[[120.50169,22.98167],[120.50052,22.98188],[120.5004,22.98195],[120.50049,22.98182],[120.50118,22.98167],[120.50169,22.98167]],[[120.50681,22.98121],[120.50669,22.98143],[120.50381,22.98143],[120.50681,22.98121]],[[120.49287,22.98094],[120.49291,22.98117],[120.49286,22.98094],[120.49287,22.98094]],[[120.48219,22.98109],[120.48236,22.98175],[120.48204,22.98084],[120.48219,22.98109]],[[120.50902,22.98072],[120.50848,22.98109],[120.50862,22.9811],[120.50912,22.98135],[120.50921,22.98144],[120.50847,22.98111],[120.50835,22.981],[120.5083,22.98107],[120.50812,22.98117],[120.50777,22.98123],[120.50711,22.98119],[120.50902,22.98072]],[[120.5096,22.98076],[120.5097,22.9809],[120.50929,22.98072],[120.5096,22.98076]],[[120.51061,22.98057],[120.51066,22.98054],[120.51058,22.98059],[120.51061,22.98057]],[[120.51062,22.98048],[120.51036,22.98071],[120.51061,22.98047],[120.51062,22.98048]],[[120.51126,22.97997],[120.51128,22.97994],[120.51126,22.97997],[120.51126,22.97997]],[[120.46796,22.979],[120.46781,22.97908],[120.46759,22.97875],[120.46796,22.979]],[[120.46948,22.97855],[120.46833,22.97871],[120.46948,22.97851],[120.46948,22.97855]],[[120.51272,22.97838],[120.51234,22.97852],[120.51269,22.97837],[120.51272,22.97838]],[[120.46756,22.97847],[120.46751,22.97847],[120.46735,22.97811],[120.46756,22.97847]],[[120.49784,22.97819],[120.49801,22.97882],[120.49721,22.97872],[120.49698,22.97848],[120.49784,22.97819]],[[120.49727,22.97773],[120.49712,22.97823],[120.49692,22.97793],[120.49727,22.97773]],[[120.46641,22.97747],[120.46731,22.97811],[120.46643,22.9775],[120.46633,22.97863],[120.46641,22.97747]],[[120.49789,22.97752],[120.49872,22.97821],[120.49835,22.97879],[120.49789,22.97752]],[[120.49799,22.97713],[120.49782,22.97714],[120.49777,22.97694],[120.49799,22.97713]],[[120.49787,22.97694],[120.49785,22.97676],[120.49791,22.97677],[120.49787,22.97694]],[[120.49786,22.9774],[120.49756,22.97817],[120.49781,22.97745],[120.49728,22.97732],[120.49735,22.97686],[120.49773,22.97693],[120.49786,22.9774]],[[120.51348,22.9768],[120.51349,22.97679],[120.51349,22.9768],[120.51348,22.9768]],[[120.49645,22.97592],[120.49535,22.97823],[120.49501,22.97857],[120.49514,22.9766],[120.49645,22.97592]],[[120.46281,22.97563],[120.46292,22.97716],[120.46296,22.97756],[120.46254,22.97608],[120.46281,22.97563]],[[120.46832,22.97516],[120.46839,22.97499],[120.46846,22.97515],[120.46832,22.97516]],[[120.46068,22.96866],[120.461,22.96852],[120.46093,22.96872],[120.46068,22.96866]],[[120.45489,22.9679],[120.45404,22.96863],[120.45376,22.96837],[120.45489,22.9679]],[[120.46108,22.96783],[120.46023,22.96819],[120.46052,22.96792],[120.46108,22.96783]],[[120.45587,22.96745],[120.45503,22.96781],[120.45478,22.96757],[120.45587,22.96745]],[[120.46053,22.96745],[120.45978,22.96746],[120.46053,22.9673],[120.46053,22.96745]],[[120.46027,22.9672],[120.46045,22.96713],[120.46055,22.96719],[120.46027,22.9672]],[[120.45666,22.96692],[120.45618,22.96813],[120.45543,22.96871],[120.45666,22.96692]],[[120.4607,22.9669],[120.46091,22.96678],[120.46094,22.96686],[120.4607,22.9669]],[[120.456,22.96665],[120.45613,22.96717],[120.45512,22.96676],[120.45588,22.96655],[120.456,22.96665]],[[120.4611,22.96648],[120.46183,22.96682],[120.46162,22.96711],[120.46114,22.96727],[120.46165,22.96681],[120.4611,22.96648]],[[120.45652,22.96662],[120.45603,22.96645],[120.45603,22.96638],[120.45652,22.96662]],[[120.47889,22.96619],[120.47939,22.96751],[120.48015,22.96771],[120.48027,22.96793],[120.48008,22.96771],[120.47991,22.96777],[120.48004,22.96788],[120.47987,22.96839],[120.48013,22.96857],[120.48002,22.96993],[120.48047,22.97025],[120.48018,22.97077],[120.48071,22.97296],[120.48107,22.97306],[120.48099,22.97368],[120.48126,22.97376],[120.48165,22.9742],[120.48139,22.97454],[120.48164,22.97463],[120.48193,22.97498],[120.48277,22.9746],[120.48327,22.97456],[120.48331,22.97567],[120.48402,22.97594],[120.48463,22.97629],[120.48489,22.97653],[120.48514,22.97688],[120.48514,22.97714],[120.48506,22.97763],[120.48507,22.97678],[120.48363,22.9758],[120.48279,22.97583],[120.48185,22.97546],[120.48128,22.97637],[120.48174,22.97481],[120.48131,22.97454],[120.48156,22.97425],[120.48091,22.97375],[120.48036,22.97218],[120.47973,22.96837],[120.47999,22.96789],[120.47923,22.96745],[120.47908,22.96776],[120.47969,22.96795],[120.47907,22.96777],[120.47913,22.96751],[120.4784,22.96781],[120.47832,22.96809],[120.47798,22.96856],[120.47803,22.9687],[120.47791,22.96896],[120.47796,22.96911],[120.47786,22.96933],[120.47787,22.96964],[120.47784,22.96977],[120.4778,22.96979],[120.47787,22.96895],[120.47806,22.96829],[120.47843,22.96773],[120.47913,22.96744],[120.47882,22.96635],[120.47889,22.96619]],[[120.4832,22.96623],[120.48416,22.96677],[120.48455,22.96703],[120.48477,22.96722],[120.48317,22.96625],[120.48231,22.9665],[120.48187,22.96645],[120.48162,22.96619],[120.4823,22.96642],[120.48277,22.96607],[120.4832,22.96623]],[[120.46065,22.96675],[120.46056,22.96682],[120.46016,22.96686],[120.45984,22.96672],[120.45954,22.96715],[120.45907,22.96711],[120.45887,22.96705],[120.45942,22.96649],[120.4606,22.96679],[120.46085,22.96614],[120.46106,22.96598],[120.46065,22.96675]],[[120.45725,22.96619],[120.45655,22.96647],[120.45615,22.96619],[120.45672,22.96589],[120.45725,22.96619]],[[120.46828,22.9663],[120.46703,22.96654],[120.46676,22.96599],[120.46768,22.96586],[120.46828,22.9663]],[[120.46115,22.96584],[120.46125,22.9657],[120.46126,22.96572],[120.46115,22.96584]],[[120.45536,22.96541],[120.45575,22.96584],[120.4549,22.96623],[120.45536,22.96541]],[[120.47665,22.96539],[120.47681,22.96594],[120.47787,22.96592],[120.47849,22.96611],[120.47675,22.96597],[120.47566,22.96492],[120.47665,22.96539]],[[120.45635,22.96475],[120.45584,22.96448],[120.45539,22.96533],[120.45515,22.96486],[120.45678,22.96388],[120.45635,22.96475]],[[120.45927,22.96369],[120.45885,22.96379],[120.45813,22.9645],[120.45844,22.96355],[120.45927,22.96369]],[[120.4583,22.96356],[120.45811,22.96329],[120.45864,22.96333],[120.4583,22.96356]],[[120.46029,22.96312],[120.4604,22.96387],[120.45954,22.96393],[120.46029,22.96312]],[[120.45658,22.96307],[120.45658,22.96319],[120.45654,22.96305],[120.45658,22.96307]],[[120.45447,22.96329],[120.45561,22.96289],[120.45651,22.96313],[120.45657,22.96328],[120.45447,22.96329]],[[120.45785,22.96243],[120.45792,22.96229],[120.45798,22.96234],[120.45785,22.96243]],[[120.45848,22.96219],[120.45841,22.96263],[120.45818,22.96232],[120.45848,22.96219]],[[120.46073,22.96217],[120.46088,22.96405],[120.46075,22.9644],[120.46052,22.96427],[120.46073,22.96217]],[[120.45484,22.96196],[120.45532,22.96209],[120.45428,22.96251],[120.45484,22.96196]],[[120.45492,22.9611],[120.4556,22.9611],[120.45519,22.9617],[120.45537,22.9613],[120.45492,22.9611]],[[120.45651,22.96054],[120.45718,22.961],[120.45656,22.96091],[120.45651,22.96054]],[[120.45584,22.95989],[120.4555,22.96028],[120.45511,22.96025],[120.45584,22.95989]],[[120.49703,22.95919],[120.49706,22.95909],[120.49725,22.95926],[120.49703,22.95919]],[[120.45521,22.9588],[120.45512,22.95931],[120.4549,22.95913],[120.45521,22.9588]],[[120.49675,22.95919],[120.49653,22.95944],[120.49624,22.95891],[120.49675,22.95919]],[[120.50214,22.95882],[120.50269,22.95965],[120.50238,22.95949],[120.50214,22.95882]],[[120.50839,22.95863],[120.50784,22.95846],[120.50784,22.95856],[120.50734,22.95875],[120.50687,22.95886],[120.5066,22.95881],[120.50648,22.95898],[120.50612,22.95889],[120.50558,22.95926],[120.50592,22.95874],[120.50817,22.95837],[120.50839,22.95863]],[[120.50168,22.95837],[120.50118,22.95852],[120.50081,22.95826],[120.50036,22.9585],[120.50081,22.95814],[120.50168,22.95837]],[[120.49268,22.95587],[120.49323,22.95935],[120.4938,22.95995],[120.49483,22.95997],[120.49487,22.96065],[120.49338,22.96008],[120.49275,22.9593],[120.49222,22.95605],[120.49268,22.95587]],[[120.49671,22.95504],[120.49656,22.95504],[120.49657,22.95488],[120.49671,22.95504]],[[120.45744,22.95377],[120.45772,22.95403],[120.45847,22.95406],[120.45772,22.95406],[120.45744,22.95379],[120.45741,22.95387],[120.45677,22.95388],[120.45723,22.95376],[120.45744,22.95377]],[[120.46353,22.95377],[120.46457,22.95644],[120.46587,22.95673],[120.46641,22.95788],[120.46682,22.95751],[120.46701,22.95783],[120.46671,22.95848],[120.46757,22.95878],[120.46677,22.95917],[120.46635,22.96062],[120.4651,22.96139],[120.46452,22.96094],[120.4641,22.9619],[120.46327,22.96212],[120.46202,22.9644],[120.46238,22.96502],[120.46154,22.96537],[120.46177,22.96494],[120.46122,22.96504],[120.45997,22.96627],[120.45908,22.96609],[120.45904,22.96567],[120.45986,22.96593],[120.46131,22.96402],[120.45981,22.95805],[120.46044,22.95832],[120.46096,22.95965],[120.4613,22.95966],[120.46131,22.95874],[120.45987,22.95708],[120.45858,22.95685],[120.45908,22.95616],[120.45873,22.9555],[120.4604,22.95527],[120.45982,22.95588],[120.46026,22.95624],[120.46107,22.95583],[120.46117,22.95499],[120.46197,22.9563],[120.46175,22.95488],[120.46242,22.95473],[120.46212,22.95386],[120.46353,22.95377]],[[120.49205,22.95058],[120.49178,22.95038],[120.49153,22.95029],[120.49182,22.95035],[120.49205,22.95058]],[[120.47845,22.95071],[120.47832,22.95033],[120.4796,22.95029],[120.47845,22.95071]],[[120.47244,22.95003],[120.47236,22.94953],[120.47268,22.94991],[120.47244,22.95003]],[[120.49249,22.94921],[120.4932,22.94993],[120.49266,22.95033],[120.49195,22.94954],[120.49249,22.94921]],[[120.48079,22.94824],[120.48069,22.94824],[120.48085,22.94824],[120.48079,22.94824]],[[120.49016,22.94848],[120.48951,22.95097],[120.49038,22.95195],[120.49098,22.95398],[120.48908,22.95069],[120.48915,22.9491],[120.48975,22.94824],[120.49016,22.94848]],[[120.47988,22.94512],[120.48059,22.94536],[120.48235,22.94539],[120.48014,22.94543],[120.48007,22.94539],[120.47988,22.94512]],[[120.49048,22.94325],[120.49078,22.94774],[120.48999,22.948],[120.49043,22.94704],[120.49011,22.94426],[120.49048,22.94325]],[[120.47187,22.93931],[120.47165,22.9394],[120.47147,22.93946],[120.47169,22.93934],[120.47187,22.93931]],[[120.47478,22.93912],[120.47517,22.93925],[120.47515,22.93964],[120.47478,22.93912]],[[120.43562,22.93837],[120.43634,22.93972],[120.43606,22.93987],[120.43562,22.93837]],[[120.43589,22.93722],[120.43605,22.93725],[120.43582,22.93766],[120.43589,22.93722]],[[120.43623,22.93711],[120.43647,22.937],[120.43646,22.93717],[120.43623,22.93711]],[[120.43595,22.93588],[120.43571,22.93666],[120.43585,22.93576],[120.43595,22.93588]],[[120.43422,22.937],[120.43338,22.93687],[120.43284,22.93545],[120.43368,22.93554],[120.43382,22.9364],[120.4342,22.93629],[120.43422,22.937]],[[120.43256,22.93458],[120.43266,22.93499],[120.43239,22.93495],[120.43256,22.93458]],[[120.42961,22.93413],[120.42928,22.93419],[120.42918,22.93393],[120.42961,22.93413]],[[120.47213,22.93407],[120.47169,22.93404],[120.47148,22.93406],[120.47177,22.93391],[120.47213,22.93407]],[[120.42957,22.9336],[120.42976,22.93357],[120.42973,22.93372],[120.42957,22.9336]],[[120.42964,22.9331],[120.42972,22.93324],[120.42964,22.93328],[120.42964,22.9331]],[[120.43422,22.93249],[120.43398,22.93238],[120.43425,22.93236],[120.43422,22.93249]],[[120.43446,22.93206],[120.43416,22.93198],[120.43425,22.9319],[120.43446,22.93206]],[[120.47213,22.93185],[120.47197,22.93172],[120.47242,22.93172],[120.47213,22.93185]],[[120.44062,22.93138],[120.44044,22.93153],[120.44046,22.93123],[120.44062,22.93138]],[[120.42995,22.93073],[120.42941,22.93155],[120.42894,22.93151],[120.42995,22.93073]],[[120.43435,22.93169],[120.43444,22.93104],[120.43342,22.93089],[120.43321,22.93133],[120.43376,22.93233],[120.43336,22.93241],[120.43312,22.9315],[120.43278,22.93203],[120.43398,22.93292],[120.43278,22.93305],[120.43257,22.93193],[120.43324,22.93063],[120.43449,22.93091],[120.43435,22.93169]],[[120.43264,22.93056],[120.43241,22.93008],[120.43304,22.93084],[120.43264,22.93056]],[[120.4306,22.93027],[120.4304,22.9299],[120.43058,22.92993],[120.4306,22.93027]],[[120.43119,22.92938],[120.43143,22.92877],[120.4314,22.92943],[120.43119,22.92938]],[[120.43115,22.92837],[120.43139,22.92866],[120.43111,22.92853],[120.43115,22.92837]],[[120.42941,22.92792],[120.42972,22.92767],[120.42986,22.92779],[120.42941,22.92792]],[[120.43435,22.9284],[120.43545,22.92871],[120.43502,22.92889],[120.43511,22.92952],[120.43472,22.9288],[120.43415,22.92914],[120.43418,22.92856],[120.4335,22.92826],[120.43456,22.9277],[120.43499,22.9276],[120.43518,22.92775],[120.43447,22.92791],[120.43435,22.9284]],[[120.43341,22.92841],[120.43279,22.92751],[120.43161,22.92708],[120.43286,22.9273],[120.43341,22.92841]],[[120.43478,22.92673],[120.43449,22.92663],[120.43468,22.9266],[120.43478,22.92673]],[[120.43821,22.92681],[120.43838,22.92665],[120.43828,22.92683],[120.43821,22.92681]],[[120.43317,22.92648],[120.43449,22.92684],[120.43381,22.92725],[120.43324,22.92679],[120.4328,22.9272],[120.43317,22.92648]],[[120.43295,22.92658],[120.43314,22.92635],[120.43329,22.92642],[120.43295,22.92658]],[[120.47546,22.9264],[120.47458,22.92666],[120.47455,22.92664],[120.47449,22.92654],[120.47546,22.9264]],[[120.43588,22.92606],[120.4359,22.92604],[120.4359,22.92606],[120.43588,22.92606]],[[120.47558,22.92638],[120.47558,22.92637],[120.47562,22.92625],[120.47569,22.92616],[120.47558,22.92638]],[[120.43857,22.9258],[120.43837,22.92693],[120.43842,22.92612],[120.43775,22.92709],[120.43804,22.92625],[120.43754,22.9273],[120.43687,22.92681],[120.43857,22.9258]],[[120.44179,22.9256],[120.44216,22.92585],[120.44196,22.92608],[120.44161,22.92603],[120.44179,22.9256]],[[120.43628,22.92568],[120.43605,22.92517],[120.43648,22.92533],[120.43628,22.92568]],[[120.47797,22.92467],[120.47765,22.9249],[120.47736,22.92511],[120.47655,22.92533],[120.4757,22.92614],[120.47557,22.92611],[120.47651,22.9253],[120.47735,22.92508],[120.47765,22.9247],[120.47795,22.92464],[120.47802,22.9245],[120.47822,22.92443],[120.47797,22.92467]],[[120.43273,22.92421],[120.43257,22.92448],[120.43249,22.92437],[120.43273,22.92421]],[[120.43146,22.92383],[120.43186,22.92404],[120.43137,22.92398],[120.43146,22.92383]],[[120.43292,22.92351],[120.43259,22.92338],[120.43276,22.92329],[120.43292,22.92351]],[[120.43589,22.92426],[120.43609,22.92493],[120.43436,22.92381],[120.43462,22.92402],[120.43399,22.92463],[120.43481,22.9253],[120.43481,22.92588],[120.43406,22.92533],[120.43412,22.92582],[120.43349,22.92576],[120.43388,22.92419],[120.43337,22.92528],[120.43275,22.92531],[120.43237,22.92478],[120.43437,22.92319],[120.43589,22.92426]],[[120.43668,22.9222],[120.43681,22.92188],[120.43701,22.92218],[120.43668,22.9222]],[[120.43604,22.92197],[120.43659,22.92221],[120.43708,22.92262],[120.43722,22.92302],[120.43691,22.92379],[120.4368,22.92249],[120.43605,22.92247],[120.43644,22.92219],[120.43604,22.92197]],[[120.43694,22.92182],[120.4372,22.92189],[120.43703,22.92201],[120.43694,22.92182]],[[120.43738,22.92177],[120.43802,22.9225],[120.43784,22.92293],[120.43716,22.92265],[120.43738,22.92177]],[[120.43664,22.92177],[120.43633,22.92168],[120.43603,22.92172],[120.43641,22.92145],[120.43664,22.92177]],[[120.43921,22.92142],[120.43839,22.92077],[120.43896,22.9211],[120.43905,22.91997],[120.43825,22.91766],[120.43887,22.91866],[120.43911,22.91996],[120.43898,22.92112],[120.43921,22.92142]],[[120.42725,22.9206],[120.42722,22.92097],[120.42708,22.92081],[120.42725,22.9206]],[[120.438,22.92063],[120.4377,22.92069],[120.43769,22.92068],[120.4378,22.92064],[120.438,22.92063]],[[120.41882,22.92041],[120.41882,22.92036],[120.41882,22.92028],[120.41882,22.92041]],[[120.41882,22.92028],[120.41873,22.92001],[120.41854,22.91974],[120.41865,22.9198],[120.41875,22.92001],[120.41882,22.92028]],[[120.43353,22.92027],[120.43363,22.92027],[120.43363,22.92028],[120.43353,22.92027]],[[120.41861,22.91963],[120.41843,22.91952],[120.41858,22.91944],[120.41861,22.91963]],[[120.42349,22.91831],[120.42336,22.91835],[120.42331,22.91821],[120.42349,22.91831]],[[120.42323,22.91819],[120.42316,22.91825],[120.42312,22.91815],[120.42323,22.91819]],[[120.4723,22.91753],[120.47501,22.91825],[120.475,22.91829],[120.4723,22.91753]],[[120.47159,22.91752],[120.47142,22.91745],[120.47172,22.91749],[120.47159,22.91752]],[[120.47201,22.91733],[120.47202,22.9173],[120.47203,22.91732],[120.47201,22.91733]],[[120.43797,22.91684],[120.43798,22.91698],[120.43795,22.91685],[120.43797,22.91684]],[[120.4724,22.91731],[120.4728,22.91715],[120.47305,22.91724],[120.47358,22.91707],[120.47316,22.91725],[120.4724,22.91731]],[[120.43783,22.91649],[120.43773,22.91627],[120.43784,22.91597],[120.43783,22.91649]],[[120.4185,22.91518],[120.41784,22.91697],[120.41874,22.91729],[120.42009,22.91834],[120.41871,22.91732],[120.41775,22.91728],[120.41798,22.91598],[120.4185,22.91518]],[[120.41618,22.91374],[120.41751,22.91417],[120.41848,22.91481],[120.41751,22.9142],[120.41715,22.91434],[120.41645,22.9142],[120.41618,22.91374]],[[120.41433,22.91342],[120.41437,22.91322],[120.4143,22.91353],[120.41433,22.91342]],[[120.43969,22.91275],[120.43963,22.91278],[120.43947,22.91253],[120.43969,22.91275]],[[120.43934,22.91254],[120.43876,22.91195],[120.43816,22.91008],[120.43885,22.90952],[120.43954,22.9095],[120.4395,22.90881],[120.43968,22.90959],[120.43848,22.9099],[120.43835,22.91014],[120.43934,22.91254]],[[120.4155,22.91188],[120.41546,22.91184],[120.41563,22.91173],[120.4155,22.91188]],[[120.41505,22.91153],[120.41511,22.91158],[120.4148,22.91202],[120.41505,22.91153]],[[120.47088,22.91138],[120.47094,22.91152],[120.47083,22.91143],[120.47088,22.91138]],[[120.41613,22.91108],[120.41584,22.91127],[120.4162,22.91097],[120.41613,22.91108]],[[120.41692,22.91051],[120.41672,22.9106],[120.41647,22.91069],[120.41692,22.91051]],[[120.41938,22.91102],[120.41816,22.91124],[120.41717,22.91116],[120.41709,22.911],[120.4193,22.91101],[120.41951,22.91076],[120.41948,22.91027],[120.41958,22.91009],[120.41957,22.91074],[120.41938,22.91102]],[[120.41825,22.90924],[120.41832,22.90912],[120.41829,22.90923],[120.41825,22.90924]],[[120.43651,22.90819],[120.43689,22.90838],[120.43652,22.90837],[120.43651,22.90819]],[[120.45701,22.90809],[120.45749,22.90952],[120.45814,22.90989],[120.45619,22.9114],[120.45737,22.91222],[120.4577,22.9135],[120.45706,22.91394],[120.45556,22.91327],[120.45608,22.9123],[120.45544,22.91076],[120.45611,22.91008],[120.45553,22.90972],[120.45486,22.91027],[120.45453,22.91001],[120.45442,22.90799],[120.45484,22.90851],[120.45567,22.90789],[120.45701,22.90809]],[[120.42028,22.90753],[120.42029,22.90763],[120.42029,22.90763],[120.42028,22.90753]],[[120.44109,22.90773],[120.44102,22.90761],[120.44094,22.90777],[120.44066,22.90785],[120.441,22.90756],[120.44104,22.90759],[120.44109,22.90773]],[[120.42313,22.90641],[120.42147,22.90719],[120.42113,22.90683],[120.42088,22.90736],[120.4204,22.90739],[120.4205,22.90708],[120.4204,22.90702],[120.41996,22.90705],[120.4197,22.90694],[120.4201,22.90725],[120.42033,22.90704],[120.42027,22.90738],[120.41979,22.90725],[120.41855,22.90878],[120.4173,22.91005],[120.41713,22.91],[120.41969,22.90732],[120.41954,22.90685],[120.42119,22.90678],[120.42148,22.90714],[120.42239,22.90648],[120.42301,22.90635],[120.42313,22.90641]],[[120.42518,22.90333],[120.42492,22.90375],[120.42486,22.90373],[120.42518,22.90333]],[[120.44418,22.90326],[120.44427,22.90327],[120.44423,22.90335],[120.44418,22.90326]],[[120.44417,22.90325],[120.44418,22.90323],[120.44418,22.90326],[120.44417,22.90325]],[[120.44457,22.90239],[120.44577,22.90316],[120.44571,22.90324],[120.44457,22.90239]],[[120.42346,22.90193],[120.4229,22.90212],[120.42259,22.90218],[120.42322,22.90192],[120.42346,22.90193]],[[120.44687,22.90199],[120.44631,22.90301],[120.4459,22.90301],[120.44633,22.90292],[120.44659,22.90203],[120.44687,22.90199]],[[120.44579,22.90217],[120.44578,22.9027],[120.44567,22.90305],[120.44576,22.90218],[120.44531,22.9019],[120.44579,22.90217]],[[120.44675,22.90164],[120.44697,22.90184],[120.44693,22.90197],[120.44675,22.90164]],[[120.44673,22.90163],[120.44604,22.90197],[120.44573,22.90114],[120.44635,22.90177],[120.44673,22.90163]],[[120.44204,22.90102],[120.44184,22.9011],[120.44189,22.90099],[120.44204,22.90102]],[[120.42774,22.90058],[120.42773,22.90074],[120.42768,22.9007],[120.42774,22.90058]],[[120.43909,22.90027],[120.43964,22.9007],[120.43901,22.9009],[120.43909,22.90027]],[[120.46356,22.90016],[120.46489,22.90124],[120.46731,22.90137],[120.46757,22.90184],[120.4648,22.90264],[120.46488,22.90391],[120.46305,22.90403],[120.46221,22.90227],[120.46356,22.90016]],[[120.42675,22.89966],[120.42678,22.89964],[120.42676,22.89966],[120.42675,22.89966]],[[120.42761,22.89702],[120.42762,22.89704],[120.42758,22.89702],[120.42761,22.89702]],[[120.42773,22.89701],[120.42778,22.89697],[120.42764,22.89703],[120.42773,22.89701]],[[120.42759,22.89702],[120.4273,22.89695],[120.4276,22.897],[120.42759,22.89702]],[[120.44421,22.89672],[120.44388,22.89666],[120.44387,22.89661],[120.44421,22.89672]],[[120.4389,22.89651],[120.4383,22.89742],[120.43815,22.89765],[120.43741,22.89785],[120.43734,22.89967],[120.43694,22.90014],[120.43652,22.90032],[120.43656,22.90085],[120.43621,22.90241],[120.43622,22.90279],[120.43648,22.9031],[120.43657,22.90352],[120.43727,22.90362],[120.43737,22.90387],[120.43724,22.90426],[120.43791,22.90453],[120.43818,22.90431],[120.43854,22.9042],[120.43878,22.90438],[120.43882,22.90448],[120.43819,22.90494],[120.43867,22.9043],[120.43833,22.90428],[120.43793,22.90456],[120.43769,22.90455],[120.43719,22.90427],[120.43725,22.90368],[120.43617,22.90351],[120.43649,22.90332],[120.43623,22.90294],[120.43611,22.90252],[120.43582,22.90272],[120.43573,22.90271],[120.43562,22.90261],[120.43609,22.90243],[120.43586,22.90205],[120.43616,22.90251],[120.43647,22.90029],[120.43568,22.90028],[120.43475,22.89953],[120.43383,22.89956],[120.43361,22.89948],[120.43323,22.89921],[120.43301,22.89986],[120.43305,22.89897],[120.43252,22.89884],[120.4319,22.89913],[120.43156,22.89918],[120.43126,22.89914],[120.43112,22.89901],[120.431,22.89864],[120.43157,22.89915],[120.43188,22.8991],[120.4325,22.89881],[120.43267,22.8988],[120.43256,22.89725],[120.43272,22.89878],[120.43308,22.89894],[120.43321,22.89916],[120.43487,22.89955],[120.43566,22.90024],[120.43676,22.90021],[120.43685,22.8988],[120.4369,22.9001],[120.4373,22.89966],[120.43729,22.89846],[120.43702,22.89775],[120.4365,22.89724],[120.43642,22.89698],[120.43675,22.89737],[120.43748,22.89689],[120.43683,22.89747],[120.43705,22.89773],[120.43729,22.89833],[120.43742,22.89779],[120.43814,22.89763],[120.43837,22.89684],[120.4389,22.89651]],[[120.44276,22.89658],[120.44256,22.89671],[120.44264,22.89643],[120.44276,22.89658]],[[120.44481,22.89639],[120.44484,22.89637],[120.44481,22.89639],[120.44481,22.89639]],[[120.43171,22.89612],[120.4312,22.8969],[120.4309,22.89675],[120.43112,22.8968],[120.43136,22.89622],[120.43171,22.89612]],[[120.4364,22.8968],[120.436,22.89678],[120.4353,22.89642],[120.43516,22.89586],[120.43531,22.89637],[120.4364,22.8968]],[[120.452,22.89462],[120.45484,22.89474],[120.45544,22.89482],[120.45557,22.89495],[120.45366,22.89503],[120.45321,22.89482],[120.45243,22.89486],[120.45197,22.89465],[120.45158,22.89485],[120.45145,22.8949],[120.45122,22.89489],[120.45111,22.89493],[120.45078,22.89528],[120.4506,22.89539],[120.44994,22.89566],[120.44799,22.89568],[120.44993,22.89565],[120.45099,22.89496],[120.452,22.89462]],[[120.43404,22.89347],[120.43404,22.89484],[120.43485,22.89497],[120.43411,22.89493],[120.4339,22.89473],[120.43401,22.8936],[120.43367,22.89382],[120.43344,22.89382],[120.43404,22.89347]],[[120.43157,22.89349],[120.43125,22.89432],[120.43078,22.89469],[120.43089,22.89513],[120.43057,22.89653],[120.43032,22.89683],[120.43075,22.89467],[120.43157,22.89349]],[[120.4324,22.89337],[120.43225,22.89316],[120.43233,22.89315],[120.4324,22.89337]],[[120.43364,22.89239],[120.43307,22.89341],[120.43298,22.89326],[120.43285,22.8933],[120.43269,22.89312],[120.43312,22.89269],[120.43176,22.89313],[120.43364,22.89239]],[[120.44555,22.89237],[120.44502,22.89361],[120.44601,22.89403],[120.44689,22.89349],[120.44742,22.89374],[120.44776,22.89455],[120.44867,22.89365],[120.44935,22.89465],[120.44986,22.89452],[120.44923,22.895],[120.44868,22.89387],[120.44759,22.89478],[120.44734,22.89385],[120.44595,22.89411],[120.44502,22.89378],[120.44489,22.89352],[120.4454,22.89241],[120.44463,22.89308],[120.44246,22.89385],[120.44252,22.89464],[120.4441,22.89422],[120.44438,22.89471],[120.44415,22.89554],[120.44505,22.89541],[120.44515,22.89553],[120.44521,22.89618],[120.44493,22.89678],[120.44505,22.89727],[120.44486,22.89677],[120.44516,22.89573],[120.44469,22.89551],[120.44463,22.89582],[120.44407,22.89569],[120.44418,22.89449],[120.44261,22.89495],[120.44219,22.8943],[120.44247,22.89365],[120.445,22.89224],[120.44555,22.89237]],[[120.4513,22.89193],[120.45265,22.89301],[120.45259,22.89369],[120.45312,22.89386],[120.45364,22.89313],[120.45346,22.8937],[120.45313,22.89396],[120.4526,22.8938],[120.45253,22.89302],[120.4514,22.89205],[120.45089,22.89214],[120.45069,22.89377],[120.45001,22.89433],[120.45054,22.89378],[120.45073,22.89211],[120.4513,22.89193]],[[120.45422,22.89169],[120.45379,22.89259],[120.45448,22.89262],[120.45475,22.89277],[120.45513,22.89224],[120.45556,22.89241],[120.45533,22.89288],[120.45662,22.89356],[120.45707,22.89485],[120.45676,22.89519],[120.45726,22.89506],[120.45799,22.89569],[120.45672,22.89529],[120.45651,22.89358],[120.45523,22.89301],[120.45528,22.89236],[120.45478,22.89286],[120.45383,22.8927],[120.4535,22.89235],[120.45287,22.89282],[120.45295,22.89235],[120.45422,22.89169]],[[120.43712,22.88808],[120.43518,22.88857],[120.4352,22.88878],[120.4347,22.89048],[120.43508,22.89095],[120.4346,22.89174],[120.43558,22.89263],[120.43598,22.8934],[120.43691,22.89312],[120.43744,22.89395],[120.43766,22.89375],[120.43781,22.89376],[120.43723,22.89485],[120.43795,22.89492],[120.43817,22.89538],[120.4395,22.89549],[120.43956,22.89576],[120.44011,22.89568],[120.44004,22.89615],[120.44072,22.89575],[120.44106,22.89603],[120.44125,22.89643],[120.44265,22.89687],[120.44319,22.89746],[120.44354,22.89704],[120.44398,22.89699],[120.44478,22.89783],[120.44569,22.89748],[120.44517,22.89729],[120.44691,22.89738],[120.44706,22.89718],[120.44753,22.89678],[120.4474,22.89625],[120.44741,22.89594],[120.44759,22.8957],[120.44768,22.89565],[120.44787,22.89565],[120.44745,22.89595],[120.44756,22.89677],[120.44691,22.89739],[120.44658,22.8975],[120.44614,22.89881],[120.44666,22.89937],[120.44609,22.90023],[120.44653,22.90076],[120.44587,22.90101],[120.44635,22.90072],[120.44581,22.90032],[120.44596,22.89978],[120.44437,22.89936],[120.44394,22.89984],[120.44265,22.90039],[120.44203,22.90028],[120.44191,22.90006],[120.44126,22.90044],[120.44096,22.90018],[120.4419,22.89998],[120.44261,22.90034],[120.44355,22.89992],[120.443,22.89903],[120.44358,22.89991],[120.44435,22.89931],[120.44521,22.89941],[120.44596,22.89973],[120.4461,22.89991],[120.44647,22.89958],[120.44593,22.89915],[120.44627,22.89758],[120.44469,22.89791],[120.44371,22.89706],[120.44331,22.89758],[120.44178,22.89764],[120.44292,22.89723],[120.44125,22.89657],[120.44088,22.89592],[120.43995,22.89622],[120.44007,22.89574],[120.43948,22.89587],[120.43949,22.8956],[120.43812,22.89542],[120.43708,22.89486],[120.43776,22.89383],[120.43737,22.89398],[120.4369,22.8932],[120.43593,22.89348],[120.43492,22.89228],[120.43453,22.89177],[120.43452,22.89126],[120.43502,22.89095],[120.43463,22.89047],[120.43515,22.88856],[120.43653,22.88777],[120.43712,22.88808]],[[120.43368,22.88679],[120.43411,22.89062],[120.43392,22.89199],[120.43341,22.88711],[120.4335,22.88684],[120.43368,22.88679]],[[120.44167,22.88642],[120.44158,22.88642],[120.44188,22.886],[120.44167,22.88642]]],[[[120.48969,23.00045],[120.48934,22.99983],[120.48916,23.00043],[120.48969,23.00045]]],[[[120.43897,22.92113],[120.43896,22.9211],[120.43894,22.92112],[120.43897,22.92113]]],[[[120.45916,22.96769],[120.45884,22.96782],[120.45916,22.96784],[120.45916,22.96769]]],[[[120.45745,22.96772],[120.45684,22.96803],[120.45675,22.96813],[120.45738,22.96834],[120.45745,22.96772]]],[[[120.45823,22.9695],[120.45803,22.96956],[120.45834,22.96969],[120.45823,22.9695]]],[[[120.45725,22.96965],[120.45747,22.96966],[120.45779,22.96942],[120.45725,22.96965]]],[[[120.4576,22.97001],[120.45643,22.97079],[120.45605,22.97046],[120.45533,22.97075],[120.45676,22.97092],[120.45725,22.97118],[120.45753,22.9707],[120.45791,22.97072],[120.45829,22.97058],[120.45874,22.9707],[120.45852,22.97015],[120.45792,22.97069],[120.4576,22.97001]],[[120.45711,22.97092],[120.45691,22.9706],[120.45724,22.97042],[120.45741,22.97051],[120.45711,22.97092]]],[[[120.45522,22.97093],[120.45577,22.97102],[120.45583,22.97141],[120.45718,22.9713],[120.45675,22.97097],[120.45522,22.97093]]],[[[120.45424,22.97181],[120.45456,22.97191],[120.45453,22.9716],[120.45481,22.97142],[120.45523,22.97156],[120.45519,22.97098],[120.45445,22.97122],[120.45424,22.97181]]],[[[120.45881,22.97076],[120.45799,22.97077],[120.45726,22.97163],[120.45718,22.97136],[120.4568,22.97137],[120.45698,22.97214],[120.45564,22.97246],[120.45646,22.9716],[120.45582,22.9715],[120.45523,22.97256],[120.45555,22.97276],[120.45595,22.97261],[120.45651,22.97264],[120.45688,22.97246],[120.45743,22.97238],[120.45651,22.97267],[120.45554,22.9728],[120.45523,22.97259],[120.4551,22.97279],[120.45484,22.97283],[120.45407,22.97348],[120.45548,22.9735],[120.45462,22.97429],[120.45637,22.97397],[120.45815,22.97266],[120.45828,22.97229],[120.45883,22.97186],[120.45879,22.97156],[120.45935,22.97118],[120.45936,22.97094],[120.45908,22.97059],[120.45902,22.97025],[120.45881,22.97076]],[[120.45789,22.97187],[120.45752,22.97142],[120.45865,22.97092],[120.45858,22.97115],[120.45789,22.97187]]],[[[120.46078,22.9694],[120.46052,22.96904],[120.46013,22.96983],[120.45934,22.96923],[120.45954,22.97264],[120.45944,22.97282],[120.45892,22.97322],[120.45898,22.97394],[120.45871,22.97368],[120.45849,22.97403],[120.45822,22.97419],[120.45904,22.97303],[120.45949,22.9727],[120.45931,22.97129],[120.45703,22.97476],[120.45585,22.97535],[120.45722,22.97448],[120.45819,22.97269],[120.45649,22.97399],[120.45436,22.97457],[120.45451,22.97509],[120.45573,22.97551],[120.45518,22.97581],[120.45585,22.97647],[120.45918,22.9752],[120.45929,22.97523],[120.45969,22.97545],[120.46085,22.97545],[120.46105,22.97553],[120.45978,22.9755],[120.45918,22.97523],[120.45601,22.97644],[120.45671,22.97759],[120.45868,22.97806],[120.45914,22.97765],[120.46125,22.97905],[120.46253,22.97885],[120.46285,22.9776],[120.46218,22.97691],[120.46164,22.97504],[120.46142,22.9737],[120.46175,22.97287],[120.46075,22.97146],[120.46121,22.97077],[120.46105,22.96958],[120.46146,22.96943],[120.46078,22.9694]]],[[[120.48283,22.97463],[120.48267,22.97482],[120.48284,22.97485],[120.48316,22.97502],[120.48283,22.97463]]],[[[120.48323,22.97552],[120.48272,22.97484],[120.48173,22.97505],[120.48281,22.97578],[120.48323,22.97552]]],[[[120.4569,22.97967],[120.45529,22.97992],[120.4564,22.9803],[120.4569,22.97967]]],[[[120.46362,22.98236],[120.46398,22.98275],[120.46402,22.98301],[120.4641,22.983],[120.46416,22.9826],[120.46362,22.98236]]],[[[120.46483,22.9831],[120.4642,22.98261],[120.46414,22.98298],[120.46483,22.9831]]],[[[120.46413,22.98307],[120.46359,22.98368],[120.46425,22.98388],[120.46413,22.98307]]],[[[120.46499,22.98419],[120.46474,22.98374],[120.46446,22.98393],[120.46499,22.98419]]],[[[120.46552,22.9857],[120.46527,22.98539],[120.46514,22.98534],[120.46552,22.9857]]],[[[120.48357,22.98548],[120.48368,22.98573],[120.4838,22.98554],[120.48357,22.98548]]],[[[120.47203,22.98894],[120.47157,22.98968],[120.47221,22.98895],[120.47203,22.98894]]],[[[120.46681,22.9927],[120.46681,22.99229],[120.4667,22.99258],[120.46633,22.9925],[120.46681,22.9927]]],[[[120.46638,22.9928],[120.46676,22.99278],[120.46638,22.99268],[120.46638,22.9928]]],[[[120.46552,22.99266],[120.46616,22.99402],[120.46683,22.99343],[120.46645,22.9932],[120.46622,22.99266],[120.46552,22.99266]]],[[[120.47103,22.99547],[120.47144,22.99565],[120.4715,22.99583],[120.47164,22.99586],[120.47141,22.99553],[120.47103,22.99547]]],[[[120.47234,22.99622],[120.47276,22.99632],[120.47174,22.99589],[120.47193,22.99614],[120.47234,22.99622]]],[[[120.4648,22.99656],[120.46503,22.9963],[120.46494,22.996],[120.46471,22.99608],[120.4648,22.99656]]],[[[120.46466,22.99685],[120.46475,22.99686],[120.46468,22.99676],[120.46466,22.99685]]],[[[120.46439,22.99736],[120.46461,22.99725],[120.46456,22.9972],[120.46439,22.99736]]],[[[120.47274,22.99733],[120.47245,22.99754],[120.47274,22.99753],[120.47274,22.99733]]],[[[120.46529,22.99856],[120.46526,22.99874],[120.46538,22.99851],[120.46529,22.99856]]],[[[120.46513,22.99873],[120.46454,23.00029],[120.46429,23.00054],[120.46447,23.00076],[120.46544,23.00004],[120.46511,22.99961],[120.46521,22.99927],[120.465,22.99915],[120.46513,22.99873]]],[[[120.48497,23.00221],[120.48518,23.00226],[120.48538,23.00208],[120.48497,23.00221]]],[[[120.48478,23.00225],[120.4848,23.00219],[120.48464,23.00216],[120.48478,23.00225]]],[[[120.46836,23.00351],[120.46823,23.00323],[120.46807,23.00358],[120.46836,23.00351]]],[[[120.49592,22.9795],[120.4959,22.97967],[120.49607,22.97953],[120.49592,22.9795]]],[[[120.49537,22.97997],[120.49461,22.98063],[120.49483,22.98165],[120.49421,22.98188],[120.496,22.98281],[120.49598,22.97998],[120.49572,22.98031],[120.49537,22.97997]]],[[[120.49372,22.98315],[120.4938,22.98345],[120.49388,22.98348],[120.49372,22.98315]]],[[[120.49298,22.98411],[120.49282,22.98381],[120.49257,22.98411],[120.49298,22.98411]]],[[[120.49545,22.98462],[120.49593,22.98384],[120.49504,22.9848],[120.49545,22.98462]]],[[[120.48884,22.9855],[120.48916,22.98575],[120.48936,22.98573],[120.48884,22.9855]]],[[[120.48924,22.98586],[120.48937,22.98592],[120.48931,22.98586],[120.48924,22.98586]]],[[[120.48732,22.98586],[120.48782,22.98597],[120.48781,22.98583],[120.48732,22.98586]]],[[[120.48777,22.98613],[120.48803,22.98609],[120.48758,22.98613],[120.48777,22.98613]]],[[[120.48839,22.98617],[120.48864,22.98625],[120.48867,22.98621],[120.48839,22.98617]]],[[[120.49334,22.98697],[120.49321,22.9872],[120.49339,22.98702],[120.49334,22.98697]]],[[[120.49404,22.98722],[120.494,22.98715],[120.49412,22.98756],[120.49404,22.98722]]],[[[120.49177,22.98675],[120.49089,22.98808],[120.49165,22.9884],[120.49168,22.98847],[120.49158,22.9888],[120.49216,22.98821],[120.49302,22.98769],[120.49286,22.98727],[120.49292,22.9871],[120.49177,22.98675]]],[[[120.49391,22.98709],[120.49332,22.98732],[120.49295,22.98717],[120.49304,22.98773],[120.49166,22.98876],[120.49184,22.98897],[120.49176,22.98944],[120.49299,22.9905],[120.49317,22.99042],[120.49504,22.98993],[120.49632,22.99067],[120.49891,22.9908],[120.49949,22.99159],[120.50117,22.99176],[120.50206,22.98928],[120.50114,22.98863],[120.50052,22.98851],[120.50023,22.98934],[120.49908,22.99052],[120.49845,22.99067],[120.49658,22.98907],[120.498,22.98941],[120.49895,22.99031],[120.49978,22.98897],[120.4989,22.98844],[120.4987,22.9885],[120.49752,22.98837],[120.49668,22.98863],[120.49612,22.98782],[120.49542,22.98803],[120.49531,22.98796],[120.49516,22.98776],[120.4947,22.98791],[120.49446,22.98769],[120.49508,22.98857],[120.49628,22.989],[120.49551,22.989],[120.49408,22.98771],[120.49391,22.98709]]],[[[120.4985,22.99022],[120.49797,22.98953],[120.49738,22.98942],[120.49803,22.99019],[120.4985,22.99022]]],[[[120.50288,22.99058],[120.50218,22.98921],[120.50124,22.99184],[120.50288,22.99058]]],[[[120.49503,22.98996],[120.49313,22.99051],[120.49292,22.99052],[120.49323,22.99165],[120.49312,22.99204],[120.49377,22.9928],[120.49442,22.99261],[120.49419,22.99202],[120.49437,22.99205],[120.49446,22.99179],[120.4954,22.99139],[120.49663,22.99125],[120.49792,22.99224],[120.49949,22.99161],[120.49885,22.99087],[120.49743,22.99101],[120.49631,22.99068],[120.49562,22.99042],[120.49503,22.98996]]],[[[120.50865,22.99173],[120.5087,22.99141],[120.50846,22.99168],[120.50865,22.99173]]],[[[120.50863,22.9918],[120.50917,22.99227],[120.50881,22.99165],[120.50863,22.9918]]],[[[120.49574,22.99263],[120.49628,22.99269],[120.49573,22.99367],[120.49734,22.99387],[120.4972,22.99364],[120.49723,22.99349],[120.49761,22.99293],[120.4978,22.99291],[120.49812,22.99297],[120.49834,22.99307],[120.499,22.99294],[120.49856,22.99239],[120.49589,22.99192],[120.49574,22.99263]]],[[[120.50002,22.99338],[120.49986,22.9928],[120.49948,22.99296],[120.49957,22.99311],[120.50002,22.99338]]],[[[120.49801,22.99473],[120.49762,22.99415],[120.49727,22.99447],[120.49789,22.99468],[120.49798,22.99523],[120.49801,22.99473]]],[[[120.49789,22.99527],[120.49739,22.99473],[120.49748,22.99536],[120.49789,22.99527]]],[[[120.49787,22.99551],[120.49715,22.99602],[120.497,22.99635],[120.49787,22.99551]]],[[[120.49676,22.99633],[120.49569,22.99602],[120.49511,22.99635],[120.49462,22.99799],[120.49474,22.99777],[120.49527,22.99744],[120.49637,22.997],[120.49641,22.99662],[120.49676,22.99633]]],[[[120.50146,22.99618],[120.50178,22.99805],[120.50124,22.99813],[120.50092,22.9994],[120.50116,22.9994],[120.50171,23.00008],[120.50294,23.00025],[120.50146,22.99618]]],[[[120.49002,22.99947],[120.48966,22.99971],[120.48972,23.0],[120.49002,22.99947]]],[[[120.49252,23.00063],[120.49277,23.00068],[120.49271,23.00053],[120.49252,23.00063]]],[[[120.49135,23.00223],[120.4908,23.0023],[120.49078,23.00249],[120.49135,23.00223]]],[[[120.50539,23.00191],[120.50675,23.00361],[120.50713,23.00357],[120.50708,23.00329],[120.50686,23.00323],[120.50654,23.00294],[120.50664,23.00291],[120.50711,23.00325],[120.5072,23.00356],[120.51008,23.00278],[120.50862,23.00212],[120.50895,23.0027],[120.50885,23.00272],[120.50848,23.00218],[120.50716,23.0016],[120.50671,23.00115],[120.50539,23.00191]]],[[[120.48845,23.00193],[120.48779,23.00246],[120.48679,23.00269],[120.48804,23.00257],[120.48845,23.00193]]],[[[120.50462,23.00308],[120.50551,23.00499],[120.50657,23.00451],[120.50604,23.00506],[120.50502,23.00519],[120.5063,23.00611],[120.50712,23.00445],[120.50647,23.00383],[120.50595,23.00417],[120.50538,23.00399],[120.50462,23.00308]]],[[[120.50482,23.0059],[120.50516,23.00589],[120.50419,23.0052],[120.50412,23.00592],[120.50467,23.00598],[120.50474,23.00654],[120.50482,23.0059]]],[[[120.50576,23.0064],[120.50514,23.00593],[120.50487,23.00608],[120.50576,23.0064]]],[[[120.5028,23.00619],[120.50258,23.00626],[120.50263,23.00644],[120.5028,23.00619]]],[[[120.48908,23.00926],[120.48924,23.00891],[120.48875,23.00942],[120.48908,23.00926]]],[[[120.4992,23.01107],[120.49926,23.01069],[120.49919,23.0109],[120.49858,23.01108],[120.4992,23.01107]]],[[[120.49879,23.01152],[120.49861,23.01134],[120.49844,23.01164],[120.49879,23.01152]]],[[[120.49835,23.01162],[120.49838,23.01192],[120.4985,23.01195],[120.49835,23.01162]]],[[[120.50992,22.99182],[120.5105,22.99187],[120.51045,22.99235],[120.51107,22.99204],[120.51056,22.99126],[120.50992,22.99182]]],[[[120.51188,22.99299],[120.512,22.99235],[120.5112,22.99225],[120.51188,22.99299]]],[[[120.51174,22.99299],[120.51142,22.99295],[120.51149,22.99309],[120.51174,22.99299]]],[[[120.51156,22.99348],[120.51167,22.99346],[120.51159,22.99336],[120.51156,22.99348]]],[[[120.51216,23.00217],[120.51176,23.00237],[120.51161,23.00227],[120.51134,23.00227],[120.5111,23.00218],[120.51105,23.00211],[120.51109,23.00222],[120.51179,23.0024],[120.51216,23.00217]]],[[[120.518,23.00393],[120.51788,23.00416],[120.51813,23.00396],[120.518,23.00393]]],[[[120.50836,23.00334],[120.50903,23.00404],[120.50984,23.0053],[120.51008,23.00282],[120.50836,23.00334]]],[[[120.51442,23.005],[120.51539,23.00409],[120.5148,23.00431],[120.51442,23.005]]],[[[120.51044,23.00773],[120.51048,23.00766],[120.51043,23.00768],[120.51044,23.00773]]],[[[120.50791,22.98985],[120.50858,22.99104],[120.50933,22.99108],[120.50904,22.99156],[120.50992,22.99166],[120.51062,22.99116],[120.51137,22.99216],[120.51205,22.9922],[120.51253,22.99351],[120.51353,22.99311],[120.51385,22.9931],[120.51444,22.99332],[120.51449,22.99345],[120.51404,22.99368],[120.51489,22.9935],[120.51517,22.99397],[120.51542,22.99394],[120.51561,22.9941],[120.51569,22.99433],[120.51583,22.99422],[120.51611,22.99451],[120.5165,22.99436],[120.51721,22.99446],[120.51722,22.99476],[120.51726,22.99474],[120.51763,22.99478],[120.51791,22.99474],[120.51803,22.99489],[120.51832,22.99469],[120.51839,22.99469],[120.51853,22.99494],[120.51863,22.99481],[120.51891,22.9948],[120.51899,22.99467],[120.52026,22.99515],[120.52159,22.99631],[120.52175,22.99671],[120.52177,22.99688],[120.52176,22.99703],[120.52165,22.99726],[120.5215,22.99737],[120.52155,22.99749],[120.52154,22.99762],[120.52148,22.99738],[120.52175,22.99688],[120.52157,22.99633],[120.52025,22.99518],[120.51898,22.99471],[120.51896,22.99482],[120.51855,22.99496],[120.51722,22.99479],[120.51717,22.99451],[120.51609,22.99459],[120.51507,22.99397],[120.51486,22.99358],[120.51398,22.99377],[120.51398,22.99348],[120.51434,22.99337],[120.51389,22.99317],[120.51247,22.99359],[120.51199,22.99308],[120.51174,22.99359],[120.51154,22.99362],[120.50905,22.9923],[120.50757,22.9947],[120.50714,22.99418],[120.50745,22.99372],[120.50715,22.99279],[120.50817,22.99308],[120.50768,22.99191],[120.50828,22.99185],[120.50852,22.99132],[120.50801,22.9901],[120.50757,22.99067],[120.5062,22.99104],[120.50594,22.99074],[120.50588,22.98993],[120.50482,22.99062],[120.50472,22.98981],[120.5032,22.98984],[120.50264,22.99142],[120.50095,22.9923],[120.50167,22.9926],[120.50116,22.99366],[120.50025,22.99331],[120.50081,22.99231],[120.50018,22.99242],[120.49994,22.99226],[120.50078,22.99205],[120.49944,22.99196],[120.499,22.99253],[120.49946,22.99292],[120.50037,22.99264],[120.50051,22.99275],[120.5002,22.99341],[120.50158,22.9961],[120.50255,22.99576],[120.50171,22.9962],[120.5031,23.00014],[120.50357,22.9998],[120.50444,22.99958],[120.5032,23.00011],[120.50339,23.00152],[120.50585,23.00411],[120.50644,23.00374],[120.50504,23.0019],[120.50604,23.00088],[120.50885,23.00181],[120.50921,23.00158],[120.50904,23.00216],[120.50999,23.00253],[120.50968,23.00203],[120.51046,23.00234],[120.51104,23.00207],[120.51112,23.00216],[120.51144,23.00219],[120.51161,23.00224],[120.51175,23.00235],[120.51185,23.00221],[120.51344,23.0015],[120.51458,23.00188],[120.51329,23.00158],[120.5125,23.00229],[120.51234,23.00214],[120.5118,23.00242],[120.51059,23.0024],[120.50995,23.00428],[120.51069,23.00554],[120.51252,23.00399],[120.51354,23.00419],[120.51415,23.00506],[120.51478,23.00422],[120.51529,23.00398],[120.51545,23.00403],[120.51574,23.00448],[120.5162,23.00412],[120.51687,23.00449],[120.51728,23.00407],[120.51762,23.00445],[120.51768,23.00391],[120.51862,23.00347],[120.51879,23.00296],[120.51962,23.00205],[120.52117,23.00192],[120.52178,23.00212],[120.52189,23.00239],[120.52249,23.00198],[120.52292,23.00223],[120.52323,23.002],[120.52373,23.00192],[120.52359,23.00165],[120.52368,23.00156],[120.52426,23.00178],[120.52399,23.00147],[120.52422,23.00132],[120.52546,23.00198],[120.52525,23.00228],[120.5258,23.00212],[120.526,23.00218],[120.52621,23.00207],[120.5262,23.0025],[120.52648,23.00219],[120.52686,23.00208],[120.5262,23.00255],[120.5261,23.00237],[120.52619,23.00211],[120.526,23.00223],[120.52525,23.00233],[120.52521,23.00218],[120.52542,23.002],[120.52417,23.00136],[120.52432,23.00182],[120.52368,23.00161],[120.52374,23.00199],[120.52301,23.00228],[120.52251,23.00202],[120.52183,23.00245],[120.52117,23.00196],[120.51962,23.00219],[120.51833,23.00409],[120.51893,23.00417],[120.51897,23.00458],[120.5191,23.00433],[120.5192,23.00429],[120.52024,23.00493],[120.52138,23.00467],[120.52223,23.00466],[120.52255,23.0049],[120.52297,23.00472],[120.52452,23.00549],[120.52522,23.0063],[120.52549,23.00603],[120.52752,23.00579],[120.52805,23.00601],[120.52519,23.00639],[120.52361,23.0051],[120.52251,23.00501],[120.52195,23.00468],[120.52012,23.00498],[120.51931,23.00442],[120.51894,23.00467],[120.51817,23.00408],[120.51787,23.00469],[120.51736,23.00438],[120.51701,23.00471],[120.51616,23.0043],[120.51421,23.00524],[120.51338,23.00424],[120.51248,23.00439],[120.51325,23.00554],[120.51337,23.00457],[120.5135,23.00559],[120.51458,23.00677],[120.51487,23.00697],[120.51529,23.0069],[120.51545,23.00693],[120.51579,23.0071],[120.51488,23.00699],[120.51598,23.00852],[120.51555,23.00869],[120.51678,23.00961],[120.51659,23.00882],[120.51727,23.00954],[120.51714,23.01056],[120.51607,23.01132],[120.51653,23.01198],[120.51843,23.01218],[120.51895,23.01177],[120.52039,23.01245],[120.52073,23.01298],[120.52171,23.01302],[120.52129,23.01243],[120.52073,23.01258],[120.5203,23.01225],[120.52141,23.01228],[120.52152,23.01212],[120.52188,23.01206],[120.52152,23.01171],[120.52155,23.01168],[120.5215,23.01162],[120.52148,23.01147],[120.52149,23.01146],[120.52324,23.01149],[120.52359,23.01089],[120.52413,23.01177],[120.52428,23.01135],[120.52492,23.01133],[120.52474,23.01077],[120.52505,23.00951],[120.5255,23.00904],[120.52636,23.00865],[120.52782,23.00831],[120.52799,23.0083],[120.52855,23.0085],[120.52746,23.00846],[120.52795,23.00854],[120.52838,23.00896],[120.52725,23.00855],[120.52519,23.00943],[120.52495,23.01047],[120.52529,23.01038],[120.52698,23.01097],[120.525,23.01053],[120.52503,23.01135],[120.52438,23.01188],[120.52389,23.01184],[120.52346,23.01142],[120.52271,23.01171],[120.52192,23.01155],[120.52198,23.01207],[120.52151,23.01243],[120.52379,23.01358],[120.52374,23.01412],[120.52433,23.01356],[120.52452,23.01468],[120.52571,23.0137],[120.52704,23.01498],[120.52746,23.01582],[120.52881,23.01512],[120.52932,23.01515],[120.52964,23.01553],[120.52889,23.01525],[120.52874,23.01531],[120.52898,23.01555],[120.52879,23.0159],[120.52865,23.01529],[120.52821,23.01587],[120.52737,23.01596],[120.52696,23.01504],[120.52644,23.01507],[120.52597,23.0142],[120.52551,23.01397],[120.52495,23.01436],[120.52464,23.01537],[120.52557,23.01546],[120.52547,23.01594],[120.52481,23.01627],[120.52574,23.01662],[120.52606,23.01716],[120.52571,23.0175],[120.52508,23.01748],[120.52571,23.01779],[120.52633,23.01938],[120.52713,23.01965],[120.52725,23.01936],[120.5276,23.01921],[120.52833,23.01925],[120.52969,23.0197],[120.53,23.02022],[120.53146,23.02004],[120.53339,23.02063],[120.53319,23.02134],[120.53275,23.0216],[120.53249,23.02149],[120.53131,23.02027],[120.53094,23.02053],[120.52918,23.02002],[120.52909,23.02044],[120.52874,23.02062],[120.52901,23.01997],[120.52691,23.01985],[120.52518,23.01927],[120.52501,23.01874],[120.52535,23.01789],[120.52472,23.01785],[120.52452,23.01762],[120.52495,23.01729],[120.5248,23.01712],[120.52453,23.01664],[120.52452,23.01655],[120.52457,23.01637],[120.52473,23.01615],[120.52471,23.01599],[120.52406,23.01602],[120.52285,23.01448],[120.52248,23.01477],[120.52238,23.01556],[120.52198,23.01629],[120.52183,23.01648],[120.52145,23.01673],[120.52126,23.01816],[120.52106,23.01856],[120.52287,23.01943],[120.52357,23.02006],[120.52315,23.02031],[120.52364,23.02082],[120.52401,23.02022],[120.52499,23.02083],[120.5246,23.02188],[120.52548,23.02169],[120.52572,23.02092],[120.52685,23.02098],[120.52518,23.02216],[120.52777,23.02378],[120.52768,23.0223],[120.52803,23.02199],[120.5287,23.02308],[120.52855,23.02427],[120.52948,23.02452],[120.52927,23.0253],[120.53066,23.02635],[120.53152,23.02652],[120.53195,23.02605],[120.53165,23.02569],[120.53175,23.02533],[120.53208,23.02522],[120.53211,23.026],[120.53315,23.02474],[120.53313,23.02663],[120.53359,23.0266],[120.53348,23.02598],[120.53574,23.02604],[120.53657,23.02563],[120.53668,23.02489],[120.53526,23.02396],[120.53357,23.02181],[120.53347,23.02126],[120.53452,23.02073],[120.53425,23.02018],[120.53475,23.01924],[120.5353,23.01946],[120.5358,23.01888],[120.53528,23.01854],[120.53557,23.01832],[120.53495,23.01625],[120.53406,23.01568],[120.53446,23.01536],[120.53224,23.01487],[120.53386,23.01489],[120.53441,23.01401],[120.53362,23.0127],[120.53273,23.01318],[120.53253,23.01266],[120.53282,23.01226],[120.53215,23.01129],[120.53305,23.01189],[120.53316,23.0113],[120.53265,23.00773],[120.53186,23.00768],[120.53153,23.00873],[120.53022,23.00824],[120.5303,23.00732],[120.52928,23.0058],[120.52984,23.00489],[120.52941,23.00375],[120.52956,23.00123],[120.52724,23.00027],[120.526,22.99827],[120.52567,22.99848],[120.52537,22.99851],[120.52429,22.99768],[120.52398,22.99722],[120.52344,22.99739],[120.52311,22.99738],[120.52296,22.9976],[120.52274,22.9978],[120.52211,22.9982],[120.52114,22.99863],[120.5207,22.99908],[120.52038,22.99929],[120.5199,22.99996],[120.51968,23.00011],[120.51931,23.00098],[120.51883,23.0014],[120.51843,23.00156],[120.51785,23.00156],[120.51717,23.00222],[120.51675,23.00238],[120.51658,23.00241],[120.51548,23.00207],[120.51505,23.00176],[120.51658,23.00238],[120.51784,23.00152],[120.51889,23.00133],[120.51929,23.00096],[120.51954,23.00022],[120.52035,22.99926],[120.52112,22.9986],[120.52271,22.99777],[120.52308,22.99735],[120.52397,22.99719],[120.52418,22.99723],[120.5254,22.99847],[120.52601,22.99821],[120.52705,22.99642],[120.52586,22.99397],[120.52496,22.99354],[120.52478,22.99107],[120.52429,22.99042],[120.52331,22.9902],[120.52306,22.9905],[120.52269,22.99064],[120.52242,22.99068],[120.52094,22.99034],[120.51948,22.99077],[120.51899,22.99081],[120.51751,22.99075],[120.51653,22.99055],[120.51612,22.9904],[120.5158,22.99021],[120.51549,22.9897],[120.5152,22.98973],[120.51505,22.98962],[120.51412,22.9897],[120.51344,22.98951],[120.51293,22.98969],[120.51106,22.98967],[120.5089,22.98931],[120.50791,22.98985]],[[120.52952,23.02072],[120.52896,23.02086],[120.52877,23.0208],[120.52952,23.02072]],[[120.51684,23.00706],[120.51738,23.00762],[120.5177,23.00812],[120.51775,23.00833],[120.51771,23.0085],[120.51764,23.00858],[120.5177,23.00892],[120.51755,23.00919],[120.51758,23.00795],[120.51683,23.00707],[120.51637,23.00704],[120.51611,23.00697],[120.516,23.00686],[120.51594,23.00687],[120.516,23.00683],[120.51684,23.00706]],[[120.51346,23.00184],[120.51304,23.00227],[120.51269,23.00219],[120.51343,23.00181],[120.51388,23.00192],[120.51384,23.00213],[120.51346,23.00184]],[[120.50151,22.99552],[120.50212,22.9953],[120.50221,22.99535],[120.50151,22.99552]]],[[[120.51041,23.00622],[120.50985,23.00703],[120.51037,23.00695],[120.51061,23.00726],[120.51028,23.00704],[120.51011,23.00778],[120.51034,23.00759],[120.51057,23.00766],[120.51071,23.00785],[120.51036,23.00808],[120.51074,23.00856],[120.51024,23.00891],[120.51053,23.00917],[120.51013,23.00939],[120.51026,23.00997],[120.5108,23.01011],[120.51062,23.01055],[120.51167,23.0097],[120.51125,23.00861],[120.51162,23.0086],[120.51185,23.00728],[120.50996,23.00553],[120.51041,23.00622]]],[[[120.50997,23.00537],[120.51368,23.00885],[120.51563,23.01201],[120.51585,23.01098],[120.51691,23.00987],[120.51553,23.00884],[120.51508,23.00873],[120.51543,23.00901],[120.51557,23.00952],[120.51504,23.00895],[120.51482,23.00847],[120.51504,23.00773],[120.51302,23.00613],[120.51272,23.00484],[120.51236,23.00451],[120.51046,23.0057],[120.50997,23.00537]],[[120.51482,23.00796],[120.51397,23.00873],[120.51383,23.00869],[120.51374,23.00858],[120.51358,23.00831],[120.51397,23.00871],[120.51482,23.00796]]],[[[120.5102,23.00843],[120.51031,23.00829],[120.51005,23.00828],[120.5102,23.00843]]],[[[120.51505,23.00847],[120.51508,23.00827],[120.51491,23.00837],[120.51505,23.00847]]],[[[120.51039,23.00833],[120.51024,23.00877],[120.51028,23.00881],[120.51046,23.00862],[120.51048,23.00839],[120.51039,23.00833]]],[[[120.51069,23.01143],[120.51051,23.01165],[120.5106,23.01177],[120.51069,23.01143]]],[[[120.51,23.01156],[120.51023,23.01242],[120.51041,23.01078],[120.51,23.01156]]],[[[120.51667,23.01228],[120.51693,23.01227],[120.51692,23.01221],[120.51667,23.01228]]],[[[120.51734,23.01223],[120.5171,23.01272],[120.52054,23.01296],[120.51896,23.01206],[120.51862,23.0125],[120.51734,23.01223]]],[[[120.51704,23.01271],[120.51615,23.01242],[120.51598,23.01246],[120.51704,23.01271]]],[[[120.5229,23.01425],[120.52344,23.01342],[120.52232,23.01319],[120.5229,23.01425]]],[[[120.52204,23.01415],[120.52169,23.01552],[120.52228,23.01566],[120.5225,23.01438],[120.5228,23.01436],[120.52172,23.01308],[120.52142,23.01325],[120.52204,23.01415]]],[[[120.5227,23.0145],[120.52251,23.01441],[120.52247,23.01475],[120.5227,23.0145]]],[[[120.52291,23.01426],[120.52415,23.01573],[120.52435,23.01556],[120.52358,23.01386],[120.52291,23.01426]]],[[[120.52655,23.01485],[120.52659,23.01505],[120.52678,23.01501],[120.52655,23.01485]]],[[[120.52107,23.01512],[120.52071,23.01685],[120.52087,23.01754],[120.52094,23.0173],[120.52129,23.01732],[120.52141,23.01672],[120.52225,23.01569],[120.52167,23.01555],[120.52157,23.0144],[120.52201,23.01415],[120.52139,23.01327],[120.5217,23.01309],[120.52075,23.01304],[120.52107,23.01512]]],[[[120.52463,23.01568],[120.5245,23.01571],[120.52468,23.01577],[120.52463,23.01568]]],[[[120.52476,23.01615],[120.52542,23.01555],[120.52494,23.01546],[120.52476,23.01615]]],[[[120.52448,23.01573],[120.52439,23.01597],[120.52459,23.0158],[120.52448,23.01573]]],[[[120.52458,23.01644],[120.52533,23.01745],[120.52579,23.01707],[120.52458,23.01644]]],[[[120.52505,23.01747],[120.5247,23.0177],[120.52526,23.01779],[120.52505,23.01747]]],[[[120.52103,23.01822],[120.5213,23.01737],[120.52095,23.01732],[120.52103,23.01822]]],[[[120.52515,23.01905],[120.52611,23.01924],[120.52547,23.01826],[120.52515,23.01905]]],[[[120.51988,23.0189],[120.52054,23.01857],[120.52043,23.01847],[120.51988,23.0189]]],[[[120.52723,23.01966],[120.52755,23.01969],[120.52737,23.01942],[120.52723,23.01966]]],[[[120.52644,23.01946],[120.52695,23.01974],[120.52703,23.01962],[120.52644,23.01946]]],[[[120.52805,23.01971],[120.52921,23.01998],[120.52967,23.01987],[120.52805,23.01971]]],[[[120.53135,23.02023],[120.53263,23.02154],[120.53331,23.02088],[120.53135,23.02023]]]]}},{"type":"Feature","properties":{"zone":"森林區","town":"內門區"},"geometry":{"type":"MultiPolygon","coordinates":[[[[120.42644,22.91876],[120.42597,22.92032],[120.42699,22.91957],[120.42771,22.92017],[120.42846,22.92013],[120.42644,22.91876]]],[[[120.42869,22.92017],[120.42847,22.91991],[120.42834,22.91986],[120.42869,22.92017]]],[[[120.42722,22.92097],[120.42725,22.9206],[120.42708,22.92081],[120.42722,22.92097]]],[[[120.42931,22.92086],[120.4275,22.92092],[120.42833,22.9213],[120.42931,22.92086]]],[[[120.42695,22.92107],[120.427,22.92092],[120.42687,22.92087],[120.42695,22.92107]]],[[[120.42725,22.92142],[120.42726,22.92123],[120.42711,22.92133],[120.42725,22.92142]]],[[[120.42718,22.92175],[120.42717,22.92153],[120.42708,22.9217],[120.42718,22.92175]]],[[[120.42772,22.92219],[120.42751,22.92231],[120.42759,22.92236],[120.42772,22.92219]]],[[[120.42778,22.92264],[120.42784,22.92241],[120.42773,22.9226],[120.42778,22.92264]]],[[[120.42847,22.92271],[120.42849,22.92243],[120.42828,22.92239],[120.42847,22.92271]]],[[[120.42964,22.92388],[120.42898,22.92246],[120.42838,22.92279],[120.429,22.92327],[120.42862,22.92394],[120.42964,22.92388]]],[[[120.43257,22.92448],[120.43273,22.92421],[120.43249,22.92437],[120.43257,22.92448]]],[[[120.43437,22.92319],[120.43237,22.92478],[120.43275,22.92531],[120.43337,22.92528],[120.43388,22.92419],[120.43359,22.92581],[120.43412,22.92582],[120.43406,22.92533],[120.435,22.92566],[120.43399,22.92463],[120.43453,22.92371],[120.43609,22.92493],[120.43589,22.92426],[120.43437,22.92319]]],[[[120.43154,22.92539],[120.43141,22.92552],[120.43158,22.92566],[120.43154,22.92539]]],[[[120.43037,22.92547],[120.43023,22.9255],[120.43051,22.92565],[120.43037,22.92547]]],[[[120.43183,22.92554],[120.4321,22.92602],[120.43218,22.92571],[120.43183,22.92554]]],[[[120.42997,22.92589],[120.43009,22.92598],[120.43013,22.92591],[120.42997,22.92589]]],[[[120.43314,22.92635],[120.43295,22.92658],[120.43329,22.92642],[120.43314,22.92635]]],[[[120.43456,22.92692],[120.43468,22.9266],[120.43449,22.92663],[120.43456,22.92692]]],[[[120.43317,22.92648],[120.43296,22.92731],[120.43324,22.92679],[120.43381,22.92725],[120.43449,22.92684],[120.43317,22.92648]]],[[[120.43327,22.92839],[120.43345,22.92795],[120.43286,22.9273],[120.43161,22.92708],[120.43279,22.92751],[120.43327,22.92839]]],[[[120.42956,22.92769],[120.42941,22.92792],[120.42986,22.92779],[120.42956,22.92769]]],[[[120.43116,22.92862],[120.43127,22.92856],[120.43112,22.92839],[120.43116,22.92862]]],[[[120.43544,22.92876],[120.4342,22.92819],[120.43499,22.9276],[120.4335,22.92826],[120.43418,22.92856],[120.43415,22.92914],[120.43472,22.9288],[120.43502,22.92955],[120.43502,22.92889],[120.43544,22.92876]]],[[[120.43146,22.92881],[120.43096,22.92892],[120.4314,22.92943],[120.43146,22.92881]]],[[[120.43268,22.93027],[120.43242,22.93033],[120.43304,22.93084],[120.43268,22.93027]]],[[[120.42995,22.93073],[120.42894,22.93151],[120.42941,22.93155],[120.42995,22.93073]]],[[[120.43446,22.93149],[120.43449,22.93091],[120.43324,22.93063],[120.43257,22.93193],[120.43278,22.93305],[120.43398,22.93292],[120.43278,22.93203],[120.43312,22.9315],[120.43336,22.93241],[120.43376,22.93233],[120.43321,22.93133],[120.43342,22.93089],[120.43444,22.93104],[120.43446,22.93149]]],[[[120.43416,22.93198],[120.43446,22.93206],[120.43425,22.9319],[120.43416,22.93198]]],[[[120.43398,22.93238],[120.43422,22.93249],[120.43425,22.93236],[120.43398,22.93238]]],[[[120.42973,22.93309],[120.42961,22.93323],[120.42964,22.93328],[120.42973,22.93309]]],[[[120.42964,22.9337],[120.42976,22.93357],[120.4296,22.93347],[120.42964,22.9337]]],[[[120.42961,22.93413],[120.42916,22.93397],[120.42946,22.93426],[120.42961,22.93413]]],[[[120.43266,22.93499],[120.43256,22.93458],[120.43239,22.93495],[120.43266,22.93499]]],[[[120.43382,22.9364],[120.43368,22.93554],[120.43284,22.93545],[120.43378,22.93722],[120.43422,22.937],[120.4342,22.93629],[120.43382,22.9364]]],[[[120.43669,22.92174],[120.43641,22.92145],[120.43604,22.92169],[120.43628,22.92165],[120.43669,22.92174]]],[[[120.43718,22.92194],[120.43694,22.92182],[120.43703,22.92201],[120.43718,22.92194]]],[[[120.43677,22.92187],[120.43691,22.9223],[120.43701,22.92218],[120.43677,22.92187]]],[[[120.43784,22.92293],[120.43784,22.92194],[120.43742,22.92173],[120.43716,22.92265],[120.43784,22.92293]]],[[[120.43672,22.92353],[120.43707,22.92372],[120.43715,22.92273],[120.43619,22.92184],[120.43644,22.92219],[120.43605,22.92247],[120.43689,22.92272],[120.43672,22.92353]]],[[[120.43605,22.92517],[120.43628,22.92568],[120.43648,22.92533],[120.43605,22.92517]]],[[[120.4359,22.92604],[120.43588,22.92606],[120.4359,22.92606],[120.4359,22.92604]]],[[[120.43857,22.9258],[120.43687,22.92681],[120.4375,22.92729],[120.43806,22.92624],[120.43771,22.92704],[120.43842,22.92612],[120.43858,22.92679],[120.43857,22.9258]]],[[[120.43832,22.92658],[120.43828,22.92683],[120.43838,22.9266],[120.43832,22.92658]]],[[[120.43581,22.9366],[120.43572,22.93585],[120.43571,22.93666],[120.43581,22.9366]]],[[[120.43647,22.937],[120.43623,22.93711],[120.43646,22.93717],[120.43647,22.937]]],[[[120.43589,22.93722],[120.43582,22.93766],[120.43605,22.93725],[120.43589,22.93722]]],[[[120.43574,22.93837],[120.43602,22.93961],[120.43606,22.93987],[120.43634,22.93972],[120.43574,22.93837]]],[[[120.43651,22.93953],[120.43719,22.93986],[120.43726,22.93942],[120.43651,22.93953]]],[[[120.43961,22.94087],[120.4399,22.94081],[120.43956,22.94072],[120.43961,22.94087]]],[[[120.43809,22.94598],[120.43765,22.94566],[120.43757,22.94584],[120.43809,22.94598]]],[[[120.43911,22.94631],[120.43903,22.94599],[120.43873,22.94628],[120.43911,22.94631]]],[[[120.44614,22.94859],[120.44622,22.94984],[120.44678,22.94977],[120.44661,22.95011],[120.44761,22.9505],[120.44782,22.94995],[120.44689,22.94967],[120.44685,22.94944],[120.44652,22.94897],[120.44619,22.94885],[120.44614,22.94859]],[[120.44667,22.94957],[120.44685,22.9497],[120.44654,22.94957],[120.44667,22.94957]]],[[[120.42608,22.91909],[120.42536,22.91977],[120.42493,22.91914],[120.42484,22.91958],[120.42315,22.9202],[120.4229,22.92159],[120.42213,22.92081],[120.42154,22.92202],[120.42174,22.92273],[120.42043,22.92351],[120.42198,22.92501],[120.42087,22.92548],[120.42108,22.92655],[120.42204,22.92761],[120.42187,22.92938],[120.42251,22.92967],[120.42283,22.93134],[120.42381,22.93162],[120.4248,22.93336],[120.42443,22.93361],[120.42512,22.93436],[120.42518,22.93567],[120.42591,22.93634],[120.42546,22.9376],[120.42619,22.93931],[120.42783,22.93978],[120.42859,22.94061],[120.42852,22.94239],[120.42981,22.94486],[120.43034,22.94727],[120.43133,22.94802],[120.43214,22.95047],[120.432,22.95188],[120.43282,22.95306],[120.43279,22.95444],[120.43477,22.95853],[120.43473,22.95942],[120.43678,22.96101],[120.43776,22.96469],[120.44214,22.97368],[120.44203,22.97564],[120.44258,22.97736],[120.44381,22.97811],[120.44468,22.97934],[120.44603,22.9791],[120.44963,22.97725],[120.45172,22.97863],[120.45217,22.97775],[120.4532,22.9776],[120.45352,22.97805],[120.45307,22.97858],[120.4537,22.9794],[120.45589,22.98052],[120.45568,22.98117],[120.45701,22.98121],[120.45728,22.9819],[120.45632,22.98196],[120.45636,22.98153],[120.45559,22.98142],[120.45507,22.98202],[120.45653,22.98214],[120.45618,22.98247],[120.45726,22.98276],[120.45674,22.98365],[120.45783,22.9842],[120.45758,22.98292],[120.4583,22.98291],[120.45751,22.98275],[120.45719,22.98214],[120.45799,22.98176],[120.45799,22.98248],[120.45832,22.98237],[120.45779,22.98125],[120.4589,22.98149],[120.45905,22.98113],[120.45711,22.9801],[120.45756,22.97995],[120.45811,22.97807],[120.45748,22.97986],[120.45699,22.98009],[120.45825,22.9808],[120.45734,22.98151],[120.45669,22.98017],[120.45699,22.97959],[120.45602,22.97936],[120.45687,22.9791],[120.4575,22.97809],[120.45594,22.97874],[120.45642,22.97917],[120.45538,22.97944],[120.45507,22.9789],[120.4556,22.97787],[120.45614,22.97811],[120.4559,22.97843],[120.45646,22.97833],[120.45671,22.97759],[120.45601,22.97644],[120.45376,22.97691],[120.45545,22.9764],[120.45518,22.97581],[120.45573,22.97551],[120.45451,22.97509],[120.45441,22.97424],[120.45271,22.9747],[120.45236,22.97461],[120.45431,22.97419],[120.45483,22.97422],[120.45548,22.9735],[120.45256,22.9738],[120.45174,22.97199],[120.45107,22.97255],[120.45104,22.97294],[120.45068,22.97404],[120.45136,22.97479],[120.4518,22.97456],[120.45149,22.9749],[120.45049,22.97425],[120.45057,22.97494],[120.45039,22.97449],[120.45053,22.97404],[120.4507,22.97375],[120.45035,22.97397],[120.44986,22.97342],[120.45084,22.97303],[120.45043,22.97243],[120.451,22.97175],[120.45051,22.97106],[120.45081,22.97096],[120.45082,22.97095],[120.45005,22.97119],[120.44942,22.97122],[120.44848,22.97206],[120.44934,22.97123],[120.45071,22.97094],[120.45045,22.96965],[120.45099,22.96888],[120.45141,22.96901],[120.4512,22.96837],[120.44919,22.96908],[120.44863,22.97011],[120.44787,22.96861],[120.44817,22.96834],[120.44811,22.96881],[120.44892,22.96921],[120.4498,22.96794],[120.44882,22.96747],[120.4493,22.96708],[120.4492,22.96648],[120.44855,22.96703],[120.44816,22.96658],[120.44868,22.96586],[120.44823,22.96549],[120.44778,22.96337],[120.44682,22.9641],[120.44707,22.96424],[120.4466,22.96497],[120.44701,22.96473],[120.44745,22.96518],[120.44745,22.96637],[120.44822,22.96775],[120.44684,22.96653],[120.44729,22.9661],[120.44701,22.96585],[120.44637,22.96674],[120.44656,22.96536],[120.44603,22.96539],[120.44689,22.96449],[120.44641,22.96431],[120.44709,22.96336],[120.4465,22.96355],[120.44591,22.96309],[120.44513,22.9636],[120.44503,22.96345],[120.44531,22.96288],[120.44454,22.96312],[120.44432,22.96262],[120.44466,22.96167],[120.44335,22.96091],[120.44252,22.96099],[120.44332,22.95943],[120.4428,22.95878],[120.44291,22.95803],[120.44147,22.95667],[120.44226,22.95729],[120.44574,22.95636],[120.4451,22.95611],[120.44544,22.95589],[120.44451,22.95471],[120.44369,22.95576],[120.44177,22.95634],[120.44186,22.95586],[120.44375,22.95533],[120.44446,22.9546],[120.44303,22.95392],[120.44312,22.95339],[120.44229,22.95337],[120.44294,22.95235],[120.44129,22.95277],[120.44028,22.95223],[120.44081,22.95172],[120.44142,22.95238],[120.44254,22.95217],[120.44279,22.95065],[120.44369,22.9511],[120.44425,22.95045],[120.44366,22.9499],[120.444,22.94773],[120.44343,22.95011],[120.4418,22.95025],[120.44138,22.94968],[120.44203,22.94886],[120.44192,22.94774],[120.44236,22.9471],[120.44173,22.94662],[120.43967,22.94662],[120.43868,22.94699],[120.43878,22.94806],[120.43796,22.94789],[120.43794,22.94626],[120.43764,22.94665],[120.43688,22.94647],[120.43778,22.94621],[120.43728,22.94599],[120.43784,22.94542],[120.43854,22.9461],[120.43937,22.94586],[120.43975,22.94618],[120.44049,22.94536],[120.44116,22.94532],[120.44128,22.94446],[120.44048,22.94443],[120.44053,22.94393],[120.43924,22.9436],[120.43933,22.9432],[120.43802,22.94444],[120.43719,22.9433],[120.43726,22.9425],[120.4385,22.94103],[120.43893,22.94076],[120.44073,22.94039],[120.43992,22.93936],[120.44042,22.9395],[120.43962,22.93909],[120.43721,22.94086],[120.43635,22.94039],[120.4356,22.9392],[120.43548,22.93833],[120.43465,22.93865],[120.434,22.9386],[120.43378,22.93846],[120.43472,22.93853],[120.43407,22.93841],[120.43441,22.93786],[120.435,22.93793],[120.43503,22.93834],[120.43585,22.93666],[120.43567,22.93683],[120.43526,22.93655],[120.4344,22.93777],[120.43233,22.93769],[120.43241,22.93646],[120.43129,22.93611],[120.43217,22.93516],[120.43172,22.93502],[120.43142,22.93374],[120.43061,22.93391],[120.43119,22.93356],[120.43112,22.93309],[120.43023,22.93289],[120.42979,22.93339],[120.42986,22.93422],[120.43013,22.93381],[120.43103,22.93451],[120.43053,22.93529],[120.42959,22.93495],[120.43035,22.93482],[120.42928,22.93438],[120.42917,22.93403],[120.42844,22.93441],[120.42824,22.93421],[120.42899,22.93384],[120.42823,22.93378],[120.42848,22.93338],[120.4294,22.93376],[120.42959,22.93313],[120.42962,22.93309],[120.42973,22.93306],[120.42992,22.9331],[120.42999,22.93293],[120.42983,22.93214],[120.42919,22.93276],[120.42896,22.9319],[120.4294,22.93165],[120.42849,22.93199],[120.4289,22.93082],[120.43028,22.93044],[120.43028,22.9285],[120.42936,22.92805],[120.42924,22.92782],[120.42938,22.92769],[120.42914,22.92771],[120.4295,22.92681],[120.42952,22.92738],[120.43047,22.92727],[120.43039,22.9266],[120.42963,22.92603],[120.43006,22.92551],[120.42953,22.9252],[120.42972,22.92448],[120.429,22.92416],[120.42934,22.92411],[120.42867,22.92405],[120.42848,22.92478],[120.42813,22.9234],[120.42884,22.92326],[120.42798,22.92303],[120.42817,22.92265],[120.4272,22.92289],[120.42719,22.92176],[120.42708,22.92171],[120.42683,22.9215],[120.42631,22.92122],[120.42572,22.92041],[120.42534,22.92049],[120.42582,22.92014],[120.42548,22.9198],[120.42604,22.91995],[120.42608,22.91909]],[[120.44129,22.95277],[120.44153,22.95275],[120.4413,22.95292],[120.44129,22.95277]],[[120.43307,22.93795],[120.43279,22.93811],[120.43334,22.93777],[120.43307,22.93795]],[[120.4564,22.9803],[120.45529,22.97992],[120.4569,22.97967],[120.4564,22.9803]],[[120.45337,22.97716],[120.45369,22.97699],[120.45374,22.97696],[120.45371,22.97704],[120.45337,22.97716]],[[120.45279,22.97498],[120.45239,22.97503],[120.45279,22.97491],[120.45279,22.97498]],[[120.44945,22.97239],[120.45022,22.97272],[120.44957,22.9733],[120.44882,22.97261],[120.44957,22.97316],[120.44992,22.97264],[120.44945,22.97239]],[[120.44484,22.95566],[120.44468,22.95613],[120.4443,22.95612],[120.44484,22.95566]],[[120.44205,22.95161],[120.44205,22.952],[120.44192,22.95168],[120.44205,22.95161]],[[120.4417,22.95106],[120.44147,22.95082],[120.44161,22.95079],[120.4417,22.95106]],[[120.44311,22.95031],[120.44324,22.95053],[120.44298,22.95039],[120.44311,22.95031]],[[120.4438,22.95043],[120.44366,22.95004],[120.44405,22.95032],[120.4438,22.95043]],[[120.43914,22.94517],[120.43823,22.9452],[120.43812,22.94478],[120.43848,22.94469],[120.43914,22.94517]],[[120.42903,22.94192],[120.42976,22.943],[120.42925,22.94307],[120.42885,22.94269],[120.4295,22.943],[120.42903,22.94192]],[[120.43059,22.93584],[120.43115,22.93565],[120.43119,22.93572],[120.43059,22.93584]],[[120.42857,22.92925],[120.42892,22.92915],[120.42869,22.92933],[120.42857,22.92925]],[[120.42839,22.92822],[120.42806,22.928],[120.42847,22.92808],[120.42839,22.92822]],[[120.4294,22.92617],[120.42973,22.92648],[120.42891,22.92643],[120.42844,22.92739],[120.42805,22.9273],[120.42829,22.92652],[120.4294,22.92617]],[[120.42964,22.92569],[120.42967,22.92579],[120.42961,22.92565],[120.42964,22.92569]],[[120.42979,22.92565],[120.42978,22.92563],[120.42978,22.92563],[120.42979,22.92565]],[[120.42953,22.92551],[120.42954,22.92552],[120.42953,22.92551],[120.42953,22.92551]],[[120.42959,22.92534],[120.42975,22.92566],[120.42967,22.92573],[120.42959,22.92534]],[[120.42897,22.92503],[120.42865,22.9251],[120.42847,22.92517],[120.42848,22.92493],[120.42897,22.92503]],[[120.425,22.91976],[120.4251,22.9197],[120.42505,22.9198],[120.425,22.91976]]],[[[120.44305,22.95848],[120.44429,22.96132],[120.44534,22.96156],[120.44712,22.96303],[120.44749,22.96145],[120.44646,22.96183],[120.44608,22.96183],[120.44578,22.96166],[120.44646,22.96181],[120.44764,22.96078],[120.44836,22.95888],[120.44622,22.96133],[120.44553,22.95965],[120.44582,22.95892],[120.44305,22.95848]]],[[[120.4475,22.96312],[120.44717,22.96318],[120.44749,22.96323],[120.4475,22.96312]]],[[[120.44647,22.96335],[120.44606,22.96284],[120.4451,22.96337],[120.44593,22.96304],[120.44647,22.96335]]],[[[120.44673,22.9634],[120.44688,22.96324],[120.4466,22.96326],[120.44673,22.9634]]],[[[120.45191,22.96331],[120.45158,22.96381],[120.45177,22.96391],[120.45191,22.96331]]],[[[120.45278,22.96438],[120.4525,22.96445],[120.45281,22.96446],[120.45278,22.96438]]],[[[120.45207,22.96405],[120.45184,22.96538],[120.45233,22.96466],[120.45207,22.96405]]],[[[120.44735,22.96542],[120.44699,22.96531],[120.447,22.96539],[120.44735,22.96542]]],[[[120.44677,22.96522],[120.44679,22.9655],[120.44689,22.9652],[120.44677,22.96522]]],[[[120.44707,22.96556],[120.4472,22.96581],[120.44726,22.96556],[120.44707,22.96556]]],[[[120.45301,22.96687],[120.45318,22.96664],[120.4528,22.96675],[120.45301,22.96687]]],[[[120.45278,22.96789],[120.45314,22.96815],[120.4533,22.96792],[120.45278,22.96789]]],[[[120.45163,22.96869],[120.45181,22.96983],[120.4525,22.96899],[120.45163,22.96869]]],[[[120.45297,22.97074],[120.45202,22.97088],[120.45272,22.97093],[120.45273,22.97178],[120.45297,22.97074]]],[[[120.45085,22.97263],[120.4511,22.97242],[120.45131,22.97228],[120.45105,22.97235],[120.45085,22.97263]]],[[[120.45087,22.97306],[120.451,22.97262],[120.45083,22.97268],[120.45087,22.97306]]],[[[120.45531,22.95652],[120.45501,22.95523],[120.4547,22.95555],[120.45531,22.95652]]],[[[120.45512,22.95931],[120.45521,22.9588],[120.45489,22.95908],[120.45512,22.95931]]],[[[120.45443,22.96007],[120.45456,22.95972],[120.45424,22.95973],[120.45443,22.96007]]],[[[120.4555,22.96028],[120.45584,22.95989],[120.45511,22.96025],[120.4555,22.96028]]],[[[120.45354,22.96048],[120.4537,22.9603],[120.45347,22.95982],[120.45354,22.96048]]],[[[120.45416,22.96045],[120.45424,22.96031],[120.45393,22.96045],[120.45416,22.96045]]],[[[120.45338,22.9604],[120.45327,22.96048],[120.45338,22.96049],[120.45338,22.9604]]],[[[120.45564,22.96064],[120.45546,22.96068],[120.45564,22.96069],[120.45564,22.96064]]],[[[120.45325,22.96051],[120.45325,22.96066],[120.45337,22.96052],[120.45325,22.96051]]],[[[120.45392,22.96062],[120.45345,22.96149],[120.45404,22.96201],[120.45451,22.96063],[120.45392,22.96062]]],[[[120.4556,22.9611],[120.45492,22.9611],[120.45537,22.9613],[120.45519,22.9617],[120.4556,22.9611]]],[[[120.45516,22.96184],[120.45428,22.96251],[120.45549,22.96189],[120.45516,22.96184]]],[[[120.45315,22.96266],[120.45309,22.9634],[120.45341,22.96363],[120.45315,22.96266]]],[[[120.45445,22.96323],[120.45536,22.96339],[120.45657,22.96319],[120.4549,22.96288],[120.45445,22.96323]]],[[[120.45494,22.9635],[120.45543,22.96367],[120.45544,22.9636],[120.45494,22.9635]]],[[[120.45463,22.96394],[120.4541,22.96388],[120.45411,22.96409],[120.45463,22.96394]]],[[[120.45571,22.96438],[120.45539,22.96533],[120.45584,22.96448],[120.45647,22.96474],[120.45678,22.96388],[120.45571,22.96438]]],[[[120.45464,22.96394],[120.45391,22.96451],[120.45376,22.96553],[120.45424,22.96702],[120.45519,22.96567],[120.45488,22.96507],[120.45569,22.96417],[120.45469,22.96368],[120.45464,22.96368],[120.45464,22.96394]]],[[[120.4549,22.96623],[120.45575,22.96584],[120.45582,22.96547],[120.45536,22.96541],[120.4549,22.96623]]],[[[120.45672,22.96589],[120.45655,22.96647],[120.45725,22.96619],[120.45672,22.96589]]],[[[120.45593,22.9661],[120.45577,22.96634],[120.45588,22.96633],[120.45593,22.9661]]],[[[120.45342,22.9663],[120.4533,22.9679],[120.45397,22.96681],[120.45306,22.96473],[120.45246,22.9663],[120.45342,22.9663]]],[[[120.45622,22.96644],[120.45603,22.96645],[120.45652,22.96662],[120.45622,22.96644]]],[[[120.45613,22.96717],[120.45512,22.96676],[120.4552,22.96701],[120.45613,22.96717]]],[[[120.45323,22.96699],[120.45314,22.96715],[120.45317,22.96715],[120.45323,22.96699]]],[[[120.45587,22.96745],[120.45478,22.96757],[120.45539,22.96783],[120.45587,22.96745]]],[[[120.45666,22.96692],[120.45557,22.96812],[120.45543,22.96871],[120.45618,22.96813],[120.45666,22.96692]]],[[[120.45672,22.96799],[120.45631,22.96839],[120.45638,22.96846],[120.45672,22.96799]]],[[[120.45376,22.96837],[120.45474,22.96825],[120.45489,22.9679],[120.45376,22.96837]]],[[[120.45783,22.96941],[120.45903,22.96898],[120.45638,22.96925],[120.45464,22.97034],[120.45282,22.97028],[120.45335,22.97125],[120.45385,22.97119],[120.4533,22.97141],[120.45341,22.9718],[120.45449,22.97167],[120.45445,22.97122],[120.4556,22.97048],[120.45643,22.97079],[120.45696,22.96998],[120.4576,22.97001],[120.45792,22.97069],[120.45858,22.97011],[120.45915,22.97007],[120.45922,22.96938],[120.45783,22.96941]],[[120.4542,22.97148],[120.45391,22.97167],[120.45368,22.97144],[120.45379,22.97138],[120.4542,22.97148]],[[120.45319,22.97069],[120.45338,22.97053],[120.45351,22.97087],[120.45319,22.97069]],[[120.45381,22.97042],[120.4542,22.97106],[120.45352,22.97051],[120.45381,22.97042]],[[120.45779,22.96942],[120.45731,22.96982],[120.45725,22.96965],[120.45769,22.9694],[120.45779,22.96942]]],[[[120.45653,22.97159],[120.45609,22.97128],[120.45576,22.97151],[120.45653,22.97159]]],[[[120.45473,22.97161],[120.45504,22.97181],[120.45514,22.97171],[120.45473,22.97161]]],[[[120.45698,22.97214],[120.4569,22.97143],[120.45625,22.97177],[120.45698,22.97214]]],[[[120.45584,22.97233],[120.45643,22.97232],[120.45648,22.97206],[120.45624,22.97179],[120.45584,22.97233]]],[[[120.45369,22.97223],[120.4538,22.97268],[120.45436,22.97246],[120.45429,22.97213],[120.45369,22.97223]]],[[[120.45994,22.95828],[120.46023,22.96096],[120.46062,22.96147],[120.46129,22.96131],[120.46081,22.95903],[120.45994,22.95828]]],[[[120.45727,22.9608],[120.45694,22.96056],[120.45651,22.96054],[120.45656,22.96091],[120.45727,22.9608]]],[[[120.45776,22.9625],[120.45792,22.96229],[120.45772,22.96246],[120.45776,22.9625]]],[[[120.45841,22.96263],[120.45848,22.96219],[120.45816,22.9624],[120.45841,22.96263]]],[[[120.45827,22.96327],[120.4582,22.96356],[120.45864,22.96333],[120.45827,22.96327]]],[[[120.46038,22.96319],[120.46005,22.96371],[120.45958,22.96378],[120.45954,22.96393],[120.4604,22.96387],[120.46038,22.96319]]],[[[120.45803,22.96431],[120.45885,22.96379],[120.4595,22.96361],[120.45844,22.96355],[120.45803,22.96431]]],[[[120.46052,22.96427],[120.46085,22.96391],[120.46068,22.96373],[120.46052,22.96427]]],[[[120.46028,22.96542],[120.45977,22.966],[120.45904,22.96567],[120.45908,22.96609],[120.46009,22.96621],[120.46077,22.96566],[120.46028,22.96542]]],[[[120.45879,22.96552],[120.45985,22.96584],[120.45995,22.96517],[120.45873,22.96537],[120.4583,22.96579],[120.45756,22.9655],[120.45768,22.96577],[120.45688,22.96689],[120.45782,22.96585],[120.45818,22.96624],[120.45756,22.96633],[120.45659,22.96759],[120.45853,22.96701],[120.45809,22.96643],[120.45879,22.96608],[120.45879,22.96552]]],[[[120.46059,22.96679],[120.46049,22.96664],[120.45987,22.9667],[120.45996,22.96675],[120.46045,22.96675],[120.46059,22.96679]]],[[[120.46005,22.96676],[120.46039,22.96685],[120.46045,22.96676],[120.46005,22.96676]]],[[[120.45899,22.96707],[120.45954,22.96714],[120.45986,22.96664],[120.45942,22.96649],[120.45899,22.96707]]],[[[120.4611,22.96648],[120.46165,22.96681],[120.46114,22.96727],[120.46162,22.96711],[120.46181,22.96673],[120.4611,22.96648]]],[[[120.4607,22.9669],[120.46063,22.9668],[120.4606,22.96682],[120.4607,22.9669]]],[[[120.45969,22.96695],[120.45981,22.96691],[120.45977,22.96686],[120.45969,22.96695]]],[[[120.46027,22.9672],[120.46051,22.96725],[120.46055,22.96719],[120.46027,22.9672]]],[[[120.45991,22.96755],[120.46053,22.9673],[120.45975,22.96752],[120.45991,22.96755]]],[[[120.45799,22.96725],[120.45738,22.96832],[120.45819,22.9686],[120.45991,22.96826],[120.45884,22.96782],[120.45993,22.96776],[120.45854,22.96743],[120.45961,22.96734],[120.45919,22.96721],[120.45799,22.96725]]],[[[120.46091,22.96781],[120.46023,22.96819],[120.46108,22.96783],[120.46091,22.96781]]],[[[120.46159,22.96824],[120.46127,22.96836],[120.46139,22.96847],[120.46159,22.96824]]],[[[120.46071,22.96854],[120.46093,22.96872],[120.461,22.96852],[120.46071,22.96854]]],[[[120.46118,22.96921],[120.46121,22.9691],[120.46109,22.96911],[120.46118,22.96921]]],[[[120.45866,22.97016],[120.4585,22.97062],[120.45902,22.97025],[120.45866,22.97016]]],[[[120.45741,22.97051],[120.45691,22.9706],[120.45701,22.9709],[120.45741,22.97051]]],[[[120.45754,22.97081],[120.45772,22.97103],[120.45795,22.97082],[120.45754,22.97081]]],[[[120.45765,22.97099],[120.45732,22.97108],[120.45746,22.9712],[120.45765,22.97099]]],[[[120.45775,22.97195],[120.45858,22.97115],[120.45865,22.97092],[120.45752,22.97142],[120.45775,22.97195]]],[[[120.49067,22.98407],[120.49073,22.98389],[120.49065,22.98404],[120.49067,22.98407]]],[[[120.472,22.99879],[120.47226,22.99857],[120.47198,22.99859],[120.472,22.99879]]],[[[120.47213,22.99937],[120.47253,22.99934],[120.47219,22.9991],[120.47213,22.99937]]],[[[120.47263,22.99986],[120.4726,22.99936],[120.47228,22.99964],[120.47263,22.99986]]],[[[120.49035,23.02065],[120.49751,23.02411],[120.49866,23.02548],[120.50021,23.02593],[120.5021,23.02761],[120.5052,23.02461],[120.50698,23.02427],[120.50516,23.02385],[120.50618,23.0235],[120.50645,23.02289],[120.50508,23.02314],[120.50475,23.02378],[120.50299,23.02349],[120.50134,23.02455],[120.50184,23.02504],[120.4998,23.02467],[120.49811,23.02319],[120.49579,23.02299],[120.49417,23.0212],[120.49316,23.02129],[120.49061,23.02012],[120.49035,23.02065]]]]}},{"type":"Feature","properties":{"zone":"河川區","town":"內門區"},"geometry":{"type":"MultiPolygon","coordinates":[[[[120.44259,22.91231],[120.4426,22.91223],[120.44172,22.91268],[120.44259,22.91231]]],[[[120.4609,22.91594],[120.46094,22.91598],[120.46103,22.91599],[120.4609,22.91594]]],[[[120.46237,22.92756],[120.4623,22.92732],[120.46237,22.92758],[120.46237,22.92756]]]]}},{"type":"Feature","properties":{"zone":"特定專用區","town":"內門區"},"geometry":{"type":"MultiPolygon","coordinates":[[[[120.46489,22.90124],[120.4633,22.90038],[120.46221,22.90227],[120.46305,22.90403],[120.46488,22.90391],[120.4648,22.90264],[120.46757,22.90184],[120.46625,22.90109],[120.46489,22.90124]]],[[[120.47069,22.90308],[120.46872,22.90383],[120.46793,22.90491],[120.46792,22.90593],[120.46613,22.90597],[120.46728,22.90963],[120.47051,22.90877],[120.46948,22.90686],[120.46988,22.90682],[120.46958,22.90569],[120.47001,22.90531],[120.46919,22.90446],[120.4713,22.90425],[120.47049,22.90386],[120.47068,22.90351],[120.47166,22.90393],[120.47175,22.90307],[120.4706,22.90264],[120.47069,22.90308]]],[[[120.45519,22.90849],[120.45442,22.90799],[120.45453,22.91001],[120.45486,22.91027],[120.45553,22.90972],[120.45611,22.91008],[120.45544,22.91076],[120.45608,22.9123],[120.45556,22.91327],[120.45601,22.91352],[120.45652,22.91313],[120.45697,22.91388],[120.45696,22.91339],[120.45756,22.91329],[120.45737,22.91222],[120.45619,22.9114],[120.45814,22.90989],[120.45749,22.90952],[120.45701,22.90809],[120.45567,22.90789],[120.45519,22.90849]]]]}},{"type":"Feature","properties":{"zone":"特定農業區","town":"內門區"},"geometry":{"type":"MultiPolygon","coordinates":[[[[120.43224,22.89337],[120.43233,22.89315],[120.43225,22.89316],[120.43224,22.89337]]],[[[120.43074,22.89494],[120.43089,22.89513],[120.43088,22.89494],[120.43074,22.89494]]],[[[120.45972,22.92577],[120.45961,22.92606],[120.4598,22.92599],[120.45972,22.92577]]],[[[120.45162,22.92602],[120.45186,22.92598],[120.45198,22.92583],[120.45162,22.92602]]],[[[120.46172,22.93964],[120.46204,22.93923],[120.46237,22.93923],[120.46211,22.93903],[120.46144,22.9391],[120.46172,22.93964]]],[[[120.46832,22.97501],[120.46846,22.97515],[120.46839,22.97499],[120.46832,22.97501]]]]}},{"type":"Feature","properties":{"zone":"鄉村區","town":"內門區"},"geometry":{"type":"MultiPolygon","coordinates":[[[[120.45489,22.91651],[120.45488,22.91636],[120.45479,22.91631],[120.45489,22.91651]]],[[[120.45464,22.91623],[120.45423,22.91671],[120.45486,22.91657],[120.45464,22.91623]]],[[[120.45792,22.91705],[120.4579,22.91701],[120.45782,22.91709],[120.45792,22.91705]]],[[[120.45665,22.91649],[120.4549,22.91657],[120.45519,22.91744],[120.45481,22.91668],[120.4531,22.91703],[120.45366,22.91835],[120.45527,22.91783],[120.45517,22.91822],[120.45559,22.91816],[120.45615,22.91828],[120.45636,22.91866],[120.45646,22.91778],[120.45748,22.91744],[120.45727,22.918],[120.45771,22.91821],[120.45815,22.91775],[120.45744,22.91712],[120.45844,22.91679],[120.45921,22.91635],[120.45742,22.91708],[120.45714,22.91607],[120.4567,22.91603],[120.45665,22.91649]],[[120.4564,22.91744],[120.45648,22.91732],[120.45662,22.91736],[120.4564,22.91744]],[[120.45635,22.91743],[120.45614,22.91736],[120.4563,22.9173],[120.45635,22.91743]],[[120.45651,22.9173],[120.45654,22.91727],[120.45657,22.91732],[120.45651,22.9173]],[[120.45617,22.91706],[120.45619,22.91706],[120.45617,22.91706],[120.45617,22.91706]],[[120.45539,22.91698],[120.45562,22.91702],[120.45564,22.91705],[120.45539,22.91698]]],[[[120.45509,22.9182],[120.45471,22.91811],[120.45513,22.91844],[120.45509,22.9182]]],[[[120.45479,22.91824],[120.45405,22.91831],[120.45414,22.91856],[120.45479,22.91824]]],[[[120.45572,22.91821],[120.45587,22.91862],[120.45599,22.91848],[120.45572,22.91821]]],[[[120.45482,22.91826],[120.45477,22.91903],[120.45564,22.9189],[120.45482,22.91826]]],[[[120.45582,22.91861],[120.45605,22.9191],[120.45623,22.91892],[120.45582,22.91861]]],[[[120.45385,22.91838],[120.45262,22.91879],[120.45262,22.91881],[120.45331,22.91932],[120.45385,22.91838]]],[[[120.45072,22.9185],[120.45053,22.91916],[120.4507,22.91961],[120.4517,22.91875],[120.45133,22.91832],[120.45072,22.9185]]],[[[120.45074,22.91995],[120.45143,22.92071],[120.45099,22.92115],[120.45132,22.92179],[120.4514,22.92105],[120.45244,22.92026],[120.45179,22.92037],[120.45155,22.91999],[120.45206,22.91971],[120.45134,22.9193],[120.45074,22.91995]]],[[[120.46171,22.93813],[120.46148,22.93769],[120.46146,22.93812],[120.46171,22.93813]]],[[[120.45912,22.94048],[120.45984,22.94054],[120.46023,22.94057],[120.45924,22.94019],[120.45912,22.94048]]],[[[120.4611,22.94154],[120.46025,22.94219],[120.46157,22.94185],[120.4611,22.94154]]],[[[120.46305,22.94034],[120.46293,22.94007],[120.46277,22.94051],[120.46305,22.94034]]],[[[120.46138,22.93771],[120.46076,22.93887],[120.45973,22.93916],[120.45968,22.93982],[120.46055,22.94012],[120.45996,22.94105],[120.46199,22.94123],[120.46165,22.94273],[120.46257,22.94389],[120.46182,22.94429],[120.46248,22.94522],[120.46296,22.945],[120.46363,22.94584],[120.46333,22.94491],[120.46414,22.94577],[120.46415,22.94495],[120.46338,22.9446],[120.46311,22.94364],[120.46318,22.94225],[120.46382,22.94152],[120.46285,22.94165],[120.46274,22.94122],[120.46189,22.94102],[120.46223,22.94073],[120.46158,22.94036],[120.46144,22.9391],[120.46187,22.93825],[120.46146,22.93814],[120.46128,22.93975],[120.46138,22.93771]],[[120.46334,22.94462],[120.46363,22.94499],[120.46372,22.94506],[120.46341,22.94484],[120.46334,22.94462]],[[120.4628,22.94342],[120.46267,22.9435],[120.46264,22.94346],[120.4628,22.94342]],[[120.46166,22.9407],[120.46155,22.94071],[120.46157,22.94068],[120.46166,22.9407]],[[120.46085,22.94028],[120.46072,22.93985],[120.46033,22.93976],[120.46085,22.93976],[120.46085,22.94028]]],[[[120.46453,22.94477],[120.46497,22.94406],[120.4642,22.94443],[120.46453,22.94477]]],[[[120.49785,22.97676],[120.49787,22.97694],[120.49791,22.97677],[120.49785,22.97676]]],[[[120.49786,22.97732],[120.49799,22.97713],[120.49777,22.97694],[120.49786,22.97732]]],[[[120.49781,22.97746],[120.4976,22.97771],[120.49756,22.97817],[120.49786,22.9774],[120.49735,22.97686],[120.49728,22.97732],[120.49781,22.97746]]],[[[120.49712,22.97823],[120.49727,22.97773],[120.49694,22.97788],[120.49712,22.97823]]],[[[120.49816,22.97753],[120.49816,22.97879],[120.49872,22.97843],[120.49816,22.97753]]],[[[120.49784,22.97819],[120.49699,22.97855],[120.49809,22.97879],[120.49784,22.97819]]],[[[120.50035,22.9929],[120.50037,22.99264],[120.50012,22.99277],[120.50035,22.9929]]],[[[120.5016,22.9923],[120.50037,22.99292],[120.5005,22.99364],[120.50169,22.99323],[120.5016,22.9923]]],[[[120.50002,22.99338],[120.50034,22.99292],[120.49986,22.9928],[120.50002,22.99338]]],[[[120.52379,23.01358],[120.52361,23.01376],[120.52377,23.01376],[120.52379,23.01358]]],[[[120.52433,23.01356],[120.52374,23.01412],[120.52409,23.01517],[120.52478,23.01483],[120.52433,23.01356]]],[[[120.52422,23.01535],[120.52464,23.01537],[120.52484,23.01496],[120.52422,23.01535]]]]}},{"type":"Feature","properties":{"zone":"一般農業區","town":"六龜區"},"geometry":{"type":"MultiPolygon","coordinates":[[[[120.59691,22.87007],[120.59535,22.87133],[120.59429,22.87131],[120.5936,22.87248],[120.5946,22.87285],[120.59615,22.8717],[120.5969,22.87167],[120.59791,22.87008],[120.59691,22.87007]]],[[[120.60376,22.876],[120.60376,22.87602],[120.60377,22.87601],[120.60376,22.876]]],[[[120.60455,22.87959],[120.60495,22.88052],[120.60546,22.8807],[120.60588,22.87949],[120.60455,22.87959]]],[[[120.60407,22.8797],[120.60481,22.88055],[120.6042,22.87954],[120.60407,22.8797]]],[[[120.60769,22.88405],[120.60807,22.88421],[120.60813,22.88401],[120.60769,22.88405]]],[[[120.60774,22.88436],[120.60802,22.88455],[120.60808,22.8844],[120.60774,22.88436]]],[[[120.60926,22.88072],[120.61026,22.88136],[120.60941,22.88087],[120.60925,22.88073],[120.60918,22.88051],[120.60826,22.88093],[120.60816,22.88197],[120.60806,22.88101],[120.60546,22.8807],[120.60618,22.88158],[120.60461,22.88121],[120.60454,22.8819],[120.60491,22.88194],[120.60402,22.88299],[120.60412,22.88377],[120.60163,22.88595],[120.6026,22.88597],[120.6036,22.88524],[120.60409,22.88557],[120.60389,22.88612],[120.60442,22.88707],[120.60452,22.8867],[120.60496,22.88675],[120.60516,22.88648],[120.60585,22.88644],[120.60594,22.88621],[120.60535,22.88564],[120.60525,22.88515],[120.60602,22.88531],[120.60618,22.88496],[120.60504,22.88403],[120.60497,22.88302],[120.6057,22.88227],[120.60505,22.88351],[120.60528,22.884],[120.60569,22.88418],[120.60575,22.88369],[120.60718,22.8841],[120.60751,22.88325],[120.60628,22.88271],[120.60713,22.88228],[120.60786,22.88274],[120.60747,22.88392],[120.60811,22.88395],[120.60798,22.88371],[120.60822,22.88292],[120.60804,22.88371],[120.60822,22.88401],[120.60927,22.88383],[120.61026,22.88453],[120.61169,22.88819],[120.61283,22.88908],[120.61504,22.8899],[120.61491,22.8877],[120.61706,22.88813],[120.61713,22.88779],[120.61853,22.88788],[120.61597,22.88702],[120.61446,22.88713],[120.61335,22.88489],[120.61376,22.88435],[120.61337,22.88417],[120.61285,22.88365],[120.61193,22.88309],[120.61073,22.88142],[120.61033,22.8813],[120.61006,22.88102],[120.60931,22.88071],[120.60927,22.87989],[120.60926,22.88072]],[[120.61289,22.88617],[120.61348,22.88593],[120.61365,22.88585],[120.61289,22.88617]],[[120.61275,22.88432],[120.61263,22.88396],[120.61275,22.88368],[120.61264,22.88396],[120.61275,22.88432]]],[[[120.60541,22.88561],[120.60572,22.88552],[120.60548,22.88538],[120.60541,22.88561]]],[[[120.60292,22.88592],[120.60315,22.88574],[120.60284,22.88592],[120.60292,22.88592]]],[[[120.60627,22.88649],[120.60628,22.88714],[120.60666,22.88721],[120.60627,22.88649]]],[[[120.60386,22.88769],[120.603,22.88905],[120.60384,22.88929],[120.60493,22.88733],[120.60634,22.88743],[120.60613,22.88651],[120.60474,22.88679],[120.60475,22.88727],[120.60386,22.88769]]],[[[120.60843,22.88829],[120.60865,22.88834],[120.60841,22.88825],[120.60843,22.88829]]],[[[120.60693,22.88929],[120.60923,22.8906],[120.60735,22.88866],[120.60704,22.88748],[120.60672,22.88798],[120.60734,22.88878],[120.60693,22.88929]]],[[[120.60732,22.88692],[120.60731,22.88844],[120.6088,22.8895],[120.60993,22.89153],[120.60897,22.89303],[120.6098,22.89277],[120.61036,22.89312],[120.60993,22.89204],[120.61095,22.89231],[120.61111,22.89098],[120.61016,22.88979],[120.6089,22.88927],[120.6084,22.88834],[120.6077,22.8887],[120.60799,22.88836],[120.60853,22.88818],[120.60833,22.88681],[120.60732,22.88692]]],[[[120.60947,22.89161],[120.60869,22.89146],[120.60785,22.89303],[120.60845,22.89471],[120.6084,22.89518],[120.60823,22.89537],[120.60913,22.89517],[120.60863,22.89404],[120.60874,22.89297],[120.60947,22.89161]]],[[[120.60914,22.89457],[120.60914,22.89412],[120.6089,22.89354],[120.60882,22.89431],[120.60914,22.89457]]],[[[120.60835,22.89521],[120.60825,22.89473],[120.60826,22.89525],[120.60835,22.89521]]],[[[120.60919,22.89543],[120.60803,22.89557],[120.6087,22.89604],[120.60759,22.89697],[120.60887,22.8966],[120.60919,22.89543]]],[[[120.5994,22.89721],[120.59926,22.89746],[120.59945,22.89769],[120.5994,22.89721]]],[[[120.60184,22.89826],[120.60164,22.89849],[120.60197,22.89857],[120.60184,22.89826]]],[[[120.60013,22.8988],[120.59997,22.89891],[120.60061,22.89919],[120.60013,22.8988]]],[[[120.61125,22.90624],[120.61151,22.90752],[120.61147,22.9061],[120.61257,22.90566],[120.61178,22.90548],[120.61125,22.90624]]],[[[120.61111,22.9081],[120.61136,22.90779],[120.61109,22.90625],[120.61102,22.90627],[120.61111,22.9081]]],[[[120.62041,22.88533],[120.62065,22.88507],[120.62049,22.88498],[120.62041,22.88533]]],[[[120.62031,22.88537],[120.62038,22.88609],[120.62102,22.88682],[120.62106,22.88684],[120.62031,22.88537]]],[[[120.61699,22.892],[120.61527,22.89023],[120.61424,22.89163],[120.61432,22.89224],[120.61501,22.89187],[120.61527,22.89246],[120.61657,22.89194],[120.61744,22.89351],[120.61669,22.89496],[120.61712,22.89665],[120.61657,22.8969],[120.61748,22.89828],[120.61564,22.89858],[120.61317,22.89808],[120.61291,22.89851],[120.61438,22.89836],[120.6152,22.89879],[120.61456,22.90008],[120.6148,22.90077],[120.61383,22.90182],[120.61285,22.90183],[120.61157,22.9026],[120.6131,22.90262],[120.61352,22.9047],[120.61435,22.90296],[120.61498,22.90244],[120.61497,22.90147],[120.61519,22.90264],[120.61454,22.90294],[120.61426,22.90386],[120.61557,22.90327],[120.61805,22.9044],[120.61895,22.90525],[120.61921,22.9067],[120.61979,22.90687],[120.61969,22.90642],[120.62017,22.90665],[120.6199,22.90707],[120.62047,22.90699],[120.62064,22.9085],[120.62163,22.90634],[120.62044,22.90467],[120.62074,22.90345],[120.62014,22.90266],[120.62034,22.90192],[120.61898,22.89974],[120.61925,22.89959],[120.61941,22.90033],[120.61988,22.9002],[120.62033,22.89846],[120.61871,22.89651],[120.62246,22.89744],[120.62301,22.89742],[120.62323,22.89734],[120.6237,22.89675],[120.62245,22.89743],[120.61929,22.89624],[120.61881,22.89555],[120.61929,22.8941],[120.61915,22.89179],[120.61726,22.89017],[120.61682,22.89099],[120.61749,22.8917],[120.61699,22.892]]],[[[120.61434,22.90467],[120.6134,22.9048],[120.61308,22.90522],[120.61438,22.90509],[120.61434,22.90467]]],[[[120.61236,22.90553],[120.61316,22.90481],[120.61204,22.90542],[120.61236,22.90553]]],[[[120.62005,22.90915],[120.62063,22.90871],[120.61973,22.90927],[120.62005,22.90915]]],[[[120.6221,22.90936],[120.62099,22.90836],[120.62092,22.90815],[120.62077,22.90879],[120.62165,22.91007],[120.6221,22.90936]]],[[[120.62356,22.9093],[120.62238,22.90892],[120.62257,22.90923],[120.62356,22.9093]]],[[[120.62266,22.90937],[120.62278,22.90949],[120.62305,22.90945],[120.62266,22.90937]]],[[[120.62506,22.91112],[120.6253,22.91081],[120.62454,22.91048],[120.62467,22.9108],[120.62506,22.91112]]],[[[120.62261,22.91109],[120.6226,22.9103],[120.62119,22.91094],[120.62106,22.91144],[120.62261,22.91109]]],[[[120.62087,22.91068],[120.61991,22.91108],[120.61979,22.91142],[120.6203,22.9115],[120.62087,22.91068]]],[[[120.62693,22.9121],[120.62533,22.91083],[120.62518,22.91112],[120.62693,22.9121]]],[[[120.62015,22.91169],[120.61908,22.91197],[120.6202,22.91182],[120.62015,22.91169]]],[[[120.62046,22.9123],[120.62038,22.91273],[120.62063,22.91271],[120.62046,22.9123]]],[[[120.62022,22.91221],[120.61881,22.91215],[120.62091,22.91487],[120.62087,22.91383],[120.62025,22.91275],[120.62022,22.91221]]],[[[120.62017,22.91496],[120.61972,22.91522],[120.62095,22.91745],[120.6212,22.91692],[120.62017,22.91496]]],[[[120.62137,22.91646],[120.6213,22.91631],[120.62122,22.91632],[120.62137,22.91646]]],[[[120.62143,22.91666],[120.62154,22.91872],[120.62268,22.91876],[120.62202,22.91753],[120.62241,22.91764],[120.62277,22.91883],[120.62266,22.91783],[120.62143,22.91666]]],[[[120.63507,22.99487],[120.63366,22.99401],[120.63353,22.99525],[120.63476,22.99567],[120.63438,22.9952],[120.63507,22.99487]]],[[[120.63556,22.99689],[120.63592,22.99774],[120.63629,22.99687],[120.63556,22.99689]]],[[[120.63543,22.99818],[120.63564,22.99836],[120.63562,22.99817],[120.63543,22.99818]]],[[[120.6355,22.99899],[120.63573,22.99921],[120.6357,22.99896],[120.6355,22.99899]]],[[[120.64818,22.88222],[120.64707,22.88404],[120.64637,22.88562],[120.64532,22.88668],[120.64547,22.88787],[120.64677,22.88841],[120.647,22.88868],[120.64738,22.8894],[120.64675,22.88843],[120.64552,22.88802],[120.64539,22.89205],[120.64484,22.8934],[120.64586,22.89616],[120.64586,22.89582],[120.64597,22.89724],[120.64582,22.89858],[120.64616,22.89849],[120.64516,22.90015],[120.64575,22.90186],[120.64642,22.90328],[120.64627,22.90285],[120.64665,22.90335],[120.64694,22.90336],[120.64713,22.90357],[120.64657,22.90337],[120.64805,22.907],[120.64843,22.90707],[120.64796,22.90707],[120.64764,22.90825],[120.64789,22.90934],[120.64809,22.90906],[120.64787,22.91024],[120.64821,22.91109],[120.64838,22.91083],[120.64796,22.91266],[120.64845,22.91317],[120.64849,22.91431],[120.64931,22.91655],[120.64996,22.91785],[120.65011,22.91981],[120.65063,22.92137],[120.65008,22.91801],[120.64847,22.91353],[120.65045,22.90659],[120.64969,22.90509],[120.64953,22.90327],[120.64928,22.90472],[120.64815,22.90216],[120.64843,22.9019],[120.64889,22.90234],[120.64823,22.90118],[120.64758,22.89544],[120.64782,22.88743],[120.64645,22.88549],[120.64824,22.88234],[120.64865,22.88115],[120.64865,22.88026],[120.64818,22.88222]],[[120.64859,22.90369],[120.64828,22.90346],[120.64839,22.90334],[120.64859,22.90369]],[[120.64874,22.90364],[120.64841,22.90332],[120.64858,22.90324],[120.64874,22.90364]],[[120.64724,22.90152],[120.64799,22.90188],[120.64839,22.9033],[120.64724,22.90152]],[[120.64735,22.89392],[120.64728,22.89359],[120.64727,22.8935],[120.64735,22.89392]],[[120.64712,22.89356],[120.64684,22.89322],[120.64705,22.89308],[120.64712,22.89356]],[[120.64711,22.89279],[120.64673,22.8932],[120.64646,22.89289],[120.64711,22.89279]],[[120.64711,22.89274],[120.64681,22.89234],[120.64722,22.89221],[120.64711,22.89274]],[[120.64762,22.89214],[120.64749,22.89226],[120.64751,22.89213],[120.64762,22.89214]],[[120.64748,22.89211],[120.64728,22.89346],[120.64738,22.89211],[120.64748,22.89211]]],[[[120.64892,22.90249],[120.64875,22.90291],[120.64912,22.90276],[120.64892,22.90249]]],[[[120.64908,22.903],[120.64918,22.90308],[120.6491,22.90282],[120.64908,22.903]]],[[[120.64921,22.9031],[120.64915,22.90327],[120.64925,22.90327],[120.64921,22.9031]]],[[[120.64618,22.92506],[120.64675,22.927],[120.64655,22.92816],[120.64592,22.9283],[120.64607,22.92879],[120.64442,22.93097],[120.64396,22.93069],[120.64484,22.93418],[120.64541,22.93413],[120.64632,22.93274],[120.6463,22.93039],[120.64698,22.92863],[120.64679,22.92646],[120.64618,22.92506]]],[[[120.64275,22.94477],[120.64265,22.94769],[120.64237,22.94861],[120.64197,22.94844],[120.6418,22.94889],[120.64181,22.95035],[120.64299,22.94769],[120.6431,22.94449],[120.64275,22.94477]]],[[[120.64534,22.96722],[120.64481,22.9664],[120.64415,22.96754],[120.64477,22.96844],[120.64426,22.96874],[120.6441,22.97042],[120.64501,22.97209],[120.64389,22.97106],[120.64435,22.97259],[120.64334,22.97282],[120.64345,22.97502],[120.64288,22.97403],[120.64282,22.97703],[120.6424,22.97679],[120.64256,22.97581],[120.64231,22.97578],[120.6405,22.97991],[120.64103,22.98011],[120.64048,22.97993],[120.64008,22.98125],[120.63962,22.98137],[120.64022,22.98377],[120.64072,22.98292],[120.64091,22.98324],[120.64148,22.98103],[120.64315,22.97978],[120.64398,22.977],[120.6436,22.97579],[120.64394,22.97417],[120.64489,22.97296],[120.64463,22.97246],[120.64532,22.97232],[120.64494,22.97171],[120.6455,22.97242],[120.64598,22.97191],[120.64549,22.97058],[120.64623,22.97074],[120.64582,22.97015],[120.64617,22.96997],[120.64534,22.9684],[120.64534,22.96722]],[[120.6442,22.97003],[120.64503,22.97088],[120.64501,22.97119],[120.64423,22.97053],[120.6442,22.97003]],[[120.64372,22.97297],[120.6435,22.97283],[120.64371,22.97278],[120.64372,22.97297]],[[120.64244,22.97622],[120.64213,22.97669],[120.64227,22.97618],[120.64244,22.97622]],[[120.64202,22.97783],[120.64168,22.97798],[120.64218,22.97733],[120.64202,22.97783]]],[[[120.65082,22.97715],[120.65073,22.97702],[120.65066,22.97718],[120.65082,22.97715]]],[[[120.64973,22.97937],[120.65109,22.97923],[120.65109,22.9792],[120.64973,22.97937]]],[[[120.65229,22.98506],[120.65226,22.9848],[120.65212,22.98495],[120.65229,22.98506]]],[[[120.64047,22.9855],[120.63991,22.98465],[120.63928,22.98588],[120.64017,22.98566],[120.64047,22.9855]]],[[[120.63851,22.9853],[120.63826,22.9856],[120.63848,22.98587],[120.63882,22.98573],[120.63851,22.9853]]],[[[120.63949,22.98818],[120.63999,22.98597],[120.63906,22.98617],[120.63673,22.98808],[120.63667,22.98992],[120.6356,22.99312],[120.63496,22.99561],[120.63504,22.99567],[120.63673,22.99002],[120.63696,22.98884],[120.63674,22.99002],[120.63917,22.98994],[120.63911,22.98931],[120.63835,22.989],[120.63949,22.98818]],[[120.63679,22.98938],[120.6368,22.98938],[120.63679,22.98943],[120.63679,22.98938]]],[[[120.65063,22.97578],[120.64556,22.97954],[120.645,22.98307],[120.64557,22.98422],[120.64494,22.98468],[120.64381,22.98459],[120.64295,22.98542],[120.64269,22.98885],[120.64317,22.98885],[120.64243,22.99213],[120.64199,22.99219],[120.64197,22.99404],[120.64155,22.99406],[120.64092,22.99635],[120.64245,22.99656],[120.64253,22.99734],[120.6423,22.99758],[120.64161,22.9969],[120.64026,22.9979],[120.6397,22.99974],[120.63991,23.00155],[120.64167,23.00281],[120.64192,23.00382],[120.64393,23.00608],[120.64693,23.00579],[120.64997,23.0068],[120.64763,23.00492],[120.6486,23.00517],[120.64916,23.00477],[120.64912,23.00536],[120.64943,23.00514],[120.65051,23.0062],[120.64981,23.00627],[120.65,23.00676],[120.65393,23.0066],[120.65262,23.00684],[120.65381,23.00701],[120.65697,23.00653],[120.65895,23.00473],[120.66008,23.00275],[120.65734,23.00364],[120.65394,23.00298],[120.65439,23.00329],[120.65338,23.00434],[120.65365,23.00564],[120.65184,23.00465],[120.64952,23.00473],[120.65058,23.00325],[120.65069,23.0027],[120.65031,23.00261],[120.6507,23.00268],[120.65076,23.00184],[120.65132,23.00139],[120.65089,23.00078],[120.65224,23.00046],[120.65162,22.99651],[120.65234,22.99613],[120.65232,22.99535],[120.65216,22.99519],[120.65121,22.99503],[120.651,22.99491],[120.65245,22.99521],[120.65219,22.9944],[120.6531,22.99485],[120.65305,22.99488],[120.65315,22.99528],[120.65332,22.99562],[120.65308,22.99489],[120.65367,22.99456],[120.65455,22.99487],[120.6543,22.99461],[120.65478,22.99439],[120.65508,22.99494],[120.65466,22.99402],[120.65344,22.99266],[120.6543,22.99179],[120.65379,22.99202],[120.65233,22.98963],[120.64963,22.98757],[120.65178,22.98496],[120.65207,22.98541],[120.65248,22.98515],[120.65219,22.98514],[120.65189,22.98482],[120.65215,22.98444],[120.65139,22.98327],[120.65106,22.98352],[120.65073,22.98298],[120.64883,22.98242],[120.6487,22.98149],[120.65086,22.9766],[120.65063,22.97578]],[[120.65199,22.98442],[120.6515,22.98476],[120.65053,22.98405],[120.65152,22.98471],[120.65199,22.98442]],[[120.64782,23.00435],[120.64913,23.00473],[120.64774,23.00491],[120.64782,23.00435]],[[120.64812,23.00421],[120.64798,23.00422],[120.6482,23.00423],[120.64812,23.00421]],[[120.64839,23.004],[120.6481,23.00416],[120.64809,23.00408],[120.64839,23.004]],[[120.64363,22.99792],[120.64365,22.99796],[120.64347,22.99801],[120.64363,22.99792]],[[120.64565,22.99591],[120.64607,22.99677],[120.64576,22.99677],[120.64565,22.99591]],[[120.64564,22.99591],[120.64557,22.99645],[120.64513,22.99583],[120.64568,22.99584],[120.64564,22.99591]],[[120.64471,22.99582],[120.64588,22.99721],[120.6469,22.99852],[120.64471,22.99582]],[[120.64588,22.99548],[120.64515,22.9958],[120.64494,22.9953],[120.64588,22.99548]],[[120.64581,22.99484],[120.64585,22.99544],[120.64495,22.99527],[120.64495,22.99468],[120.64581,22.99484]],[[120.64598,22.99457],[120.64495,22.99466],[120.64495,22.99435],[120.64598,22.99457]],[[120.64642,22.99513],[120.64597,22.99508],[120.64605,22.99422],[120.64668,22.99433],[120.64642,22.99513]],[[120.64496,22.99405],[120.64598,22.99455],[120.64496,22.99433],[120.64496,22.99405]],[[120.64438,22.99395],[120.64493,22.99431],[120.64434,22.99425],[120.64438,22.99395]],[[120.64432,22.99424],[120.64409,22.9939],[120.64434,22.99395],[120.64432,22.99424]],[[120.64467,22.99395],[120.64406,22.99354],[120.64473,22.99364],[120.64467,22.99395]],[[120.64358,22.99336],[120.64332,22.99355],[120.64341,22.99331],[120.64358,22.99336]],[[120.64345,22.99285],[120.64312,22.99416],[120.64324,22.99378],[120.64396,22.9939],[120.64345,22.99491],[120.64299,22.99485],[120.64358,22.99514],[120.64324,22.99505],[120.64303,22.99511],[120.64395,22.99567],[120.64359,22.99591],[120.64432,22.99687],[120.64416,22.99733],[120.64663,22.99955],[120.64692,23.00012],[120.64659,23.0003],[120.6467,23.00034],[120.64676,23.00042],[120.64683,23.00057],[120.64721,23.00073],[120.64749,23.00164],[120.64781,23.0016],[120.64747,23.00169],[120.64659,23.00033],[120.6461,23.00076],[120.6451,23.00061],[120.64567,23.00151],[120.64354,22.99825],[120.64386,22.99802],[120.64366,22.99767],[120.64291,22.99772],[120.64234,22.99561],[120.64294,22.99516],[120.64286,22.99286],[120.64345,22.99285]],[[120.64394,22.99164],[120.64664,22.99239],[120.64625,22.9936],[120.64355,22.99286],[120.64394,22.99164]],[[120.65037,22.98658],[120.6498,22.98611],[120.65002,22.98588],[120.65058,22.98632],[120.65037,22.98658]],[[120.64894,22.98281],[120.64914,22.98302],[120.64892,22.98315],[120.64894,22.98281]]],[[[120.65259,22.9953],[120.65269,22.99579],[120.65318,22.99563],[120.65259,22.9953]]],[[[120.63657,22.99607],[120.63664,22.99689],[120.637,22.99608],[120.63657,22.99607]]],[[[120.64183,22.9967],[120.64191,22.99681],[120.64193,22.99673],[120.64183,22.9967]]],[[[120.64086,22.99639],[120.64076,22.99718],[120.64085,22.9972],[120.641,22.9967],[120.64086,22.99639]]],[[[120.63571,22.99839],[120.63603,22.99856],[120.63574,22.99875],[120.63615,23.00005],[120.63621,22.99812],[120.6358,22.99774],[120.63571,22.99839]],[[120.63612,22.9991],[120.63581,22.9989],[120.63608,22.99888],[120.63612,22.9991]],[[120.63583,22.99809],[120.63587,22.99797],[120.63591,22.99806],[120.63583,22.99809]]],[[[120.64011,23.00195],[120.64002,23.00164],[120.63987,23.00158],[120.63973,23.0018],[120.64011,23.00195]]],[[[120.65248,23.00686],[120.65131,23.00698],[120.65068,23.00693],[120.65248,23.00686]]]]}},{"type":"Feature","properties":{"zone":"山坡地保育區","town":"六龜區"},"geometry":{"type":"MultiPolygon","coordinates":[[[[120.59427,22.86972],[120.59313,22.87216],[120.59248,22.87255],[120.59714,22.87703],[120.60043,22.87794],[120.60152,22.87675],[120.60278,22.87664],[120.60327,22.87716],[120.6037,22.88007],[120.60145,22.88432],[120.60163,22.88606],[120.60337,22.8862],[120.60311,22.88726],[120.60163,22.88856],[120.60213,22.89056],[120.6031,22.8893],[120.60289,22.889],[120.60343,22.88795],[120.60445,22.88708],[120.60389,22.88612],[120.60409,22.88557],[120.6036,22.88524],[120.6026,22.88597],[120.60163,22.88595],[120.60412,22.88377],[120.60402,22.88299],[120.60491,22.88194],[120.60454,22.8819],[120.60461,22.88121],[120.60618,22.88158],[120.60495,22.88052],[120.60433,22.87942],[120.60469,22.8793],[120.60417,22.879],[120.60506,22.87798],[120.60497,22.87693],[120.60475,22.8783],[120.60361,22.87866],[120.60443,22.87618],[120.60398,22.87572],[120.60301,22.87604],[120.60189,22.87508],[120.59974,22.87145],[120.59891,22.8715],[120.59807,22.87],[120.5969,22.87167],[120.59615,22.8717],[120.5946,22.87285],[120.5936,22.87248],[120.59429,22.87131],[120.59535,22.87133],[120.59632,22.87027],[120.59486,22.87084],[120.59427,22.86972]],[[120.60288,22.88582],[120.60306,22.88585],[120.60284,22.88592],[120.60288,22.88582]],[[120.60444,22.87973],[120.60459,22.88062],[120.6042,22.87954],[120.60444,22.87973]],[[120.60377,22.87601],[120.60375,22.87601],[120.60376,22.876],[120.60377,22.87601]]],[[[120.60918,22.8805],[120.60914,22.88051],[120.60918,22.88051],[120.60918,22.8805]]],[[[120.62058,22.88466],[120.62036,22.88511],[120.62059,22.8848],[120.62058,22.88466]]],[[[120.62105,22.88602],[120.62137,22.88616],[120.62106,22.88588],[120.62105,22.88602]]],[[[120.60012,22.89073],[120.60011,22.89046],[120.59998,22.89064],[120.60012,22.89073]]],[[[120.60629,22.8851],[120.60543,22.88526],[120.60534,22.88561],[120.6072,22.88752],[120.60725,22.88823],[120.6074,22.88779],[120.60705,22.88724],[120.60833,22.88681],[120.60853,22.88818],[120.60799,22.88836],[120.6077,22.8887],[120.6084,22.88834],[120.6089,22.88927],[120.61016,22.88979],[120.61111,22.89098],[120.61095,22.89231],[120.60993,22.89204],[120.61036,22.89312],[120.6098,22.89277],[120.60897,22.89303],[120.60967,22.8919],[120.60884,22.89312],[120.60933,22.8951],[120.60907,22.89633],[120.6113,22.8957],[120.61205,22.89598],[120.61228,22.89752],[120.61339,22.89821],[120.61564,22.89858],[120.61748,22.89828],[120.61657,22.8969],[120.61712,22.89665],[120.61669,22.89496],[120.61744,22.89351],[120.61657,22.89194],[120.61527,22.89246],[120.61501,22.89187],[120.61432,22.89224],[120.61424,22.89163],[120.61518,22.89027],[120.61569,22.89052],[120.61514,22.88987],[120.61181,22.88836],[120.61103,22.88572],[120.60927,22.88383],[120.60817,22.88392],[120.6081,22.88457],[120.60727,22.88375],[120.60718,22.8841],[120.60575,22.88369],[120.60557,22.88415],[120.60629,22.8851]],[[120.60869,22.88851],[120.60865,22.88834],[120.60871,22.88851],[120.60869,22.88851]],[[120.60548,22.88538],[120.60566,22.88577],[120.60541,22.88561],[120.60548,22.88538]]],[[[120.59998,22.89215],[120.59978,22.89209],[120.59993,22.89231],[120.59998,22.89215]]],[[[120.60317,22.88932],[120.60235,22.89057],[120.60267,22.89227],[120.60245,22.89331],[120.60219,22.89065],[120.60014,22.89247],[120.59972,22.89338],[120.59767,22.89372],[120.59708,22.89342],[120.59727,22.8947],[120.59689,22.89483],[120.59703,22.89591],[120.59767,22.89648],[120.60028,22.89685],[120.60309,22.89914],[120.60415,22.89848],[120.60367,22.89865],[120.60413,22.89829],[120.60382,22.89779],[120.60423,22.89752],[120.60483,22.89737],[120.60471,22.89693],[120.60552,22.89685],[120.60587,22.8973],[120.60648,22.89652],[120.60762,22.89673],[120.60853,22.896],[120.60772,22.89558],[120.60823,22.89537],[120.6084,22.89518],[120.60845,22.89477],[120.60785,22.89303],[120.60869,22.89146],[120.60977,22.89156],[120.60858,22.88997],[120.60799,22.89015],[120.60693,22.88929],[120.60734,22.88878],[120.60672,22.8877],[120.60704,22.88748],[120.60714,22.88834],[120.60734,22.88861],[120.60715,22.88823],[120.60718,22.88767],[120.60704,22.88748],[120.60632,22.88725],[120.60452,22.88759],[120.60384,22.88929],[120.603,22.88905],[120.60311,22.88871],[120.60299,22.88907],[120.60317,22.88932]],[[120.60823,22.89493],[120.60836,22.89477],[120.60826,22.89525],[120.60823,22.89493]]],[[[120.60931,22.88071],[120.61376,22.88435],[120.61335,22.88489],[120.61446,22.88713],[120.61597,22.88702],[120.61853,22.8878],[120.61704,22.8881],[120.61817,22.88856],[120.61891,22.88984],[120.61781,22.89008],[120.61933,22.89225],[120.61881,22.89555],[120.61929,22.89624],[120.61986,22.89622],[120.62052,22.89688],[120.62111,22.89681],[120.62145,22.89685],[120.62245,22.89743],[120.62308,22.89737],[120.62329,22.89694],[120.6237,22.89675],[120.62323,22.89734],[120.62301,22.89742],[120.62264,22.89744],[120.62235,22.89743],[120.62154,22.89725],[120.62149,22.8969],[120.62124,22.89685],[120.62137,22.89695],[120.62131,22.89717],[120.62173,22.89745],[120.62184,22.89772],[120.62123,22.8972],[120.62125,22.89689],[120.61999,22.89687],[120.61965,22.89727],[120.62033,22.89846],[120.6199,22.90016],[120.61941,22.90033],[120.61925,22.89959],[120.61898,22.89974],[120.62034,22.90192],[120.62014,22.90266],[120.62074,22.90345],[120.62044,22.90467],[120.62153,22.90596],[120.62154,22.9072],[120.62089,22.90767],[120.6214,22.90842],[120.6221,22.90907],[120.62282,22.90907],[120.62351,22.90717],[120.62432,22.90674],[120.62553,22.90699],[120.62648,22.90614],[120.62813,22.906],[120.62821,22.90507],[120.62917,22.90493],[120.62908,22.90463],[120.62818,22.9042],[120.6279,22.90315],[120.62632,22.90182],[120.62474,22.89926],[120.62533,22.8985],[120.62468,22.89622],[120.62539,22.89598],[120.62412,22.89515],[120.6247,22.89447],[120.62435,22.89406],[120.6248,22.8923],[120.62397,22.88907],[120.62246,22.88765],[120.62085,22.88692],[120.62009,22.88572],[120.62027,22.88419],[120.6189,22.88351],[120.61892,22.88295],[120.61411,22.88212],[120.61218,22.88067],[120.61142,22.88087],[120.60932,22.8799],[120.60931,22.88071]]],[[[120.60699,22.89679],[120.60653,22.89659],[120.60638,22.89687],[120.60699,22.89679]]],[[[120.61972,22.89655],[120.61882,22.89636],[120.61871,22.89651],[120.61941,22.89722],[120.61972,22.89655]]],[[[120.60574,22.89744],[120.60491,22.89694],[120.60478,22.89705],[120.60574,22.89744]]],[[[120.604,22.89801],[120.60504,22.89729],[120.60387,22.89785],[120.604,22.89801]]],[[[120.62187,22.90994],[120.62077,22.90879],[120.61844,22.90972],[120.61905,22.91177],[120.62018,22.91149],[120.61971,22.91131],[120.62075,22.91062],[120.62082,22.91113],[120.62234,22.90973],[120.62213,22.90942],[120.62187,22.90994]]],[[[120.62401,22.90966],[120.62244,22.90951],[120.62261,22.91109],[120.62102,22.91132],[120.62014,22.91235],[120.62087,22.91383],[120.62093,22.91595],[120.62295,22.91831],[120.62293,22.92047],[120.62338,22.91936],[120.62308,22.91784],[120.62406,22.91586],[120.62353,22.91493],[120.62378,22.91367],[120.62331,22.9127],[120.62322,22.91026],[120.62391,22.91026],[120.62401,22.90966]],[[120.62049,22.91279],[120.62046,22.9123],[120.62063,22.91271],[120.62049,22.91279]]],[[[120.62081,22.918],[120.6224,22.9196],[120.62268,22.91876],[120.62154,22.91872],[120.62081,22.918]]],[[[120.62855,22.99379],[120.6288,22.99439],[120.62895,22.9942],[120.62855,22.99379]]],[[[120.62845,23.0039],[120.62869,23.00364],[120.62833,23.00378],[120.62845,23.0039]]],[[[120.62967,23.004],[120.62954,23.00357],[120.62905,23.00392],[120.62967,23.004]]],[[[120.6276,23.00428],[120.62697,23.00381],[120.62679,23.00344],[120.62699,23.00405],[120.6276,23.00428]]],[[[120.62214,23.00906],[120.62207,23.00943],[120.62217,23.00941],[120.62214,23.00906]]],[[[120.62407,23.01172],[120.6241,23.01191],[120.6242,23.01181],[120.62407,23.01172]]],[[[120.62967,23.01305],[120.62972,23.01289],[120.62961,23.01302],[120.62967,23.01305]]],[[[120.62425,23.01307],[120.6245,23.01307],[120.62436,23.01293],[120.62425,23.01307]]],[[[120.62197,23.01442],[120.62173,23.01461],[120.62178,23.01465],[120.62197,23.01442]]],[[[120.62572,23.01562],[120.62591,23.01582],[120.62593,23.01577],[120.62572,23.01562]]],[[[120.62343,23.01587],[120.62362,23.01572],[120.62354,23.01569],[120.62343,23.01587]]],[[[120.62415,23.016],[120.62374,23.01592],[120.62404,23.01617],[120.62415,23.016]]],[[[120.62961,22.90573],[120.62837,22.90713],[120.62787,22.90652],[120.62765,22.9068],[120.62826,22.90792],[120.62968,22.90868],[120.62899,22.90812],[120.62994,22.90807],[120.63054,22.90977],[120.63115,22.91024],[120.6304,22.91039],[120.63341,22.91629],[120.63396,22.92098],[120.63472,22.92246],[120.63543,22.9236],[120.63725,22.9234],[120.63763,22.92377],[120.63886,22.92597],[120.63921,22.92592],[120.63889,22.92637],[120.63943,22.92647],[120.63968,22.92714],[120.64041,22.92717],[120.6396,22.92744],[120.63953,22.92819],[120.64158,22.92788],[120.6411,22.92809],[120.64118,22.92898],[120.64185,22.9296],[120.64246,22.92939],[120.63894,22.92264],[120.63859,22.92036],[120.63921,22.91857],[120.63768,22.91835],[120.63731,22.91884],[120.63737,22.91737],[120.63421,22.91404],[120.63434,22.9134],[120.6333,22.91235],[120.6327,22.90993],[120.63099,22.90833],[120.62961,22.90573]],[[120.6388,22.92276],[120.63854,22.9231],[120.63848,22.92297],[120.6388,22.92276]]],[[[120.64212,22.93161],[120.6421,22.93244],[120.64264,22.93252],[120.64267,22.93223],[120.64289,22.93205],[120.64304,22.93299],[120.64338,22.93273],[120.6431,22.9336],[120.64428,22.93355],[120.6441,22.93161],[120.64391,22.93122],[120.64342,22.93151],[120.64281,22.93],[120.64311,22.93111],[120.64212,22.93161]]],[[[120.64444,22.93275],[120.6444,22.93382],[120.64425,22.93415],[120.6447,22.93512],[120.64489,22.93587],[120.64444,22.93275]]],[[[120.64419,22.93467],[120.6445,22.936],[120.64311,22.93994],[120.6416,22.94793],[120.64058,22.9489],[120.64159,22.95018],[120.64197,22.94844],[120.64237,22.94861],[120.64262,22.94782],[120.64275,22.94477],[120.64467,22.93601],[120.64466,22.93514],[120.6442,22.93416],[120.64421,22.93369],[120.64419,22.93467]]],[[[120.64152,22.95024],[120.64185,22.95359],[120.64144,22.95314],[120.64126,22.95402],[120.64242,22.95501],[120.64245,22.95542],[120.64304,22.95768],[120.64163,22.95776],[120.64157,22.959],[120.64221,22.95882],[120.64222,22.95938],[120.64098,22.96029],[120.64064,22.95959],[120.63946,22.96187],[120.63889,22.9619],[120.63914,22.96414],[120.63953,22.9641],[120.63976,22.96505],[120.63938,22.96564],[120.64047,22.9657],[120.63954,22.96628],[120.64006,22.96646],[120.63977,22.96792],[120.63876,22.96791],[120.64019,22.96884],[120.6413,22.96892],[120.64275,22.96339],[120.64312,22.95812],[120.64232,22.9525],[120.6419,22.95154],[120.64237,22.9497],[120.64152,22.95024]],[[120.64236,22.96462],[120.64231,22.96464],[120.64223,22.96455],[120.64236,22.96462]]],[[[120.63917,22.96894],[120.64001,22.97043],[120.64005,22.97009],[120.64049,22.97026],[120.63968,22.97068],[120.64011,22.97354],[120.64127,22.96909],[120.63917,22.96894]]],[[[120.64034,22.97333],[120.64026,22.97333],[120.64023,22.97375],[120.64034,22.97333]]],[[[120.63948,22.97494],[120.63745,22.97526],[120.63731,22.97565],[120.63658,22.97508],[120.63688,22.97639],[120.63533,22.97653],[120.63582,22.97779],[120.63686,22.97748],[120.63687,22.9776],[120.63534,22.97811],[120.63549,22.9785],[120.63612,22.97824],[120.63573,22.97943],[120.63602,22.97974],[120.6356,22.97976],[120.63571,22.98085],[120.63523,22.98075],[120.63479,22.98172],[120.63491,22.98297],[120.63313,22.98342],[120.63207,22.98297],[120.63182,22.98335],[120.63245,22.9848],[120.63177,22.98508],[120.6317,22.98587],[120.63107,22.98567],[120.63086,22.9867],[120.63009,22.98692],[120.63045,22.98786],[120.62994,22.9879],[120.63013,22.98905],[120.62927,22.98863],[120.62968,22.98953],[120.62998,22.98966],[120.63001,22.98937],[120.63105,22.98924],[120.63191,22.98941],[120.63293,22.98872],[120.63422,22.98862],[120.63497,22.98898],[120.63654,22.98837],[120.63707,22.98703],[120.63736,22.98261],[120.64016,22.97423],[120.63948,22.97494]]],[[[120.63508,22.98905],[120.63293,22.98876],[120.63195,22.98946],[120.63049,22.98937],[120.62993,22.98974],[120.63016,22.9916],[120.62903,22.99056],[120.62785,22.99041],[120.62706,22.99186],[120.62893,22.99222],[120.62971,22.99381],[120.63067,22.99374],[120.62959,22.99562],[120.62825,22.99579],[120.62768,22.99878],[120.6263,22.99988],[120.62825,23.00116],[120.629,23.00043],[120.62961,23.00231],[120.63122,23.00159],[120.63136,23.0002],[120.63248,23.0007],[120.63291,23.00039],[120.63383,23.00053],[120.63415,23.00016],[120.63432,23.00012],[120.63411,22.99967],[120.63273,22.99998],[120.63277,22.99874],[120.63186,22.99749],[120.63238,22.99622],[120.63349,22.99543],[120.63481,22.99097],[120.63656,22.98999],[120.6366,22.9885],[120.63508,22.98905]]],[[[120.63186,23.00072],[120.63134,23.00081],[120.63152,23.0011],[120.63186,23.00072]]],[[[120.63566,23.00018],[120.63435,23.00042],[120.63548,23.002],[120.63524,23.00127],[120.63566,23.00018]]],[[[120.63622,23.00398],[120.6358,23.00058],[120.63527,23.00127],[120.63554,23.00198],[120.63534,23.00217],[120.63622,23.00398]]],[[[120.63613,23.00479],[120.63592,23.00478],[120.63595,23.00503],[120.63613,23.00479]]],[[[120.63588,23.00503],[120.63569,23.00593],[120.63604,23.00656],[120.63588,23.00503]]],[[[120.6361,23.00662],[120.6364,23.00591],[120.63598,23.00552],[120.6361,23.00662]]],[[[120.6362,23.00661],[120.63647,23.00667],[120.63639,23.00648],[120.6362,23.00661]]],[[[120.63416,23.00034],[120.63383,23.00064],[120.63187,23.00095],[120.63152,23.00152],[120.63178,23.00233],[120.63117,23.00249],[120.63204,23.00433],[120.632,23.00501],[120.63107,23.00524],[120.63118,23.00667],[120.63207,23.00852],[120.6314,23.00921],[120.63102,23.01108],[120.63199,23.01267],[120.63333,23.01315],[120.63688,23.01041],[120.63589,23.00931],[120.63581,23.00768],[120.63533,23.00724],[120.63599,23.00679],[120.63568,23.00609],[120.63556,23.00507],[120.63542,23.00504],[120.63604,23.00402],[120.63439,23.00069],[120.63378,23.00098],[120.63416,23.00034]],[[120.6354,23.00356],[120.63538,23.00404],[120.63523,23.00339],[120.63429,23.00315],[120.63514,23.0032],[120.6354,23.00356]],[[120.63471,23.00227],[120.63414,23.00281],[120.63449,23.00189],[120.63471,23.00227]]],[[[120.63691,23.00684],[120.63676,23.00731],[120.63757,23.00756],[120.63761,23.00781],[120.63592,23.00744],[120.63594,23.00932],[120.63675,23.00951],[120.63653,23.00919],[120.63779,23.0091],[120.63791,23.00858],[120.64,23.00999],[120.63965,23.01049],[120.64169,23.0103],[120.64027,23.00984],[120.64048,23.00958],[120.63956,23.00873],[120.63691,23.00684]]],[[[120.64148,23.01055],[120.6419,23.01064],[120.64195,23.01055],[120.64228,23.0105],[120.64227,23.01037],[120.64148,23.01055]]],[[[120.64262,23.01069],[120.64369,23.01046],[120.6425,23.01034],[120.64262,23.01069]]],[[[120.6423,23.01051],[120.64193,23.01064],[120.64239,23.01067],[120.6423,23.01051]]],[[[120.64782,23.01175],[120.64792,23.0116],[120.64726,23.01158],[120.64782,23.01175]]],[[[120.63177,23.01442],[120.63132,23.01413],[120.63133,23.01475],[120.63177,23.01442]]],[[[120.63118,23.01443],[120.63112,23.01473],[120.6312,23.01473],[120.63118,23.01443]]],[[[120.63164,23.0149],[120.6315,23.01479],[120.63161,23.01496],[120.63164,23.0149]]],[[[120.63186,23.01485],[120.63169,23.01515],[120.63201,23.01497],[120.63186,23.01485]]],[[[120.63186,23.01525],[120.63187,23.0155],[120.63193,23.01555],[120.63186,23.01525]]],[[[120.64315,23.07237],[120.64407,23.07058],[120.64389,23.07014],[120.64174,23.0702],[120.64078,23.07074],[120.64064,23.07125],[120.63998,23.07132],[120.63909,23.07078],[120.639,23.07015],[120.63756,23.06974],[120.63585,23.06991],[120.63548,23.07046],[120.63413,23.06991],[120.63391,23.07021],[120.63329,23.06988],[120.63253,23.07021],[120.63155,23.06892],[120.63047,23.06909],[120.63142,23.06906],[120.63224,23.07037],[120.63327,23.07007],[120.63399,23.07046],[120.63413,23.0701],[120.63545,23.07065],[120.63593,23.07008],[120.63754,23.06993],[120.63891,23.07032],[120.63891,23.07087],[120.63997,23.0715],[120.64071,23.07143],[120.6418,23.07037],[120.64381,23.07031],[120.64315,23.07237]]],[[[120.64856,22.87992],[120.64858,22.88002],[120.64861,22.87991],[120.64856,22.87992]]],[[[120.64875,22.87953],[120.64824,22.88234],[120.64704,22.88419],[120.64645,22.88549],[120.64655,22.88574],[120.64951,22.88],[120.64975,22.87804],[120.64911,22.8777],[120.64849,22.87802],[120.64875,22.87953]]],[[[120.64827,22.90237],[120.64838,22.90257],[120.64857,22.90289],[120.64827,22.90237]]],[[[120.64878,22.91385],[120.6488,22.91348],[120.64862,22.91351],[120.64878,22.91385]]],[[[120.64875,22.91425],[120.65023,22.91798],[120.65029,22.91957],[120.65049,22.92039],[120.65084,22.92133],[120.65034,22.91814],[120.64875,22.91425]]],[[[120.65226,22.92726],[120.65271,22.92821],[120.65215,22.9322],[120.65137,22.93342],[120.65083,22.93491],[120.65053,22.93778],[120.65082,22.94012],[120.64991,22.94138],[120.65004,22.94196],[120.64965,22.94187],[120.64822,22.94405],[120.64804,22.94849],[120.64755,22.95],[120.64711,22.94987],[120.64739,22.95068],[120.64711,22.95007],[120.64678,22.95028],[120.64695,22.95291],[120.64739,22.95296],[120.64765,22.95401],[120.64719,22.95382],[120.64798,22.95452],[120.64865,22.95634],[120.64954,22.95645],[120.64986,22.95745],[120.6511,22.95827],[120.65076,22.95922],[120.6513,22.96284],[120.65127,22.96807],[120.65037,22.96939],[120.65091,22.97059],[120.64988,22.97227],[120.65041,22.97465],[120.65002,22.97587],[120.65093,22.97551],[120.65071,22.97676],[120.65089,22.97643],[120.64868,22.98176],[120.64883,22.98242],[120.65073,22.98298],[120.65106,22.98352],[120.65139,22.98327],[120.65199,22.9844],[120.6531,22.98482],[120.65383,22.98771],[120.65349,22.98872],[120.6538,22.98927],[120.65326,22.99006],[120.65307,22.99056],[120.65317,22.99093],[120.65352,22.99156],[120.65316,22.99073],[120.65352,22.99044],[120.65483,22.99226],[120.65619,22.99698],[120.65895,22.99981],[120.65952,23.00302],[120.6617,23.00158],[120.66077,23.00189],[120.66194,23.00038],[120.6607,22.99599],[120.66184,22.99051],[120.66049,22.98769],[120.65679,22.98271],[120.65275,22.97603],[120.65197,22.97032],[120.65128,22.96859],[120.65168,22.96586],[120.65165,22.9627],[120.65112,22.96085],[120.65143,22.95823],[120.65035,22.95752],[120.64962,22.95611],[120.65058,22.94884],[120.65096,22.94128],[120.65068,22.93739],[120.65103,22.93459],[120.65228,22.93225],[120.65286,22.92821],[120.65241,22.92724],[120.65273,22.92612],[120.65226,22.92726]],[[120.65265,22.9846],[120.65256,22.98432],[120.65276,22.98452],[120.65265,22.9846]],[[120.64973,22.97937],[120.65109,22.9792],[120.65109,22.97923],[120.64973,22.97937]],[[120.65082,22.97715],[120.65073,22.97702],[120.65082,22.97709],[120.65082,22.97715]],[[120.65112,22.97344],[120.6504,22.97345],[120.65052,22.97283],[120.65122,22.9728],[120.65112,22.97344]]],[[[120.64943,22.98301],[120.64894,22.98281],[120.64892,22.98315],[120.64943,22.98301]]],[[[120.65002,22.98588],[120.65037,22.98658],[120.65058,22.98632],[120.65002,22.98588]]],[[[120.64917,23.01335],[120.64918,23.01337],[120.64919,23.01337],[120.64917,23.01335]]],[[[120.67008,23.01523],[120.66918,23.01555],[120.67013,23.01533],[120.67008,23.01523]]],[[[120.6504,23.01615],[120.64968,23.0172],[120.6494,23.01752],[120.65002,23.01696],[120.6504,23.01615]]],[[[120.65757,23.00773],[120.65195,23.00862],[120.64913,23.01021],[120.64926,23.01081],[120.64943,23.01056],[120.6496,23.01058],[120.64994,23.01074],[120.65011,23.01097],[120.65029,23.01069],[120.65141,23.01014],[120.65244,23.0099],[120.65262,23.00992],[120.65036,23.01068],[120.65023,23.01112],[120.64973,23.01065],[120.64925,23.01085],[120.64894,23.01066],[120.64882,23.01162],[120.64998,23.01621],[120.64935,23.0167],[120.64939,23.01691],[120.65069,23.01583],[120.65097,23.0159],[120.64969,23.01772],[120.64875,23.01779],[120.64871,23.01722],[120.64813,23.01782],[120.65108,23.01947],[120.65143,23.02031],[120.65213,23.02031],[120.65466,23.0224],[120.65462,23.02333],[120.65519,23.02515],[120.65392,23.02745],[120.65236,23.028],[120.65293,23.02811],[120.65316,23.02936],[120.65614,23.02797],[120.65685,23.0287],[120.65625,23.02952],[120.65707,23.02932],[120.65802,23.02983],[120.65871,23.02946],[120.65842,23.02726],[120.65875,23.02947],[120.65963,23.02962],[120.66109,23.02635],[120.66117,23.02291],[120.66291,23.01993],[120.66374,23.01376],[120.66184,23.01444],[120.66308,23.01151],[120.663,23.01046],[120.66246,23.01],[120.66322,23.0096],[120.66105,23.00917],[120.65955,23.00941],[120.65831,23.00887],[120.65757,23.00773]],[[120.65819,23.02948],[120.65815,23.02949],[120.65815,23.02949],[120.65819,23.02948]],[[120.6572,23.02673],[120.6572,23.02676],[120.65719,23.02676],[120.6572,23.02673]],[[120.65541,23.02315],[120.65472,23.02347],[120.65573,23.02288],[120.65541,23.02315]],[[120.65723,23.02245],[120.65724,23.02252],[120.65724,23.02255],[120.65723,23.02245]],[[120.65124,23.0158],[120.65121,23.01569],[120.65128,23.01578],[120.65124,23.0158]]],[[[120.65897,23.03046],[120.65889,23.03102],[120.65949,23.02985],[120.65871,23.02965],[120.65894,23.03002],[120.65897,23.03046]]],[[[120.65587,23.03124],[120.65621,23.03165],[120.65703,23.03116],[120.65757,23.03154],[120.6578,23.03145],[120.65859,23.03137],[120.65887,23.02994],[120.65855,23.02959],[120.65791,23.03011],[120.65702,23.02958],[120.65619,23.02971],[120.65587,23.03124]]],[[[120.65812,23.03147],[120.65851,23.0316],[120.65861,23.03141],[120.65848,23.03139],[120.65812,23.03147]]],[[[120.6576,23.03156],[120.65806,23.0317],[120.65812,23.03147],[120.6576,23.03156]]],[[[120.66918,23.04741],[120.66946,23.04718],[120.66918,23.04709],[120.66918,23.04741]]],[[[120.66578,23.04938],[120.66519,23.05036],[120.66209,23.05267],[120.66328,23.05416],[120.6649,23.05479],[120.66715,23.0544],[120.66843,23.05112],[120.66983,23.05027],[120.67083,23.05075],[120.67111,23.05015],[120.6701,23.04876],[120.66898,23.04866],[120.66902,23.04916],[120.66756,23.04838],[120.66578,23.04938]]],[[[120.66737,23.05425],[120.66725,23.05445],[120.66742,23.0543],[120.66737,23.05425]]],[[[120.66803,23.05465],[120.66776,23.05429],[120.66734,23.05493],[120.66755,23.05505],[120.66803,23.05465]]],[[[120.6599,23.06809],[120.66031,23.06872],[120.66079,23.06862],[120.6599,23.06809]]],[[[120.65651,23.06874],[120.65944,23.07059],[120.66123,23.06922],[120.65988,23.06955],[120.65949,23.06868],[120.65796,23.06828],[120.65651,23.06874]]],[[[120.6614,23.06939],[120.6618,23.0695],[120.6618,23.06939],[120.6614,23.06939]]],[[[120.66165,23.07014],[120.66108,23.07008],[120.66122,23.07032],[120.66165,23.07014]]],[[[120.66729,23.05471],[120.6666,23.05498],[120.66609,23.05609],[120.66521,23.05631],[120.66449,23.05798],[120.66447,23.05997],[120.66299,23.06081],[120.66264,23.06191],[120.66052,23.06306],[120.66367,23.06441],[120.66425,23.06494],[120.66437,23.06638],[120.66559,23.06676],[120.66456,23.06747],[120.66544,23.06825],[120.66552,23.07044],[120.6638,23.07088],[120.66281,23.07],[120.65949,23.07144],[120.65899,23.07108],[120.65833,23.07109],[120.65788,23.07043],[120.65666,23.0701],[120.65578,23.07011],[120.65533,23.07074],[120.65466,23.0704],[120.65415,23.07076],[120.6514,23.07004],[120.65077,23.0704],[120.65034,23.07128],[120.64932,23.0694],[120.64712,23.06914],[120.64613,23.06965],[120.64639,23.07124],[120.64334,23.07259],[120.64651,23.07139],[120.64633,23.06968],[120.64714,23.06932],[120.64922,23.06957],[120.65034,23.07149],[120.65142,23.07024],[120.65416,23.07094],[120.65466,23.07059],[120.65534,23.07094],[120.6565,23.07025],[120.65944,23.07162],[120.66162,23.07104],[120.66284,23.07018],[120.6638,23.07106],[120.66637,23.07024],[120.66668,23.07092],[120.66937,23.07136],[120.67016,23.07088],[120.67055,23.07118],[120.66834,23.07249],[120.66799,23.0721],[120.66711,23.07247],[120.66749,23.07279],[120.66753,23.07265],[120.66783,23.07255],[120.66874,23.07255],[120.66885,23.07242],[120.66953,23.07213],[120.66874,23.07257],[120.66755,23.07267],[120.66786,23.07311],[120.66756,23.0738],[120.66896,23.07247],[120.66955,23.07229],[120.67061,23.0721],[120.67056,23.07186],[120.67296,23.07061],[120.67399,23.07136],[120.67303,23.07239],[120.67368,23.07274],[120.67343,23.07365],[120.67417,23.0748],[120.67422,23.07528],[120.67375,23.07428],[120.67329,23.07452],[120.67338,23.07416],[120.67108,23.07201],[120.66897,23.0725],[120.66777,23.07376],[120.66783,23.07427],[120.66893,23.07447],[120.66901,23.07491],[120.66856,23.07643],[120.66883,23.07718],[120.66759,23.08062],[120.66809,23.08104],[120.66804,23.08248],[120.66861,23.08389],[120.66846,23.08557],[120.66722,23.08786],[120.66828,23.08913],[120.67336,23.08887],[120.67543,23.09003],[120.67793,23.08858],[120.67875,23.08878],[120.67884,23.08845],[120.67921,23.08818],[120.67867,23.08679],[120.67914,23.08659],[120.67917,23.08621],[120.67881,23.08662],[120.67863,23.08669],[120.6792,23.08576],[120.67927,23.08615],[120.68002,23.08552],[120.68082,23.08585],[120.68129,23.08549],[120.68234,23.08634],[120.68286,23.08701],[120.68383,23.08635],[120.68386,23.08571],[120.68333,23.08587],[120.68329,23.08568],[120.68452,23.08531],[120.68421,23.0844],[120.68548,23.08428],[120.68604,23.08487],[120.68612,23.08458],[120.68676,23.08462],[120.68722,23.08362],[120.68768,23.08363],[120.6877,23.08267],[120.68698,23.08051],[120.68553,23.07842],[120.68508,23.07728],[120.68524,23.07684],[120.68428,23.07575],[120.6846,23.07458],[120.68381,23.07311],[120.68241,23.07172],[120.68064,23.06864],[120.6794,23.06787],[120.67783,23.06945],[120.67929,23.0708],[120.67992,23.07203],[120.67967,23.07222],[120.68049,23.07289],[120.68061,23.07304],[120.68071,23.07346],[120.68163,23.07373],[120.68119,23.07394],[120.68163,23.0742],[120.68179,23.0747],[120.68142,23.07568],[120.68198,23.07539],[120.68214,23.07518],[120.68295,23.07473],[120.68215,23.0752],[120.68209,23.07533],[120.6814,23.07578],[120.68131,23.07571],[120.68093,23.07604],[120.68128,23.07637],[120.68145,23.07701],[120.682,23.07648],[120.68221,23.07639],[120.68145,23.07702],[120.68135,23.07774],[120.68128,23.07649],[120.68079,23.07606],[120.6808,23.07669],[120.68045,23.0771],[120.68053,23.07752],[120.67951,23.07843],[120.67973,23.07908],[120.67803,23.08156],[120.67801,23.08102],[120.67912,23.07987],[120.67951,23.07764],[120.68072,23.07672],[120.6807,23.07608],[120.68112,23.07565],[120.68013,23.07442],[120.68134,23.07556],[120.68166,23.07437],[120.68065,23.07376],[120.6802,23.07281],[120.67967,23.07344],[120.67906,23.07379],[120.67911,23.0741],[120.67897,23.07427],[120.67871,23.07445],[120.679,23.07386],[120.67739,23.07357],[120.67811,23.07455],[120.67814,23.07519],[120.6783,23.07476],[120.67839,23.07468],[120.67859,23.07465],[120.67872,23.0745],[120.67857,23.07469],[120.67832,23.07477],[120.67824,23.07496],[120.67821,23.07664],[120.67667,23.07757],[120.67568,23.07777],[120.67768,23.07647],[120.67801,23.07458],[120.67736,23.07375],[120.677,23.07453],[120.676,23.0755],[120.67495,23.07585],[120.67511,23.07538],[120.6769,23.07451],[120.67729,23.07355],[120.67633,23.07347],[120.67504,23.07454],[120.67616,23.07345],[120.67404,23.07256],[120.6762,23.07342],[120.6767,23.07303],[120.67708,23.07293],[120.67743,23.07182],[120.67693,23.07052],[120.67907,23.06788],[120.67791,23.06669],[120.67752,23.06692],[120.67567,23.06566],[120.67469,23.06561],[120.67197,23.06169],[120.67108,23.06165],[120.6699,23.05975],[120.66769,23.05759],[120.66729,23.05471]],[[120.67924,23.08534],[120.67922,23.0853],[120.67924,23.0853],[120.67924,23.08534]],[[120.6755,23.07785],[120.6741,23.07884],[120.67419,23.08097],[120.67313,23.08131],[120.67214,23.08106],[120.67259,23.08078],[120.6731,23.08116],[120.67385,23.08065],[120.67401,23.07849],[120.6755,23.07785]],[[120.67611,23.07878],[120.67553,23.07783],[120.67559,23.07779],[120.67611,23.07878]],[[120.67866,23.07801],[120.67849,23.07796],[120.67871,23.07779],[120.67866,23.07801]],[[120.67902,23.07775],[120.67898,23.0776],[120.67935,23.07757],[120.67902,23.07775]],[[120.6805,23.07681],[120.68045,23.07679],[120.68049,23.07676],[120.6805,23.07681]],[[120.67477,23.07643],[120.67469,23.07625],[120.67481,23.07646],[120.67477,23.07643]],[[120.67386,23.07407],[120.67389,23.07406],[120.67389,23.07407],[120.67386,23.07407]],[[120.67651,23.07405],[120.67661,23.07416],[120.67667,23.07424],[120.67651,23.07405]]],[[[120.66678,23.0732],[120.66589,23.07379],[120.66612,23.07503],[120.66576,23.07516],[120.66674,23.07637],[120.66788,23.0747],[120.6675,23.07401],[120.66726,23.0743],[120.66734,23.07379],[120.66666,23.07429],[120.66678,23.0732]]],[[[120.66592,23.07741],[120.66606,23.07768],[120.66595,23.07741],[120.66592,23.07741]]],[[[120.66578,23.07804],[120.66582,23.07795],[120.66574,23.07801],[120.66578,23.07804]]],[[[120.66974,23.01418],[120.66996,23.01513],[120.67097,23.01522],[120.67036,23.01435],[120.66974,23.01418]]],[[[120.65949,23.00449],[120.65879,23.00626],[120.65779,23.00673],[120.66115,23.00822],[120.66182,23.00792],[120.66156,23.00842],[120.66233,23.00881],[120.66449,23.00796],[120.66502,23.01091],[120.66467,23.01322],[120.66533,23.01413],[120.66499,23.01408],[120.66523,23.01644],[120.66442,23.01846],[120.66467,23.01895],[120.66405,23.02145],[120.66288,23.02168],[120.66254,23.0224],[120.6633,23.02495],[120.66294,23.02733],[120.66133,23.02924],[120.66123,23.0311],[120.65936,23.03283],[120.65859,23.03448],[120.65894,23.03701],[120.6598,23.04032],[120.66135,23.04257],[120.66728,23.04679],[120.66904,23.04738],[120.66794,23.0466],[120.6679,23.04528],[120.66806,23.04591],[120.67047,23.04586],[120.67113,23.04513],[120.67331,23.04438],[120.67424,23.0428],[120.67779,23.03971],[120.67889,23.03816],[120.68392,23.03458],[120.6809,23.03186],[120.67997,23.02894],[120.67851,23.02748],[120.67624,23.02305],[120.67453,23.02168],[120.66839,23.0147],[120.66821,23.01389],[120.66892,23.01355],[120.67231,23.01494],[120.67255,23.01423],[120.67132,23.01374],[120.67156,23.01268],[120.67016,23.01112],[120.66945,23.01167],[120.66709,23.01214],[120.66558,23.01142],[120.66705,23.01199],[120.66826,23.01152],[120.66744,23.01128],[120.66831,23.01013],[120.66862,23.01048],[120.6693,23.01017],[120.66868,23.01013],[120.66944,23.00916],[120.66914,23.009],[120.67004,23.00914],[120.66977,23.01003],[120.67044,23.01046],[120.67012,23.01109],[120.67305,23.00769],[120.67389,23.00465],[120.67459,23.00397],[120.67434,23.00337],[120.67361,23.00287],[120.66925,23.00384],[120.66881,23.00558],[120.66765,23.00542],[120.66813,23.00609],[120.66787,23.00675],[120.66591,23.00876],[120.66465,23.00733],[120.66446,23.00764],[120.66549,23.0087],[120.66348,23.00716],[120.66228,23.00782],[120.65919,23.00727],[120.66027,23.00718],[120.65926,23.00664],[120.66213,23.00682],[120.66287,23.00487],[120.66393,23.00461],[120.66491,23.00361],[120.66577,23.00245],[120.66542,23.00214],[120.66383,23.00271],[120.66337,23.00196],[120.66192,23.00202],[120.65949,23.00449]]],[[[120.67741,23.06146],[120.6776,23.06184],[120.67784,23.06167],[120.67741,23.06146]]],[[[120.6771,23.07041],[120.67755,23.07197],[120.67719,23.07335],[120.67771,23.07349],[120.67773,23.0732],[120.67806,23.07292],[120.67786,23.07341],[120.67898,23.07383],[120.67959,23.07348],[120.67995,23.07286],[120.67952,23.07215],[120.67945,23.07223],[120.67909,23.07229],[120.67872,23.07249],[120.6786,23.0724],[120.67842,23.07255],[120.6784,23.07265],[120.67817,23.07286],[120.6779,23.07187],[120.67842,23.07253],[120.67797,23.07127],[120.67875,23.07243],[120.67908,23.07225],[120.6798,23.07203],[120.67925,23.07087],[120.67775,23.06955],[120.6771,23.07041]]],[[[120.67058,23.07187],[120.67127,23.07197],[120.6712,23.07172],[120.67058,23.07187]]],[[[120.67126,23.07214],[120.6715,23.07209],[120.67127,23.07197],[120.67126,23.07214]]],[[[120.67702,23.07333],[120.67686,23.073],[120.67651,23.07336],[120.67702,23.07333]]],[[[120.6807,23.07359],[120.68057,23.07302],[120.68051,23.07298],[120.68062,23.07357],[120.6807,23.07363],[120.68081,23.07355],[120.6807,23.07359]]],[[[120.67327,23.07367],[120.67326,23.07365],[120.67325,23.07365],[120.67327,23.07367]]],[[[120.67362,23.07395],[120.67334,23.07364],[120.67365,23.07404],[120.67362,23.07395]]],[[[120.67341,23.07385],[120.6736,23.07411],[120.67367,23.07421],[120.67364,23.07414],[120.67341,23.07385]]],[[[120.68688,23.07612],[120.6889,23.07742],[120.68828,23.07385],[120.68773,23.07358],[120.68688,23.07612]]],[[[120.68582,23.07781],[120.68543,23.07733],[120.68533,23.07746],[120.68582,23.07781]]],[[[120.68463,23.08516],[120.68484,23.08466],[120.6845,23.08441],[120.68436,23.08481],[120.68463,23.08516]]],[[[120.68002,23.08624],[120.68054,23.08588],[120.68016,23.0856],[120.67983,23.0857],[120.68002,23.08624]]],[[[120.67949,23.08611],[120.67922,23.08649],[120.67969,23.08641],[120.67949,23.08611]]],[[[120.68088,23.08642],[120.68171,23.0869],[120.6823,23.08644],[120.68122,23.08579],[120.68088,23.08642]]],[[[120.6811,23.08685],[120.68086,23.087],[120.68107,23.08701],[120.6811,23.08685]]],[[[120.67926,23.08812],[120.67966,23.08771],[120.67946,23.08751],[120.67926,23.08812]]],[[[120.68776,23.08371],[120.68732,23.08372],[120.68684,23.08476],[120.68604,23.08499],[120.6852,23.08463],[120.68478,23.08544],[120.68404,23.08568],[120.68396,23.08666],[120.6825,23.08731],[120.68246,23.08834],[120.68201,23.08833],[120.68243,23.08825],[120.68235,23.08746],[120.68264,23.08675],[120.68226,23.08664],[120.68192,23.0869],[120.68167,23.08693],[120.68127,23.08677],[120.68112,23.08683],[120.68155,23.08737],[120.68103,23.08722],[120.68095,23.08769],[120.68056,23.08725],[120.68028,23.08713],[120.67986,23.08716],[120.68029,23.08723],[120.68006,23.08803],[120.6808,23.08781],[120.6814,23.08839],[120.68085,23.08793],[120.68015,23.08815],[120.6799,23.08782],[120.67914,23.08826],[120.67877,23.08886],[120.67781,23.08958],[120.67468,23.09486],[120.67755,23.09504],[120.67804,23.0948],[120.68029,23.09445],[120.68069,23.09379],[120.68127,23.09363],[120.68317,23.09439],[120.68287,23.09376],[120.68309,23.09352],[120.68417,23.09345],[120.6838,23.09261],[120.68395,23.09248],[120.6846,23.09219],[120.68542,23.09292],[120.68583,23.09277],[120.68573,23.09216],[120.68649,23.09209],[120.68707,23.09013],[120.68783,23.09008],[120.68944,23.08887],[120.69064,23.08909],[120.69194,23.08791],[120.69334,23.08788],[120.69327,23.08659],[120.69238,23.08512],[120.68952,23.08436],[120.68803,23.08316],[120.68776,23.08371]],[[120.68419,23.09102],[120.68302,23.09291],[120.68267,23.09323],[120.6825,23.09334],[120.68214,23.09315],[120.68291,23.09287],[120.68409,23.09094],[120.6856,23.09083],[120.68419,23.09102]],[[120.68299,23.08995],[120.68294,23.08993],[120.68294,23.08993],[120.68299,23.08995]],[[120.6816,23.08858],[120.68075,23.08873],[120.68045,23.08863],[120.68011,23.08864],[120.6816,23.08858]],[[120.68182,23.08804],[120.68189,23.08845],[120.68138,23.08803],[120.68182,23.08804]],[[120.68592,23.08797],[120.68544,23.0882],[120.68324,23.08841],[120.6838,23.08713],[120.68528,23.08696],[120.68592,23.08797]],[[120.69054,23.08618],[120.69,23.08786],[120.6877,23.08945],[120.68538,23.09058],[120.68981,23.08783],[120.69054,23.08618]]],[[[120.68587,23.09229],[120.686,23.09276],[120.68568,23.09304],[120.68523,23.09297],[120.68453,23.09233],[120.68393,23.09264],[120.68425,23.09352],[120.68309,23.0937],[120.68337,23.09432],[120.6831,23.09455],[120.68139,23.09375],[120.68036,23.09456],[120.6776,23.09511],[120.67568,23.09527],[120.68252,23.0958],[120.68114,23.0962],[120.67936,23.09772],[120.67969,23.0977],[120.67956,23.09815],[120.68023,23.09805],[120.6805,23.10025],[120.68118,23.10004],[120.68133,23.10221],[120.68203,23.10162],[120.68375,23.10204],[120.68369,23.10088],[120.68426,23.09992],[120.68469,23.09974],[120.68441,23.09908],[120.68436,23.09833],[120.68451,23.09784],[120.68513,23.09767],[120.68491,23.09717],[120.68508,23.0969],[120.68567,23.09709],[120.68571,23.0968],[120.68669,23.09624],[120.68708,23.0964],[120.68718,23.09586],[120.68795,23.09533],[120.68667,23.09207],[120.68587,23.09229]],[[120.68254,23.09585],[120.68163,23.09728],[120.68196,23.09902],[120.6816,23.10015],[120.6819,23.09902],[120.68158,23.09729],[120.68254,23.09585]]],[[[120.69263,23.10052],[120.69266,23.10102],[120.69287,23.10089],[120.69263,23.10052]]],[[[120.68811,23.09555],[120.68737,23.09579],[120.68713,23.09647],[120.68579,23.09687],[120.68575,23.09718],[120.68515,23.09702],[120.68521,23.09777],[120.68447,23.09834],[120.68481,23.09977],[120.68377,23.10093],[120.68433,23.10171],[120.68379,23.10317],[120.68411,23.10443],[120.68353,23.10568],[120.68537,23.10619],[120.68451,23.10754],[120.68499,23.109],[120.68657,23.10761],[120.68665,23.10678],[120.68704,23.10623],[120.68859,23.10555],[120.68879,23.10439],[120.68918,23.10396],[120.68946,23.10391],[120.68981,23.1041],[120.69002,23.10253],[120.69038,23.10242],[120.69106,23.10289],[120.69157,23.10244],[120.69343,23.1021],[120.69166,23.09977],[120.69245,23.10031],[120.68811,23.09555]],[[120.68851,23.10177],[120.68848,23.1018],[120.68851,23.10172],[120.68851,23.10177]]],[[[120.69564,23.10632],[120.69581,23.10679],[120.69575,23.10628],[120.69564,23.10632]]],[[[120.69348,23.10218],[120.69097,23.103],[120.69016,23.10264],[120.69,23.1041],[120.68974,23.10429],[120.68939,23.104],[120.68873,23.10563],[120.68693,23.10654],[120.68652,23.10789],[120.68343,23.11211],[120.6836,23.11263],[120.68642,23.11107],[120.68672,23.11198],[120.68831,23.11219],[120.68955,23.11096],[120.69119,23.11069],[120.69332,23.10873],[120.69447,23.10862],[120.69474,23.10786],[120.69516,23.10787],[120.69555,23.10679],[120.69371,23.10253],[120.69348,23.10218]]]]}},{"type":"Feature","properties":{"zone":"森林區","town":"六龜區"},"geometry":{"type":"MultiPolygon","coordinates":[[[[120.59588,22.86594],[120.59521,22.86765],[120.59442,22.86783],[120.5943,22.86839],[120.59427,22.86972],[120.59486,22.87084],[120.59569,22.87029],[120.59807,22.87],[120.59891,22.8715],[120.59974,22.87145],[120.60189,22.87508],[120.6029,22.87591],[120.60368,22.87552],[120.60371,22.8747],[120.60099,22.87163],[120.60008,22.86956],[120.59588,22.86594]]],[[[120.60361,22.87866],[120.60475,22.8783],[120.60505,22.87668],[120.60423,22.87588],[120.60457,22.87654],[120.60361,22.87866]]],[[[120.59412,22.87422],[120.59243,22.87255],[120.59271,22.87326],[120.59223,22.87408],[120.59345,22.87533],[120.59264,22.87652],[120.59354,22.87752],[120.59393,22.8789],[120.59303,22.88076],[120.59503,22.88196],[120.59558,22.88377],[120.59683,22.88471],[120.59711,22.8857],[120.59612,22.88748],[120.59744,22.8891],[120.5964,22.89015],[120.59595,22.89241],[120.59767,22.89372],[120.59972,22.89338],[120.6015,22.89098],[120.60211,22.89101],[120.60226,22.88987],[120.60163,22.88856],[120.60324,22.88689],[120.60337,22.8862],[120.60163,22.88606],[120.60139,22.88517],[120.60147,22.8842],[120.6037,22.88007],[120.60327,22.87716],[120.60278,22.87664],[120.60152,22.87675],[120.60043,22.87794],[120.5974,22.87715],[120.5946,22.87419],[120.59412,22.87422]],[[120.60023,22.89053],[120.59998,22.89064],[120.60011,22.89046],[120.60023,22.89053]],[[120.59989,22.89198],[120.59993,22.89231],[120.59979,22.89202],[120.59989,22.89198]]],[[[120.65053,22.98405],[120.6515,22.98476],[120.65199,22.9844],[120.65152,22.98471],[120.65114,22.98442],[120.65053,22.98405]]],[[[120.65424,22.89218],[120.6498,22.8857],[120.64951,22.88],[120.6465,22.88557],[120.64782,22.88743],[120.64758,22.89544],[120.64823,22.90118],[120.64953,22.90327],[120.64969,22.90509],[120.65045,22.90659],[120.64859,22.91351],[120.65034,22.91814],[120.65093,22.92321],[120.65273,22.92612],[120.65241,22.92724],[120.65286,22.92821],[120.65228,22.93225],[120.65103,22.93459],[120.65068,22.93739],[120.65096,22.94128],[120.65058,22.94884],[120.64962,22.95611],[120.65035,22.95752],[120.65143,22.95823],[120.65112,22.96085],[120.65165,22.9627],[120.65168,22.96586],[120.65128,22.96859],[120.65197,22.97032],[120.65275,22.97603],[120.65679,22.98271],[120.66049,22.98769],[120.66184,22.99051],[120.6607,22.99599],[120.66194,23.00038],[120.66077,23.00189],[120.66199,23.00138],[120.66008,23.00275],[120.65895,23.00473],[120.65726,23.00631],[120.65813,23.00674],[120.65847,23.00611],[120.65867,23.00637],[120.65944,23.00443],[120.66192,23.00202],[120.66337,23.00196],[120.66383,23.00271],[120.66542,23.00214],[120.66577,23.00245],[120.66491,23.00361],[120.66393,23.00461],[120.66287,23.00487],[120.66213,23.00682],[120.65926,23.00664],[120.66027,23.00718],[120.65919,23.00727],[120.66228,23.00782],[120.66348,23.00716],[120.66514,23.00873],[120.66549,23.0087],[120.66446,23.00764],[120.66465,23.00733],[120.66591,23.00876],[120.66787,23.00675],[120.66813,23.00609],[120.66765,23.00542],[120.66881,23.00558],[120.66925,23.00384],[120.67361,23.00287],[120.67434,23.00337],[120.67459,23.00397],[120.67389,23.00465],[120.67305,23.00769],[120.67012,23.01109],[120.67156,23.01268],[120.6714,23.01387],[120.67255,23.01423],[120.67244,23.01482],[120.66892,23.01355],[120.66821,23.01428],[120.66917,23.01558],[120.6746,23.02145],[120.67453,23.02168],[120.67624,23.02305],[120.67851,23.02748],[120.67997,23.02894],[120.6809,23.03186],[120.68392,23.03458],[120.67889,23.03816],[120.67779,23.03971],[120.67424,23.0428],[120.67331,23.04438],[120.67113,23.04513],[120.67047,23.04586],[120.66806,23.04591],[120.6679,23.04528],[120.66789,23.04647],[120.67014,23.04751],[120.67334,23.04818],[120.67423,23.04898],[120.67463,23.05054],[120.67507,23.05019],[120.67676,23.0506],[120.67854,23.05244],[120.67964,23.05528],[120.67997,23.05808],[120.68161,23.05846],[120.68523,23.06238],[120.68637,23.06238],[120.68622,23.06316],[120.68553,23.06278],[120.68492,23.06405],[120.6866,23.06553],[120.69295,23.07797],[120.6922,23.08098],[120.69274,23.08244],[120.69354,23.08284],[120.69475,23.08479],[120.69543,23.08671],[120.6945,23.08842],[120.69451,23.08928],[120.69542,23.08899],[120.6964,23.08953],[120.69606,23.09204],[120.69535,23.09185],[120.69471,23.09237],[120.69481,23.09333],[120.69549,23.09349],[120.695,23.09576],[120.69289,23.09877],[120.69714,23.1046],[120.69821,23.10513],[120.69891,23.10433],[120.70065,23.10378],[120.70555,23.1041],[120.70686,23.10324],[120.71039,23.09815],[120.70934,23.09646],[120.70937,23.09296],[120.7073,23.08931],[120.7062,23.08848],[120.70758,23.08524],[120.70732,23.08446],[120.70823,23.08362],[120.70907,23.0801],[120.70902,23.07751],[120.70826,23.0758],[120.70866,23.07347],[120.7115,23.07187],[120.71217,23.07019],[120.71354,23.06857],[120.71529,23.06749],[120.71569,23.06571],[120.7172,23.06337],[120.72107,23.05984],[120.72153,23.05825],[120.72112,23.05715],[120.72137,23.05557],[120.71858,23.05196],[120.71598,23.05132],[120.71399,23.04572],[120.71289,23.04505],[120.7123,23.04371],[120.70909,23.04272],[120.70699,23.04112],[120.70401,23.04056],[120.70294,23.03955],[120.70255,23.03818],[120.70003,23.03598],[120.70039,23.0349],[120.69948,23.02963],[120.69996,23.02875],[120.69888,23.02798],[120.69848,23.02587],[120.69648,23.02322],[120.6936,23.02059],[120.69204,23.02021],[120.69135,23.01886],[120.69005,23.01854],[120.68794,23.01566],[120.68516,23.01361],[120.68286,23.00996],[120.67966,23.00824],[120.67713,23.0053],[120.67469,23.00399],[120.67834,23.00109],[120.67954,23.00064],[120.68635,22.99958],[120.69293,22.99733],[120.69361,22.99746],[120.69157,22.9941],[120.68986,22.99253],[120.68727,22.99147],[120.68441,22.99132],[120.6826,22.99021],[120.67839,22.9891],[120.67441,22.9866],[120.67146,22.98405],[120.66971,22.97958],[120.66454,22.97147],[120.66325,22.96835],[120.6631,22.96614],[120.66602,22.96024],[120.66588,22.95665],[120.66869,22.95334],[120.67047,22.9484],[120.67233,22.94554],[120.67229,22.94427],[120.67097,22.94178],[120.67146,22.93889],[120.67122,22.93583],[120.67171,22.9343],[120.67095,22.93186],[120.67043,22.9273],[120.67075,22.92686],[120.66932,22.92109],[120.67107,22.91864],[120.67053,22.9168],[120.66875,22.91398],[120.66684,22.91211],[120.66591,22.91039],[120.66387,22.9087],[120.66397,22.90776],[120.66297,22.90527],[120.6591,22.89948],[120.65856,22.8967],[120.65424,22.89218]],[[120.66986,23.01545],[120.66915,23.01546],[120.67013,23.01533],[120.66986,23.01545]],[[120.67036,23.01435],[120.67105,23.01509],[120.67097,23.01522],[120.66996,23.01513],[120.66952,23.01443],[120.67036,23.01435]],[[120.68472,23.01309],[120.6847,23.01308],[120.68472,23.01308],[120.68472,23.01309]]],[[[120.61053,22.89592],[120.60781,22.89699],[120.60631,22.89679],[120.60574,22.89744],[120.60506,22.89709],[120.60502,22.89753],[120.604,22.89801],[120.60367,22.89865],[120.60415,22.89848],[120.60309,22.89914],[120.59979,22.89665],[120.59767,22.89648],[120.5972,22.89603],[120.5962,22.89641],[120.59677,22.90045],[120.59972,22.90341],[120.60054,22.90573],[120.5985,22.90612],[120.59692,22.90727],[120.59812,22.90884],[120.60088,22.90924],[120.602,22.91198],[120.60206,22.91445],[120.60357,22.91641],[120.60384,22.91769],[120.60349,22.91931],[120.60189,22.92085],[120.60307,22.92015],[120.60386,22.92066],[120.60395,22.91984],[120.60595,22.91701],[120.60739,22.91742],[120.60734,22.91912],[120.60983,22.91875],[120.60912,22.92027],[120.60836,22.92072],[120.60852,22.92189],[120.60929,22.92078],[120.61244,22.91992],[120.61328,22.92017],[120.61617,22.92324],[120.61736,22.92942],[120.61676,22.93118],[120.61818,22.9326],[120.61876,22.93439],[120.61998,22.93485],[120.62169,22.93673],[120.622,22.93764],[120.62122,22.93968],[120.62259,22.94142],[120.62398,22.94196],[120.62475,22.94525],[120.62613,22.94613],[120.62558,22.94973],[120.62375,22.95135],[120.62508,22.95301],[120.62618,22.95634],[120.62658,22.95939],[120.62612,22.95974],[120.62693,22.96059],[120.62708,22.96179],[120.62645,22.96376],[120.62828,22.9712],[120.62763,22.97368],[120.62631,22.97572],[120.62388,22.97768],[120.62111,22.98581],[120.61992,22.98696],[120.61957,22.98848],[120.62017,22.99117],[120.61969,22.99467],[120.61857,22.99696],[120.61766,22.99736],[120.61922,22.99996],[120.61921,23.00167],[120.62151,23.00458],[120.62116,23.00946],[120.62013,23.01209],[120.61998,23.01404],[120.62112,23.01624],[120.62163,23.01882],[120.61961,23.02361],[120.61781,23.02427],[120.61263,23.02964],[120.61116,23.02987],[120.60845,23.03133],[120.60882,23.03189],[120.60871,23.03623],[120.61228,23.03964],[120.61444,23.04004],[120.61585,23.04216],[120.62013,23.04496],[120.62159,23.04648],[120.6221,23.04887],[120.62414,23.0504],[120.62325,23.05163],[120.6232,23.05417],[120.62257,23.05582],[120.62392,23.05598],[120.62643,23.06277],[120.62376,23.06419],[120.62361,23.06499],[120.62908,23.06814],[120.63145,23.07131],[120.63594,23.07323],[120.63798,23.07551],[120.63977,23.0786],[120.63951,23.08267],[120.63695,23.08788],[120.638,23.08888],[120.64011,23.08947],[120.64538,23.09229],[120.64836,23.09142],[120.64961,23.09196],[120.64964,23.09408],[120.65153,23.09652],[120.65042,23.09823],[120.64983,23.10074],[120.65571,23.10909],[120.6563,23.11341],[120.66005,23.11714],[120.66397,23.11861],[120.66629,23.11725],[120.66789,23.11711],[120.6702,23.11516],[120.67163,23.11291],[120.67296,23.11273],[120.67478,23.10834],[120.67478,23.10672],[120.67396,23.10653],[120.67353,23.10558],[120.67445,23.10345],[120.67442,23.1023],[120.67643,23.10005],[120.67685,23.09826],[120.67959,23.09764],[120.68114,23.0962],[120.68252,23.0958],[120.67854,23.09576],[120.67468,23.09486],[120.67862,23.08879],[120.67793,23.08858],[120.67543,23.09003],[120.67336,23.08887],[120.66828,23.08913],[120.6673,23.08814],[120.66846,23.08557],[120.66861,23.08389],[120.66804,23.08248],[120.66809,23.08104],[120.66759,23.08062],[120.66883,23.07718],[120.66856,23.07643],[120.66901,23.07491],[120.66893,23.07447],[120.66783,23.07427],[120.66792,23.07493],[120.66691,23.07642],[120.66619,23.07643],[120.66639,23.07765],[120.6658,23.07849],[120.66603,23.07986],[120.66573,23.07856],[120.66632,23.07766],[120.66611,23.07645],[120.66647,23.0761],[120.66576,23.07516],[120.66612,23.07503],[120.66589,23.07379],[120.66678,23.0732],[120.66666,23.07429],[120.66776,23.07263],[120.66711,23.07247],[120.66955,23.07131],[120.66668,23.07092],[120.66637,23.07024],[120.6638,23.07106],[120.66284,23.07018],[120.66162,23.07104],[120.65944,23.07162],[120.6565,23.07025],[120.65534,23.07094],[120.65466,23.07059],[120.65416,23.07094],[120.65297,23.07084],[120.65142,23.07024],[120.65034,23.07149],[120.64922,23.06957],[120.64714,23.06932],[120.64633,23.06968],[120.64673,23.0707],[120.64651,23.07139],[120.64342,23.07268],[120.64309,23.07218],[120.64381,23.07031],[120.6418,23.07037],[120.64071,23.07143],[120.63997,23.0715],[120.63891,23.07087],[120.63891,23.07032],[120.63818,23.07032],[120.63754,23.06993],[120.63593,23.07008],[120.63545,23.07065],[120.63413,23.0701],[120.63399,23.07046],[120.63327,23.07007],[120.63224,23.07037],[120.63142,23.06906],[120.63047,23.06909],[120.63155,23.06892],[120.63253,23.07021],[120.63329,23.06988],[120.63391,23.07021],[120.63413,23.06991],[120.63548,23.07046],[120.63585,23.06991],[120.63756,23.06974],[120.639,23.07015],[120.63909,23.07078],[120.63998,23.07132],[120.64064,23.07125],[120.64174,23.0702],[120.64389,23.07014],[120.64329,23.07221],[120.64359,23.0725],[120.64639,23.07124],[120.64613,23.06965],[120.64712,23.06914],[120.64932,23.0694],[120.65034,23.07128],[120.6514,23.07004],[120.65415,23.07076],[120.65466,23.0704],[120.65533,23.07074],[120.65578,23.07011],[120.65666,23.0701],[120.65949,23.07144],[120.66281,23.07],[120.6638,23.07088],[120.66552,23.07044],[120.66544,23.06825],[120.66456,23.06747],[120.66559,23.06676],[120.66437,23.06638],[120.66425,23.06494],[120.66367,23.06441],[120.66052,23.06306],[120.66264,23.06191],[120.66299,23.06081],[120.66447,23.05997],[120.66449,23.05798],[120.66521,23.05631],[120.66609,23.05609],[120.66672,23.05486],[120.66727,23.05497],[120.66695,23.05421],[120.6649,23.05479],[120.66347,23.05429],[120.66209,23.05267],[120.66519,23.05036],[120.66602,23.04899],[120.66794,23.04826],[120.66147,23.04557],[120.65885,23.04356],[120.6581,23.04245],[120.65704,23.03946],[120.65656,23.03472],[120.65595,23.03455],[120.65603,23.03315],[120.65757,23.03154],[120.65703,23.03116],[120.65621,23.03165],[120.65587,23.03124],[120.65677,23.02838],[120.65558,23.02794],[120.65419,23.02911],[120.65316,23.02936],[120.65293,23.02811],[120.65236,23.028],[120.65392,23.02745],[120.65519,23.02515],[120.65474,23.02366],[120.65374,23.02394],[120.65469,23.02294],[120.65443,23.02214],[120.65375,23.02208],[120.65365,23.02132],[120.65284,23.0212],[120.65194,23.0202],[120.65143,23.02031],[120.65108,23.01947],[120.64936,23.01884],[120.64822,23.01753],[120.64785,23.0178],[120.64823,23.01942],[120.65172,23.02148],[120.64775,23.02509],[120.6401,23.02872],[120.63488,23.0297],[120.63095,23.03282],[120.62714,23.03231],[120.62244,23.03308],[120.61871,23.03535],[120.61489,23.03365],[120.61561,23.03171],[120.62047,23.02832],[120.62343,23.02724],[120.6249,23.02343],[120.63206,23.01564],[120.63235,23.01632],[120.63308,23.01652],[120.63214,23.01549],[120.63332,23.01315],[120.63199,23.01267],[120.63102,23.01108],[120.6314,23.00921],[120.63207,23.00852],[120.63118,23.00667],[120.63107,23.00524],[120.632,23.00501],[120.6317,23.00412],[120.6311,23.00419],[120.63086,23.0048],[120.63095,23.00609],[120.63061,23.00734],[120.6302,23.00802],[120.63043,23.00878],[120.63041,23.00937],[120.63026,23.00967],[120.63007,23.00982],[120.62852,23.00989],[120.62768,23.00975],[120.62704,23.01002],[120.62657,23.00999],[120.62473,23.01331],[120.62366,23.01403],[120.6223,23.01428],[120.62217,23.01442],[120.62191,23.0149],[120.62172,23.01515],[120.62225,23.01425],[120.62463,23.01329],[120.62561,23.01093],[120.62465,23.01124],[120.62376,23.01188],[120.62316,23.01202],[120.62292,23.01237],[120.62255,23.01224],[120.62317,23.01196],[120.62372,23.01185],[120.62464,23.01117],[120.62574,23.01077],[120.62653,23.00988],[120.62759,23.00968],[120.63007,23.00974],[120.63032,23.00936],[120.63011,23.008],[120.63105,23.00386],[120.63066,23.00195],[120.63009,23.0027],[120.6289,23.00291],[120.62895,23.0039],[120.62873,23.00287],[120.62692,23.00263],[120.63004,23.00261],[120.63069,23.00182],[120.62961,23.00231],[120.629,23.00043],[120.62825,23.00116],[120.6263,22.99988],[120.62768,22.99878],[120.62825,22.99579],[120.62959,22.99562],[120.63067,22.99374],[120.62971,22.99381],[120.62893,22.99222],[120.62706,22.99186],[120.62785,22.99041],[120.62903,22.99056],[120.63016,22.9916],[120.63016,22.99007],[120.62927,22.98863],[120.63013,22.98905],[120.62994,22.9879],[120.63045,22.98786],[120.63009,22.98692],[120.63086,22.9867],[120.63107,22.98567],[120.6317,22.98587],[120.63177,22.98508],[120.63245,22.9848],[120.63182,22.98335],[120.63207,22.98297],[120.63313,22.98342],[120.63491,22.98297],[120.63479,22.98172],[120.63523,22.98075],[120.63571,22.98085],[120.6356,22.97976],[120.63602,22.97974],[120.63573,22.97943],[120.63612,22.97824],[120.63549,22.9785],[120.63534,22.97811],[120.63687,22.9776],[120.63582,22.97779],[120.63533,22.97653],[120.63688,22.97639],[120.63658,22.97508],[120.63731,22.97565],[120.63761,22.97523],[120.63919,22.97526],[120.64011,22.97423],[120.64033,22.97327],[120.64002,22.97345],[120.63968,22.97068],[120.64049,22.97026],[120.64005,22.97009],[120.64001,22.97043],[120.63917,22.96894],[120.6413,22.96892],[120.64019,22.96884],[120.63876,22.96791],[120.63977,22.96792],[120.64006,22.96646],[120.63954,22.96628],[120.64047,22.9657],[120.63938,22.96564],[120.63976,22.96505],[120.63953,22.9641],[120.63914,22.96414],[120.63889,22.9619],[120.63946,22.96187],[120.64064,22.95959],[120.64098,22.96029],[120.64222,22.95938],[120.64221,22.95882],[120.64157,22.959],[120.64163,22.95776],[120.64304,22.95768],[120.64242,22.95501],[120.64126,22.95402],[120.64144,22.95314],[120.64185,22.95359],[120.64171,22.95093],[120.64057,22.94895],[120.6416,22.94793],[120.64311,22.93994],[120.64451,22.93573],[120.64428,22.93355],[120.64323,22.93369],[120.64315,22.9323],[120.64186,22.93214],[120.64311,22.93111],[120.64262,22.92956],[120.64185,22.9296],[120.64118,22.92898],[120.6411,22.92809],[120.64158,22.92788],[120.63953,22.92819],[120.6396,22.92744],[120.64041,22.92717],[120.63968,22.92714],[120.63943,22.92647],[120.63889,22.92637],[120.63921,22.92592],[120.63886,22.92597],[120.63763,22.92377],[120.63725,22.9234],[120.63543,22.9236],[120.63472,22.92246],[120.63396,22.92098],[120.63341,22.91629],[120.6304,22.91039],[120.63115,22.91024],[120.63014,22.90845],[120.62879,22.90848],[120.62714,22.90622],[120.62336,22.90732],[120.62282,22.90907],[120.62538,22.90972],[120.62322,22.91026],[120.62331,22.9127],[120.62378,22.91367],[120.62353,22.91493],[120.62406,22.91586],[120.62308,22.91784],[120.62338,22.91936],[120.62293,22.92047],[120.6229,22.91893],[120.6224,22.9196],[120.6208,22.91822],[120.6212,22.91766],[120.61972,22.91522],[120.62023,22.91463],[120.61845,22.91215],[120.61908,22.91197],[120.61844,22.90972],[120.62064,22.9085],[120.62047,22.90699],[120.6199,22.90707],[120.62017,22.90665],[120.61969,22.90642],[120.61979,22.90687],[120.61921,22.9067],[120.61849,22.90475],[120.61684,22.90354],[120.6147,22.90356],[120.61387,22.9047],[120.61444,22.90464],[120.61438,22.90509],[120.61306,22.90519],[120.61147,22.9061],[120.61111,22.9081],[120.61102,22.90627],[120.61367,22.90469],[120.61323,22.90454],[120.6131,22.90262],[120.61188,22.90279],[120.61158,22.90247],[120.6148,22.90077],[120.6147,22.89947],[120.61526,22.89892],[120.61438,22.89836],[120.61291,22.89851],[120.61315,22.8981],[120.61228,22.89752],[120.61205,22.89598],[120.61053,22.89592]],[[120.5994,22.89721],[120.59945,22.89769],[120.59928,22.8972],[120.5994,22.89721]],[[120.60184,22.89826],[120.60164,22.89849],[120.60161,22.89825],[120.60184,22.89826]],[[120.60006,22.89851],[120.60063,22.8991],[120.60061,22.89919],[120.59997,22.89891],[120.60006,22.89851]],[[120.6246,22.91037],[120.62626,22.91116],[120.62773,22.9123],[120.62527,22.91147],[120.6246,22.91037]],[[120.6353,22.97708],[120.63475,22.9771],[120.63459,22.97683],[120.63499,22.97669],[120.6353,22.97708]],[[120.63433,22.97684],[120.63475,22.97726],[120.6345,22.97774],[120.63433,22.97684]],[[120.63481,22.97872],[120.63449,22.97883],[120.63456,22.97866],[120.63481,22.97872]],[[120.62855,22.99379],[120.62895,22.9942],[120.6289,22.99437],[120.62848,22.99434],[120.62855,22.99379]],[[120.6267,23.00371],[120.62697,23.00381],[120.6276,23.00428],[120.62699,23.00405],[120.6267,23.00371]],[[120.62954,23.00357],[120.62967,23.004],[120.62905,23.00392],[120.62954,23.00357]],[[120.62869,23.00364],[120.62845,23.0039],[120.62833,23.00378],[120.62869,23.00364]],[[120.62214,23.00906],[120.62207,23.00943],[120.62177,23.00913],[120.62214,23.00906]],[[120.6241,23.01191],[120.62407,23.01172],[120.6242,23.01181],[120.6241,23.01191]],[[120.62972,23.01289],[120.62967,23.01305],[120.62961,23.01302],[120.62972,23.01289]],[[120.6245,23.01307],[120.62425,23.01307],[120.62436,23.01293],[120.6245,23.01307]],[[120.63132,23.01413],[120.63177,23.01442],[120.63133,23.01475],[120.63132,23.01413]],[[120.6311,23.01437],[120.6312,23.01473],[120.63112,23.01473],[120.6311,23.01437]],[[120.62178,23.01443],[120.62184,23.01463],[120.62173,23.01461],[120.62178,23.01443]],[[120.63164,23.0149],[120.6315,23.01479],[120.63155,23.01476],[120.63164,23.0149]],[[120.63201,23.01497],[120.63169,23.01515],[120.63186,23.01485],[120.63201,23.01497]],[[120.63186,23.01524],[120.63187,23.0155],[120.63176,23.01528],[120.63186,23.01524]],[[120.62581,23.01563],[120.62579,23.01578],[120.62572,23.01562],[120.62581,23.01563]],[[120.62362,23.01572],[120.62343,23.01587],[120.62354,23.01569],[120.62362,23.01572]],[[120.62383,23.01579],[120.62404,23.01617],[120.62374,23.01592],[120.62383,23.01579]],[[120.66017,23.0681],[120.66075,23.06868],[120.6599,23.06809],[120.66017,23.0681]],[[120.65798,23.06841],[120.65949,23.06868],[120.65988,23.06955],[120.66123,23.06922],[120.65944,23.07059],[120.65651,23.06874],[120.65798,23.06841]],[[120.6618,23.06939],[120.66162,23.06958],[120.66136,23.06957],[120.6618,23.06939]],[[120.66154,23.06998],[120.66122,23.07032],[120.66108,23.07008],[120.66154,23.06998]],[[120.66592,23.07741],[120.66606,23.07768],[120.66583,23.0779],[120.66592,23.07741]],[[120.66581,23.07795],[120.66585,23.07804],[120.66574,23.07801],[120.66581,23.07795]]],[[[120.66374,23.01376],[120.66396,23.01012],[120.66322,23.0096],[120.66246,23.01],[120.663,23.01046],[120.66308,23.01151],[120.66184,23.01444],[120.66374,23.01376]]],[[[120.64901,23.01696],[120.64932,23.01671],[120.64898,23.01696],[120.64901,23.01696]]],[[[120.69332,23.10873],[120.69119,23.11069],[120.68955,23.11096],[120.68609,23.11515],[120.68557,23.11523],[120.68565,23.11606],[120.68412,23.118],[120.68387,23.11941],[120.68194,23.12095],[120.68,23.12546],[120.68027,23.12651],[120.6786,23.12737],[120.6771,23.1289],[120.6759,23.13098],[120.6764,23.1326],[120.67777,23.13113],[120.68111,23.13068],[120.68486,23.12882],[120.68653,23.12863],[120.68808,23.12949],[120.69144,23.1298],[120.69251,23.12894],[120.69656,23.12802],[120.69761,23.12662],[120.70117,23.12453],[120.70211,23.12221],[120.70474,23.11862],[120.70348,23.1184],[120.70357,23.11776],[120.70255,23.11676],[120.70145,23.11698],[120.70227,23.11407],[120.70111,23.11339],[120.69842,23.11287],[120.69664,23.1116],[120.69612,23.11051],[120.69637,23.11003],[120.69717,23.11005],[120.69713,23.10952],[120.69559,23.10709],[120.69511,23.10724],[120.69524,23.10774],[120.69447,23.10862],[120.69332,23.10873]]]]}},{"type":"Feature","properties":{"zone":"河川區","town":"六龜區"},"geometry":{"type":"MultiPolygon","coordinates":[[[[120.60375,22.87577],[120.60325,22.87594],[120.60388,22.87574],[120.60375,22.87577]]],[[[120.61865,22.8812],[120.61562,22.88035],[120.61552,22.88047],[120.61865,22.8812]]],[[[120.64037,22.9145],[120.64219,22.91604],[120.64364,22.91572],[120.64315,22.91398],[120.64037,22.9145]]],[[[120.64167,22.98108],[120.6421,22.98122],[120.64325,22.97979],[120.64335,22.97923],[120.64332,22.97906],[120.64315,22.97978],[120.64167,22.98108]]],[[[120.64173,22.98119],[120.64148,22.98103],[120.64153,22.98129],[120.64173,22.98119]]],[[[120.64055,22.98365],[120.64091,22.98324],[120.64075,22.98291],[120.64072,22.98292],[120.64055,22.98365]]],[[[120.63982,22.98466],[120.63961,22.98546],[120.6389,22.98602],[120.63979,22.98534],[120.63982,22.98466]]],[[[120.63999,22.98597],[120.63934,22.98829],[120.64038,22.9883],[120.64069,22.9887],[120.64111,22.9871],[120.64059,22.98705],[120.64071,22.9858],[120.63999,22.98597]]],[[[120.63973,22.98979],[120.64001,22.98857],[120.63983,22.98835],[120.63973,22.98979]]],[[[120.64005,22.99174],[120.63966,22.99178],[120.63934,22.99322],[120.64005,22.99174]]],[[[120.64083,22.99554],[120.64108,22.99607],[120.64149,22.99527],[120.64137,22.99511],[120.64083,22.99554]]],[[[120.63731,22.99621],[120.637,22.99608],[120.63703,22.99623],[120.63731,22.99621]]],[[[120.64094,22.99642],[120.64082,22.99623],[120.64076,22.99635],[120.64094,22.99642]]],[[[120.63707,22.9969],[120.63672,22.99667],[120.63671,22.99699],[120.63707,22.9969]]],[[[120.6408,22.99702],[120.64081,22.9965],[120.64069,22.99716],[120.6408,22.99702]]],[[[120.63664,22.99689],[120.63565,22.99774],[120.63621,22.99812],[120.63664,22.99689]]],[[[120.63591,22.99806],[120.63583,22.99809],[120.63586,22.99811],[120.63591,22.99806]]],[[[120.63596,22.99835],[120.63575,22.99871],[120.63605,22.99864],[120.63596,22.99835]]],[[[120.63623,22.99881],[120.63617,22.99885],[120.63623,22.99885],[120.63623,22.99881]]],[[[120.63581,22.9989],[120.63612,22.9991],[120.63608,22.99888],[120.63581,22.9989]]],[[[120.63633,23.00029],[120.63625,22.99978],[120.63615,23.00005],[120.63633,23.00029]]],[[[120.63967,23.00208],[120.64255,23.00522],[120.64413,23.00627],[120.64462,23.00604],[120.64393,23.00608],[120.64192,23.00382],[120.64167,23.00281],[120.63991,23.00155],[120.63978,22.99974],[120.63967,23.00208]],[[120.63988,23.00201],[120.64002,23.00164],[120.64011,23.00195],[120.63988,23.00201]]],[[[120.63696,23.00637],[120.6363,23.00529],[120.63656,23.00362],[120.63629,23.00091],[120.63566,23.00023],[120.63638,23.00368],[120.63622,23.00398],[120.63596,23.00366],[120.63588,23.00457],[120.63623,23.00472],[120.63598,23.00552],[120.6364,23.00591],[120.6361,23.00662],[120.63644,23.00722],[120.63696,23.00637]],[[120.63647,23.00667],[120.6362,23.00661],[120.63639,23.00648],[120.63647,23.00667]]],[[[120.63931,23.00834],[120.63888,23.00795],[120.63858,23.00802],[120.63897,23.00853],[120.63931,23.00834]]],[[[120.63956,23.00873],[120.63965,23.00876],[120.63958,23.00871],[120.63956,23.00873]]],[[[120.64548,22.89544],[120.64572,22.89548],[120.64574,22.89548],[120.64548,22.89544]]],[[[120.64583,22.8958],[120.64595,22.89711],[120.64597,22.89711],[120.64583,22.8958]]],[[[120.64581,22.8986],[120.64614,22.89853],[120.64616,22.89849],[120.64581,22.8986]]],[[[120.64517,22.90012],[120.64523,22.90014],[120.64539,22.89992],[120.64517,22.90012]]],[[[120.64372,22.91757],[120.64634,22.92426],[120.64699,22.92884],[120.64758,22.92882],[120.64638,22.92236],[120.64426,22.91741],[120.64372,22.91757]]],[[[120.64625,22.93304],[120.64541,22.93413],[120.64465,22.93389],[120.64491,22.93576],[120.64565,22.93582],[120.64555,22.93416],[120.64625,22.93304]]],[[[120.64475,22.93569],[120.64484,22.93586],[120.64476,22.93562],[120.64475,22.93569]]],[[[120.64432,22.93743],[120.64341,22.94157],[120.64453,22.93665],[120.64432,22.93743]]],[[[120.64305,22.94325],[120.643,22.94456],[120.64312,22.94325],[120.64305,22.94325]]],[[[120.64237,22.9497],[120.64278,22.94819],[120.6423,22.9497],[120.64237,22.9497]]],[[[120.64234,22.95181],[120.6428,22.95226],[120.64293,22.95295],[120.64267,22.9514],[120.6423,22.95147],[120.64232,22.9518],[120.64243,22.95224],[120.64234,22.95181]]],[[[120.64296,22.95591],[120.64278,22.95455],[120.64263,22.95461],[120.64296,22.95591]]],[[[120.64306,22.95653],[120.64305,22.95696],[120.64319,22.95694],[120.64306,22.95653]]],[[[120.64326,22.95808],[120.64332,22.95788],[120.64324,22.95789],[120.64326,22.95808]]],[[[120.6431,22.95977],[120.64353,22.95947],[120.64321,22.95874],[120.6431,22.95977]]],[[[120.64368,22.96207],[120.64408,22.96238],[120.64371,22.96201],[120.64368,22.96207]]],[[[120.6439,22.96288],[120.64416,22.96315],[120.64399,22.96263],[120.6439,22.96288]]],[[[120.64408,22.96328],[120.64457,22.96421],[120.64435,22.96314],[120.64408,22.96328]]],[[[120.64546,22.96722],[120.64512,22.96648],[120.64497,22.96638],[120.64481,22.9664],[120.64546,22.96722]]],[[[120.64578,22.96901],[120.64557,22.9677],[120.64556,22.96907],[120.64578,22.96901]]],[[[120.64522,22.97262],[120.64489,22.97296],[120.6456,22.97251],[120.64522,22.97262]]],[[[120.64411,22.97391],[120.6439,22.9745],[120.64399,22.97452],[120.64411,22.97391]]],[[[120.6439,22.97657],[120.64398,22.977],[120.64402,22.977],[120.6439,22.97657]]],[[[120.64289,22.98576],[120.64259,22.98686],[120.64282,22.98864],[120.64302,22.98583],[120.64289,22.98576]]],[[[120.64212,22.99209],[120.64262,22.99019],[120.64313,22.98879],[120.6429,22.98887],[120.64212,22.99209]]],[[[120.64868,22.87975],[120.64858,22.88002],[120.64849,22.88007],[120.64865,22.88006],[120.64868,22.87975]]],[[[120.64534,22.8866],[120.64626,22.88563],[120.64546,22.88638],[120.64527,22.88671],[120.64522,22.89035],[120.64552,22.88802],[120.64675,22.88843],[120.64738,22.8894],[120.64677,22.88841],[120.64547,22.88787],[120.64534,22.8866]]],[[[120.64624,22.90288],[120.64713,22.90357],[120.64627,22.90285],[120.64624,22.90288]]],[[[120.64824,22.90704],[120.64803,22.90702],[120.64843,22.90707],[120.64824,22.90704]]],[[[120.64809,22.90906],[120.64801,22.90886],[120.64805,22.90938],[120.64809,22.90906]]],[[[120.64812,22.91035],[120.648,22.91018],[120.64792,22.91009],[120.64805,22.91033],[120.64812,22.91035]]],[[[120.64835,22.91082],[120.64827,22.91108],[120.64838,22.91083],[120.64835,22.91082]]],[[[120.65079,22.92324],[120.65269,22.92614],[120.65178,22.92416],[120.65093,22.92321],[120.65099,22.92178],[120.65023,22.91798],[120.64847,22.91353],[120.65008,22.91801],[120.65079,22.92324]]],[[[120.64974,22.94192],[120.65002,22.94197],[120.65004,22.94196],[120.64974,22.94192]]],[[[120.64837,22.94367],[120.64838,22.94375],[120.6486,22.94331],[120.64837,22.94367]]],[[[120.64797,22.94782],[120.64685,22.94854],[120.6458,22.94785],[120.64504,22.94921],[120.6473,22.94925],[120.64621,22.95072],[120.64696,22.95166],[120.64678,22.95028],[120.64711,22.95007],[120.64739,22.95068],[120.64711,22.94987],[120.64755,22.95],[120.64823,22.94692],[120.64797,22.94782]]],[[[120.64765,22.95401],[120.64746,22.9537],[120.64739,22.95347],[120.64742,22.9537],[120.64765,22.95401]]],[[[120.64817,22.95532],[120.64798,22.95452],[120.64795,22.95453],[120.64817,22.95532]]],[[[120.65,22.95823],[120.65076,22.95922],[120.6511,22.95827],[120.64909,22.95745],[120.64904,22.95838],[120.65,22.95823]]],[[[120.65053,22.96772],[120.64961,22.96968],[120.6499,22.97151],[120.65033,22.97153],[120.65091,22.97059],[120.65037,22.96939],[120.65128,22.96778],[120.65076,22.96777],[120.65032,22.96287],[120.65053,22.96772]]],[[[120.65015,22.97551],[120.65,22.97587],[120.65018,22.97567],[120.65015,22.97551]]],[[[120.64956,22.97631],[120.64918,22.97647],[120.64921,22.97654],[120.64956,22.97631]]],[[[120.65726,23.00631],[120.65778,23.0067],[120.65785,23.00659],[120.65726,23.00631]]],[[[120.64905,23.00653],[120.64937,23.00671],[120.6508,23.00695],[120.64905,23.00653]]],[[[120.65392,23.00663],[120.65198,23.0069],[120.65089,23.00694],[120.65158,23.00697],[120.6537,23.00668],[120.65377,23.00681],[120.65392,23.00663]]],[[[120.65613,23.00663],[120.65491,23.00674],[120.65516,23.00653],[120.65366,23.00716],[120.65613,23.00663]]],[[[120.66182,23.00792],[120.66086,23.00804],[120.65997,23.00765],[120.66113,23.00827],[120.66167,23.00829],[120.66182,23.00792]]],[[[120.6598,23.02965],[120.65969,23.02952],[120.65959,23.02973],[120.6598,23.02965]]],[[[120.65845,23.0317],[120.65812,23.03147],[120.65806,23.0317],[120.65845,23.0317]]],[[[120.65919,23.03276],[120.65944,23.03299],[120.66018,23.03191],[120.66056,23.0321],[120.66118,23.03041],[120.65919,23.03276]]],[[[120.66337,23.00811],[120.66307,23.00864],[120.66455,23.00804],[120.66337,23.00811]]],[[[120.66207,23.02846],[120.66289,23.02746],[120.66303,23.0266],[120.66207,23.02846]]],[[[120.66201,23.04296],[120.66456,23.04507],[120.66518,23.0452],[120.66201,23.04296]]],[[[120.66896,23.04867],[120.66902,23.04895],[120.66912,23.04903],[120.66896,23.04867]]],[[[120.66731,23.05498],[120.66769,23.05759],[120.67111,23.06143],[120.67153,23.06076],[120.6701,23.05902],[120.67043,23.05885],[120.66975,23.05763],[120.66811,23.05567],[120.668,23.05471],[120.66734,23.05493],[120.66794,23.05374],[120.66716,23.0542],[120.66719,23.05451],[120.6673,23.05457],[120.66731,23.05498]],[[120.66725,23.05445],[120.66737,23.05425],[120.66742,23.0543],[120.66725,23.05445]]],[[[120.67754,23.06146],[120.67736,23.06135],[120.67736,23.06146],[120.67754,23.06146]]],[[[120.6811,23.06433],[120.67841,23.06244],[120.67979,23.06405],[120.6813,23.06518],[120.6811,23.06433]]],[[[120.68913,23.07424],[120.68828,23.07385],[120.68855,23.07588],[120.68979,23.07561],[120.68913,23.07424]]],[[[120.68428,23.07575],[120.68524,23.07684],[120.68532,23.07704],[120.68529,23.07684],[120.68501,23.07643],[120.68462,23.07604],[120.68448,23.07564],[120.68428,23.07575]]],[[[120.68509,23.0772],[120.68585,23.07882],[120.68656,23.07926],[120.68715,23.07879],[120.68509,23.0772]]],[[[120.68713,23.07335],[120.68638,23.07547],[120.68836,23.07953],[120.69099,23.0821],[120.69097,23.08168],[120.69119,23.08244],[120.69318,23.0834],[120.6933,23.08332],[120.69169,23.08106],[120.69132,23.08092],[120.69289,23.08312],[120.69163,23.08149],[120.6922,23.08271],[120.69214,23.08287],[120.69077,23.08044],[120.69089,23.08124],[120.69027,23.08064],[120.6896,23.07895],[120.69019,23.07822],[120.69043,23.07883],[120.6903,23.07765],[120.68986,23.07782],[120.68874,23.07672],[120.6889,23.07742],[120.68688,23.07612],[120.68773,23.07358],[120.68713,23.07335]],[[120.6912,23.08204],[120.69112,23.08157],[120.69138,23.08191],[120.6912,23.08204]]],[[[120.69024,23.07862],[120.69017,23.07965],[120.69016,23.07988],[120.69042,23.0791],[120.69024,23.07862]]],[[[120.68664,23.08014],[120.68686,23.08021],[120.68642,23.07991],[120.68664,23.08014]]],[[[120.68725,23.09423],[120.6872,23.09423],[120.68722,23.09427],[120.68725,23.09423]]],[[[120.68795,23.09533],[120.68735,23.09425],[120.68722,23.09429],[120.68795,23.09533]]],[[[120.68804,23.09546],[120.68934,23.09686],[120.68912,23.09614],[120.68804,23.09546]]],[[[120.69328,23.10184],[120.6925,23.10058],[120.69166,23.09977],[120.69328,23.10184]]],[[[120.6933,23.10186],[120.694,23.10321],[120.69411,23.10373],[120.6943,23.10432],[120.69455,23.10489],[120.69393,23.10295],[120.69374,23.10253],[120.6933,23.10186]]],[[[120.71405,23.10509],[120.71528,23.10684],[120.71558,23.10688],[120.71437,23.105],[120.71287,23.10441],[120.71405,23.10509]]],[[[120.69782,23.10625],[120.69809,23.10565],[120.69843,23.10518],[120.69795,23.10584],[120.6968,23.10593],[120.69715,23.1065],[120.69782,23.10625]]],[[[120.69793,23.10735],[120.69846,23.107],[120.69872,23.10647],[120.69793,23.10735]]],[[[120.69646,23.10875],[120.6971,23.10869],[120.69561,23.10707],[120.69599,23.10806],[120.69646,23.10875]]],[[[120.70785,23.10801],[120.70512,23.10951],[120.70531,23.10991],[120.70861,23.108],[120.70782,23.10765],[120.70785,23.10801]]],[[[120.70241,23.11142],[120.70288,23.11147],[120.70329,23.11134],[120.70289,23.1114],[120.70241,23.11142]]]]}},{"type":"Feature","properties":{"zone":"特定專用區","town":"六龜區"},"geometry":{"type":"MultiPolygon","coordinates":[[[[120.61497,22.88796],[120.61493,22.88962],[120.61695,22.89203],[120.61749,22.8917],[120.61682,22.89099],[120.61726,22.89017],[120.61804,22.8906],[120.61792,22.88993],[120.61868,22.89018],[120.61891,22.88984],[120.61751,22.88818],[120.61588,22.88773],[120.61497,22.88796]]],[[[120.6378,23.00864],[120.63779,23.0091],[120.63653,23.00919],[120.63675,23.00951],[120.63594,23.00932],[120.63688,23.01041],[120.63965,23.01049],[120.64,23.00999],[120.6378,23.00864]]],[[[120.66977,23.01003],[120.67004,23.00914],[120.66914,23.009],[120.66944,23.00916],[120.66868,23.01013],[120.6693,23.01017],[120.66813,23.01026],[120.66744,23.01128],[120.66826,23.01152],[120.66737,23.01191],[120.66558,23.01142],[120.66709,23.01214],[120.66945,23.01167],[120.67021,23.01129],[120.67044,23.01046],[120.66977,23.01003]]],[[[120.68518,23.08699],[120.68362,23.08723],[120.68324,23.08841],[120.68592,23.08797],[120.68518,23.08699]]]]}},{"type":"Feature","properties":{"zone":"特定農業區","town":"六龜區"},"geometry":{"type":"MultiPolygon","coordinates":[[[[120.63092,22.90412],[120.6305,22.90429],[120.63078,22.90451],[120.63092,22.90412]]],[[[120.60541,22.87763],[120.60417,22.879],[120.60588,22.87949],[120.60546,22.8807],[120.60806,22.88101],[120.60902,22.88058],[120.60913,22.87989],[120.61142,22.88087],[120.61218,22.88067],[120.61399,22.88209],[120.61892,22.88295],[120.6189,22.88351],[120.6201,22.88387],[120.62034,22.8848],[120.62011,22.88384],[120.61901,22.8828],[120.6204,22.88404],[120.62033,22.88579],[120.62105,22.88683],[120.6225,22.88748],[120.6243,22.88926],[120.62572,22.89558],[120.62497,22.89462],[120.62564,22.89546],[120.62475,22.89176],[120.62435,22.89406],[120.6247,22.89447],[120.62412,22.89515],[120.62539,22.89598],[120.62468,22.89622],[120.62533,22.8985],[120.62476,22.89901],[120.62486,22.89962],[120.62658,22.90213],[120.62858,22.90317],[120.62842,22.90349],[120.62845,22.90351],[120.62866,22.9036],[120.62878,22.90354],[120.62921,22.90384],[120.62924,22.90379],[120.62882,22.90348],[120.62845,22.90348],[120.62894,22.90302],[120.62845,22.90267],[120.62869,22.90244],[120.62965,22.90337],[120.62814,22.90189],[120.6286,22.9015],[120.62928,22.90228],[120.6295,22.90205],[120.62962,22.90163],[120.63021,22.90231],[120.63045,22.90209],[120.63029,22.90278],[120.63107,22.90343],[120.63047,22.90365],[120.63112,22.90372],[120.63085,22.90395],[120.62967,22.90346],[120.63102,22.90408],[120.63149,22.90457],[120.63084,22.90454],[120.63087,22.90507],[120.63049,22.90435],[120.62932,22.90468],[120.62816,22.90635],[120.62847,22.90674],[120.62961,22.90573],[120.63099,22.90833],[120.6327,22.90993],[120.6333,22.91235],[120.63434,22.9134],[120.63421,22.91404],[120.63737,22.91737],[120.63731,22.91884],[120.63768,22.91835],[120.63921,22.91857],[120.63859,22.92036],[120.63894,22.92264],[120.64091,22.92687],[120.64228,22.92849],[120.64342,22.93151],[120.64391,22.93122],[120.6441,22.93161],[120.6442,22.93416],[120.64475,22.93569],[120.64396,22.93069],[120.64442,22.93097],[120.64675,22.92751],[120.64671,22.92673],[120.64634,22.92595],[120.64628,22.92566],[120.64623,22.92567],[120.64614,22.92548],[120.64616,22.92507],[120.64679,22.92646],[120.64664,22.92557],[120.64547,22.92154],[120.64375,22.91766],[120.63968,22.91369],[120.63818,22.91113],[120.6382,22.90947],[120.63694,22.90981],[120.6382,22.90885],[120.63829,22.90739],[120.63785,22.90649],[120.6357,22.90474],[120.6347,22.90291],[120.63291,22.90112],[120.62988,22.89893],[120.62863,22.89738],[120.62688,22.89287],[120.62594,22.89182],[120.62619,22.88998],[120.62503,22.88813],[120.62577,22.8854],[120.62513,22.88465],[120.62454,22.88467],[120.62393,22.88302],[120.62115,22.88194],[120.61935,22.88044],[120.61879,22.88035],[120.61902,22.88252],[120.61871,22.88069],[120.61837,22.88087],[120.61864,22.88121],[120.61821,22.88086],[120.61278,22.8798],[120.60997,22.87821],[120.60774,22.8785],[120.60541,22.87763]],[[120.63976,22.9194],[120.64041,22.92056],[120.63995,22.9207],[120.6403,22.9208],[120.63991,22.92109],[120.64035,22.92112],[120.64029,22.92193],[120.63988,22.9214],[120.63928,22.92154],[120.63932,22.92001],[120.63976,22.9194]],[[120.62962,22.90156],[120.6293,22.90222],[120.62879,22.90169],[120.62932,22.90147],[120.62927,22.90187],[120.62962,22.90156]],[[120.62904,22.90106],[120.6297,22.90138],[120.62913,22.90145],[120.62878,22.90167],[120.62846,22.90054],[120.62887,22.90036],[120.62904,22.90106]],[[120.62793,22.89972],[120.62816,22.90029],[120.62819,22.90102],[120.62751,22.90015],[120.62793,22.89972]],[[120.62122,22.88606],[120.62106,22.88588],[120.62136,22.88616],[120.62122,22.88606]],[[120.62041,22.88533],[120.62065,22.88507],[120.62053,22.88534],[120.62041,22.88533]],[[120.6141,22.88061],[120.61511,22.88145],[120.61419,22.88191],[120.61342,22.88132],[120.6141,22.88061]],[[120.6133,22.88008],[120.61428,22.8801],[120.61439,22.88057],[120.6133,22.88008]],[[120.61197,22.87978],[120.61404,22.88058],[120.61395,22.88073],[120.61282,22.88082],[120.61197,22.87978]]],[[[120.63854,22.9231],[120.6388,22.92276],[120.63848,22.92297],[120.63854,22.9231]]],[[[120.64231,22.96464],[120.64236,22.96462],[120.64223,22.96455],[120.64231,22.96464]]],[[[120.6423,22.95149],[120.6419,22.95154],[120.64312,22.95812],[120.64275,22.96339],[120.64016,22.97423],[120.63736,22.98261],[120.63678,22.98796],[120.63969,22.98526],[120.63973,22.98369],[120.64022,22.98377],[120.64024,22.98336],[120.63962,22.98137],[120.64008,22.98125],[120.64048,22.97993],[120.64103,22.98011],[120.6405,22.97991],[120.64231,22.97578],[120.64256,22.97581],[120.6424,22.97679],[120.64282,22.97703],[120.64288,22.97403],[120.64345,22.97502],[120.64334,22.97282],[120.64435,22.97259],[120.64389,22.97106],[120.64501,22.97209],[120.64419,22.97059],[120.6441,22.97025],[120.64426,22.96874],[120.64477,22.96844],[120.64415,22.96742],[120.64494,22.96507],[120.64439,22.96402],[120.64406,22.96421],[120.64345,22.95928],[120.6431,22.95977],[120.6435,22.95859],[120.64263,22.95461],[120.64284,22.95249],[120.6423,22.95149]],[[120.63959,22.98136],[120.6391,22.98157],[120.63949,22.98117],[120.63883,22.98118],[120.63989,22.9797],[120.63959,22.98136]],[[120.63828,22.98538],[120.63882,22.98573],[120.63848,22.98587],[120.63828,22.98538]]],[[[120.64227,22.97618],[120.64237,22.97673],[120.64244,22.97622],[120.64227,22.97618]]],[[[120.64195,22.97803],[120.64195,22.97731],[120.64168,22.97798],[120.64195,22.97803]]],[[[120.63679,22.98943],[120.63679,22.98938],[120.63679,22.98943],[120.63679,22.98943]]],[[[120.63973,22.98979],[120.63992,22.9883],[120.63934,22.98829],[120.63835,22.989],[120.63917,22.98962],[120.63851,22.99006],[120.63674,22.99002],[120.6369,22.98944],[120.63696,22.98884],[120.63673,22.99002],[120.63556,22.99363],[120.63559,22.99526],[120.63616,22.99539],[120.63615,22.99464],[120.63674,22.99458],[120.63684,22.99388],[120.63734,22.99396],[120.6377,22.99331],[120.63784,22.9937],[120.63858,22.99362],[120.63825,22.99502],[120.63933,22.99362],[120.63967,22.99172],[120.63841,22.99119],[120.63973,22.98979]]],[[[120.63657,22.98998],[120.63495,22.99077],[120.63405,22.9925],[120.63366,22.99401],[120.63507,22.99487],[120.63438,22.9952],[120.63476,22.99567],[120.63494,22.99571],[120.63657,22.98998]]],[[[120.64294,22.99516],[120.64295,22.99515],[120.64293,22.995],[120.64294,22.99516]]],[[[120.63278,22.99886],[120.6328,22.99872],[120.63275,22.99872],[120.63278,22.99886]]],[[[120.64459,22.96352],[120.64431,22.96344],[120.64439,22.96362],[120.64459,22.96352]]],[[[120.64483,22.97124],[120.64467,22.97062],[120.6442,22.97003],[120.64483,22.97124]]],[[[120.64556,22.97078],[120.64594,22.97182],[120.64629,22.97196],[120.64658,22.97071],[120.64556,22.97078]]],[[[120.64558,22.97205],[120.64494,22.97171],[120.64532,22.97232],[120.64463,22.97246],[120.64489,22.97296],[120.64558,22.97205]]],[[[120.64372,22.97297],[120.6435,22.97283],[120.64355,22.973],[120.64372,22.97297]]],[[[120.65116,22.97281],[120.65052,22.97283],[120.6504,22.97345],[120.65112,22.97344],[120.65116,22.97281]]],[[[120.65049,22.97581],[120.6508,22.97545],[120.65025,22.97553],[120.65049,22.97581]]],[[[120.65277,22.98444],[120.65238,22.98444],[120.6527,22.9846],[120.65277,22.98444]]],[[[120.6519,22.9848],[120.65219,22.98514],[120.65248,22.98515],[120.65207,22.98541],[120.65178,22.98496],[120.64963,22.98757],[120.65233,22.98963],[120.65288,22.99103],[120.6538,22.98927],[120.65349,22.98872],[120.65379,22.98703],[120.65328,22.98674],[120.65365,22.98617],[120.6531,22.98482],[120.65237,22.98446],[120.6519,22.9848]],[[120.65212,22.98495],[120.65241,22.98489],[120.65229,22.98506],[120.65212,22.98495]]],[[[120.6543,22.99179],[120.65352,22.99044],[120.65323,22.99052],[120.65379,22.99202],[120.6543,22.99179]]],[[[120.64305,22.99407],[120.64295,22.99439],[120.64296,22.99439],[120.64305,22.99407]]],[[[120.65443,22.99181],[120.65389,22.99241],[120.65344,22.99225],[120.65354,22.99294],[120.65466,22.99402],[120.65508,22.99494],[120.65478,22.99439],[120.6543,22.99461],[120.6546,22.99484],[120.65455,22.99487],[120.65367,22.99456],[120.65308,22.99489],[120.65321,22.99522],[120.65332,22.99562],[120.65315,22.99528],[120.65305,22.99488],[120.6531,22.99485],[120.65219,22.9944],[120.65245,22.99521],[120.651,22.99491],[120.65232,22.99535],[120.65234,22.99613],[120.65162,22.99651],[120.65224,23.00046],[120.65089,23.00078],[120.65132,23.00139],[120.64951,23.00464],[120.65184,23.00465],[120.65365,23.00564],[120.65338,23.00434],[120.65439,23.00329],[120.65394,23.00298],[120.65798,23.00354],[120.65948,23.00307],[120.66069,23.00248],[120.66199,23.00138],[120.65952,23.00302],[120.65895,22.99981],[120.65619,22.99698],[120.65483,22.99226],[120.65443,22.99181]],[[120.6581,23.00291],[120.65843,23.00268],[120.65847,23.00287],[120.6581,23.00291]],[[120.65293,22.99538],[120.65269,22.99579],[120.65259,22.9953],[120.65293,22.99538]]]]}},{"type":"Feature","properties":{"zone":"鄉村區","town":"六龜區"},"geometry":{"type":"MultiPolygon","coordinates":[[[[120.61331,22.88009],[120.61432,22.88057],[120.61445,22.88046],[120.61428,22.8801],[120.61331,22.88009]]],[[[120.61221,22.87977],[120.61282,22.88082],[120.61404,22.88058],[120.61269,22.87983],[120.61221,22.87977]]],[[[120.61399,22.88075],[120.61342,22.88132],[120.61405,22.88186],[120.61511,22.88145],[120.61399,22.88075]]],[[[120.62838,22.90008],[120.62751,22.90015],[120.62819,22.90102],[120.62838,22.90008]]],[[[120.62836,22.90073],[120.62878,22.90167],[120.62913,22.90145],[120.6297,22.90138],[120.62909,22.90124],[120.62887,22.90036],[120.62836,22.90073]]],[[[120.62947,22.90144],[120.62927,22.90187],[120.62932,22.90147],[120.62879,22.90169],[120.6293,22.90222],[120.62947,22.90144]]],[[[120.62834,22.90189],[120.62965,22.90322],[120.62869,22.90244],[120.62845,22.90267],[120.62894,22.90302],[120.62845,22.90348],[120.62882,22.90348],[120.62921,22.90384],[120.62842,22.90349],[120.62858,22.90317],[120.62702,22.90207],[120.62672,22.90231],[120.6279,22.90315],[120.62841,22.90441],[120.62873,22.90423],[120.62917,22.90493],[120.63049,22.90435],[120.63053,22.90477],[120.63087,22.90507],[120.63084,22.90454],[120.63149,22.90457],[120.63102,22.90408],[120.62987,22.90366],[120.62967,22.90346],[120.63085,22.90395],[120.63112,22.90372],[120.63047,22.90365],[120.63107,22.90343],[120.63029,22.90278],[120.63045,22.90209],[120.63021,22.90231],[120.62962,22.90163],[120.62928,22.90228],[120.6286,22.9015],[120.62834,22.90189]],[[120.6308,22.90406],[120.63078,22.90451],[120.6305,22.90429],[120.6308,22.90406]]],[[[120.63989,22.91941],[120.63928,22.92154],[120.63988,22.9214],[120.64029,22.92193],[120.64035,22.92112],[120.63991,22.92109],[120.6403,22.9208],[120.63995,22.9207],[120.64041,22.92056],[120.63989,22.91941]]],[[[120.64003,22.97977],[120.6389,22.98093],[120.6395,22.98119],[120.6391,22.98157],[120.63966,22.98131],[120.64003,22.97977]]],[[[120.64341,22.99331],[120.64352,22.9936],[120.64358,22.99336],[120.64341,22.99331]]],[[[120.64406,22.99354],[120.64467,22.99395],[120.64473,22.99364],[120.64406,22.99354]]],[[[120.64409,22.9939],[120.64432,22.99424],[120.64434,22.99395],[120.64409,22.9939]]],[[[120.64493,22.99403],[120.64434,22.99425],[120.64493,22.99431],[120.64493,22.99403]]],[[[120.63565,22.99324],[120.63504,22.99567],[120.63353,22.99525],[120.63212,22.99657],[120.63185,22.99764],[120.6328,22.99872],[120.63273,22.99998],[120.63411,22.99967],[120.63432,23.00012],[120.63527,22.99988],[120.63633,23.00029],[120.6358,22.9995],[120.63556,22.99689],[120.63644,22.99687],[120.63657,22.99607],[120.63734,22.99605],[120.63798,22.99539],[120.63858,22.99362],[120.63784,22.9937],[120.6377,22.99331],[120.63734,22.99396],[120.63684,22.99388],[120.63597,22.99542],[120.63538,22.99473],[120.63565,22.99324]],[[120.6354,22.99863],[120.63543,22.99818],[120.63562,22.99817],[120.63564,22.99836],[120.6354,22.99863]],[[120.63563,22.99923],[120.6357,22.99896],[120.63573,22.99921],[120.63563,22.99923]]],[[[120.6411,22.99641],[120.6408,22.99729],[120.64119,22.99751],[120.64161,22.9969],[120.64238,22.99757],[120.64245,22.99656],[120.6411,22.99641]],[[120.64193,22.99673],[120.64183,22.99678],[120.64183,22.9967],[120.64193,22.99673]]],[[[120.64295,22.99278],[120.64295,22.99515],[120.64234,22.99561],[120.64291,22.99772],[120.64366,22.99767],[120.64386,22.99802],[120.64354,22.99825],[120.64567,23.00151],[120.6451,23.00061],[120.6461,23.00076],[120.64659,23.00033],[120.64747,23.00169],[120.64781,23.0016],[120.64659,23.0003],[120.64692,23.00012],[120.64663,22.99955],[120.64416,22.99733],[120.64432,22.99687],[120.64359,22.99591],[120.64395,22.99567],[120.64299,22.99485],[120.64345,22.99491],[120.64396,22.9939],[120.64324,22.99378],[120.64312,22.99416],[120.64345,22.99285],[120.64295,22.99278]]],[[[120.64365,22.99796],[120.64363,22.99792],[120.64347,22.99801],[120.64365,22.99796]]],[[[120.64749,22.89226],[120.64762,22.89214],[120.64751,22.89213],[120.64749,22.89226]]],[[[120.64681,22.89234],[120.64711,22.89274],[120.64722,22.89221],[120.64681,22.89234]]],[[[120.64738,22.89211],[120.64728,22.89346],[120.64748,22.89211],[120.64738,22.89211]]],[[[120.64646,22.89289],[120.64686,22.89318],[120.64692,22.89307],[120.64705,22.89305],[120.64711,22.89279],[120.64646,22.89289]]],[[[120.64684,22.89322],[120.64712,22.89356],[120.64705,22.89308],[120.64684,22.89322]]],[[[120.64728,22.89359],[120.64722,22.8939],[120.64723,22.89394],[120.64735,22.89392],[120.64728,22.89359]]],[[[120.64759,22.9019],[120.64779,22.9024],[120.64839,22.9033],[120.64799,22.90188],[120.64762,22.90187],[120.64753,22.90159],[120.64724,22.90152],[120.64759,22.9019]]],[[[120.64356,22.99286],[120.64625,22.9936],[120.64664,22.99239],[120.64394,22.99164],[120.64356,22.99286]]],[[[120.64496,22.99405],[120.64598,22.99455],[120.64602,22.99421],[120.64496,22.99405]]],[[[120.64495,22.99435],[120.64594,22.99484],[120.64598,22.99457],[120.64495,22.99435]]],[[[120.64605,22.99422],[120.64597,22.99508],[120.64642,22.99513],[120.64668,22.99433],[120.64605,22.99422]]],[[[120.64511,22.9953],[120.64585,22.99544],[120.64594,22.99486],[120.64495,22.99468],[120.64511,22.9953]]],[[[120.64494,22.9953],[120.64584,22.9958],[120.64588,22.99548],[120.64494,22.9953]]],[[[120.64513,22.99583],[120.64571,22.99637],[120.64564,22.99591],[120.64568,22.99584],[120.64513,22.99583]]],[[[120.64569,22.99585],[120.64607,22.99677],[120.64601,22.9959],[120.64569,22.99585]]],[[[120.64505,22.99572],[120.64478,22.99595],[120.6469,22.99852],[120.64588,22.99721],[120.64505,22.99572]]],[[[120.64812,23.00421],[120.6482,23.00423],[120.64798,23.00422],[120.64812,23.00421]]],[[[120.64818,22.90221],[120.64928,22.90472],[120.6495,22.9047],[120.64913,22.90393],[120.64929,22.90389],[120.64925,22.90327],[120.64912,22.90276],[120.64861,22.90256],[120.64889,22.90234],[120.64843,22.9019],[120.64818,22.90221]],[[120.64918,22.90308],[120.649,22.90287],[120.6491,22.90282],[120.64918,22.90308]]],[[[120.64841,22.90332],[120.64874,22.90364],[120.64848,22.90325],[120.64841,22.90332]]],[[[120.64828,22.90346],[120.64859,22.90369],[120.64839,22.90334],[120.64828,22.90346]]],[[[120.64839,23.004],[120.64857,23.00431],[120.6486,23.00428],[120.64839,23.004]]],[[[120.6479,23.00433],[120.64807,23.00503],[120.64913,23.00473],[120.64866,23.00435],[120.6479,23.00433]]],[[[120.64896,23.00487],[120.6486,23.00517],[120.64763,23.00492],[120.6491,23.00643],[120.64954,23.00638],[120.64997,23.0068],[120.65089,23.00694],[120.64971,23.00649],[120.65051,23.0062],[120.64896,23.00487]]],[[[120.67296,23.07061],[120.67177,23.0715],[120.6723,23.07194],[120.67345,23.07365],[120.67368,23.07274],[120.67303,23.07239],[120.67399,23.07136],[120.67296,23.07061]]],[[[120.67365,23.07404],[120.67204,23.07173],[120.67165,23.07147],[120.6712,23.07172],[120.6715,23.07209],[120.67194,23.0718],[120.67145,23.07221],[120.67187,23.07303],[120.67243,23.07312],[120.67329,23.07452],[120.67375,23.0745],[120.67365,23.07404]],[[120.67156,23.07153],[120.67154,23.07156],[120.67152,23.07155],[120.67156,23.07153]],[[120.67194,23.0718],[120.67205,23.07183],[120.67202,23.07186],[120.67194,23.0718]],[[120.67367,23.07421],[120.67346,23.07393],[120.67341,23.07385],[120.67364,23.07414],[120.67367,23.07421]],[[120.67325,23.07365],[120.67327,23.07366],[120.67329,23.0737],[120.67325,23.07365]],[[120.67264,23.07295],[120.67258,23.07275],[120.67275,23.07298],[120.67264,23.07295]],[[120.67196,23.07222],[120.6721,23.07206],[120.67217,23.07201],[120.67196,23.07222]]],[[[120.67983,23.0857],[120.67922,23.0865],[120.67958,23.08655],[120.67972,23.08688],[120.68004,23.08684],[120.68011,23.0869],[120.67957,23.0872],[120.68028,23.08713],[120.68095,23.08769],[120.68103,23.08722],[120.68155,23.08737],[120.68022,23.08688],[120.68115,23.08679],[120.68089,23.08586],[120.68002,23.08624],[120.67983,23.0857]]],[[[120.6792,23.08683],[120.67968,23.08687],[120.67922,23.08654],[120.6792,23.08683]]],[[[120.67867,23.08679],[120.67908,23.08711],[120.67914,23.08659],[120.67867,23.08679]]],[[[120.6792,23.08687],[120.67928,23.08774],[120.67967,23.08692],[120.6792,23.08687]]],[[[120.68029,23.08723],[120.67944,23.08747],[120.67966,23.08771],[120.68029,23.08723]]],[[[120.67905,23.08731],[120.67894,23.08796],[120.67917,23.08787],[120.67905,23.08731]]],[[[120.69951,23.10538],[120.6985,23.1073],[120.69793,23.1074],[120.69839,23.10758],[120.6995,23.1084],[120.69938,23.10795],[120.70011,23.10773],[120.6994,23.10704],[120.69952,23.10625],[120.70143,23.10718],[120.70132,23.10647],[120.69951,23.10538]],[[120.69938,23.10772],[120.69945,23.10788],[120.69934,23.10775],[120.69938,23.10772]]],[[[120.69794,23.10748],[120.69877,23.10813],[120.69866,23.10862],[120.69943,23.10844],[120.69794,23.10748]]]]}},{"type":"Feature","properties":{"zone":"風景區","town":"六龜區"},"geometry":{"type":"MultiPolygon","coordinates":[[[[120.67496,23.05027],[120.67079,23.05425],[120.67233,23.0558],[120.67367,23.05909],[120.67541,23.05967],[120.67754,23.06134],[120.67783,23.06207],[120.67887,23.06223],[120.6811,23.06433],[120.68635,23.07253],[120.68935,23.07434],[120.68979,23.07561],[120.68855,23.07588],[120.68874,23.07672],[120.68986,23.07782],[120.6903,23.07765],[120.69043,23.07883],[120.69019,23.07822],[120.68964,23.07932],[120.69214,23.08287],[120.69163,23.08149],[120.69289,23.08312],[120.69132,23.08092],[120.69362,23.08359],[120.6922,23.08098],[120.69295,23.07797],[120.6866,23.06553],[120.68492,23.06405],[120.68553,23.06278],[120.68622,23.06316],[120.68637,23.06238],[120.68523,23.06238],[120.68161,23.05846],[120.67997,23.05808],[120.67964,23.05528],[120.67854,23.05244],[120.67676,23.0506],[120.67496,23.05027]],[[120.69024,23.07862],[120.69037,23.0796],[120.69016,23.07988],[120.69024,23.07862]]],[[[120.69138,23.08191],[120.69093,23.08149],[120.6912,23.08204],[120.69138,23.08191]]],[[[120.69099,23.0821],[120.69129,23.08239],[120.69097,23.08168],[120.69099,23.0821]]],[[[120.69306,23.08329],[120.69317,23.0834],[120.69318,23.0834],[120.69306,23.08329]]],[[[120.69542,23.08899],[120.69269,23.09116],[120.69248,23.09068],[120.68922,23.09086],[120.68973,23.09409],[120.69256,23.09841],[120.69445,23.09702],[120.69549,23.09349],[120.69481,23.09333],[120.69471,23.09237],[120.69535,23.09185],[120.69606,23.09204],[120.69639,23.09124],[120.6964,23.08953],[120.69542,23.08899]]],[[[120.6951,23.10311],[120.6968,23.10593],[120.69795,23.10584],[120.6983,23.10515],[120.69714,23.1046],[120.69445,23.1009],[120.6951,23.10311]]],[[[120.69938,23.10772],[120.69945,23.10788],[120.69949,23.10785],[120.69938,23.10772]]],[[[120.72569,23.0976],[120.72245,23.10013],[120.72058,23.10065],[120.71885,23.10023],[120.71724,23.10129],[120.71534,23.10181],[120.7123,23.1018],[120.71146,23.1003],[120.7104,23.10033],[120.71001,23.10114],[120.70896,23.10128],[120.70798,23.10402],[120.70548,23.10497],[120.70304,23.10403],[120.70155,23.10434],[120.70172,23.10483],[120.69993,23.10468],[120.69921,23.10515],[120.69917,23.10575],[120.69951,23.10538],[120.70107,23.1063],[120.70143,23.10718],[120.69952,23.10625],[120.6994,23.10704],[120.70011,23.10773],[120.69938,23.10795],[120.6995,23.1084],[120.69839,23.10758],[120.69761,23.10731],[120.69756,23.10748],[120.69943,23.10844],[120.69866,23.10862],[120.69877,23.10813],[120.69831,23.10823],[120.69841,23.10909],[120.69956,23.11026],[120.70158,23.11127],[120.70329,23.11134],[120.70531,23.10991],[120.70512,23.10951],[120.70594,23.10885],[120.70785,23.10801],[120.70782,23.10765],[120.70919,23.10784],[120.71065,23.10688],[120.71143,23.1049],[120.71287,23.10441],[120.71411,23.10479],[120.71527,23.10594],[120.71551,23.10691],[120.7165,23.10721],[120.71692,23.1098],[120.71557,23.11466],[120.71391,23.11843],[120.71988,23.11985],[120.7251,23.11967],[120.72749,23.11886],[120.73285,23.12137],[120.73495,23.12041],[120.73569,23.11924],[120.73705,23.11842],[120.73832,23.11844],[120.74008,23.11759],[120.74511,23.11768],[120.74465,23.11534],[120.74339,23.11385],[120.74217,23.11095],[120.74209,23.10923],[120.73878,23.10668],[120.73785,23.10444],[120.73589,23.10272],[120.73453,23.10234],[120.72765,23.09773],[120.72569,23.0976]]]]}},{"type":"Feature","properties":{"zone":"一般農業區","town":"大寮區"},"geometry":{"type":"Polygon","coordinates":[[[120.381,22.59639],[120.38062,22.59942],[120.38108,22.60018],[120.38265,22.60058],[120.38263,22.60221],[120.38342,22.6026],[120.38447,22.6023],[120.38543,22.6028],[120.38748,22.60082],[120.38899,22.60065],[120.38902,22.59945],[120.38947,22.59899],[120.39065,22.59924],[120.3888,22.59818],[120.381,22.59639]],[[120.38687,22.59991],[120.3873,22.60077],[120.38668,22.60118],[120.38625,22.60081],[120.38502,22.6017],[120.38508,22.60113],[120.38687,22.59991]],[[120.3889,22.60013],[120.3886,22.60033],[120.38814,22.60054],[120.38807,22.6003],[120.3889,22.60013]]]}},{"type":"Feature","properties":{"zone":"山坡地保育區","town":"大寮區"},"geometry":{"type":"MultiPolygon","coordinates":[[[[120.36857,22.59358],[120.36845,22.59353],[120.36878,22.59402],[120.36857,22.59358]]],[[[120.39065,22.59924],[120.39023,22.59928],[120.39074,22.5993],[120.39093,22.59922],[120.39011,22.59879],[120.39065,22.59924]]],[[[120.38855,22.60028],[120.38814,22.60054],[120.3889,22.60013],[120.38855,22.60028]]],[[[120.3882,22.60067],[120.3879,22.6007],[120.38854,22.60067],[120.3882,22.60067]]],[[[120.38723,22.59998],[120.38508,22.60113],[120.38502,22.6017],[120.38625,22.60081],[120.38668,22.60118],[120.3873,22.60077],[120.38723,22.59998]]],[[[120.38241,22.60246],[120.38208,22.60364],[120.38099,22.60475],[120.38129,22.60537],[120.38353,22.60495],[120.38351,22.60442],[120.3845,22.60439],[120.38539,22.60334],[120.38543,22.60274],[120.38447,22.6023],[120.38403,22.60266],[120.38241,22.60246]]]]}},{"type":"Feature","properties":{"zone":"特定專用區","town":"大寮區"},"geometry":{"type":"MultiPolygon","coordinates":[[[[120.36867,22.59349],[120.36863,22.59365],[120.36869,22.5939],[120.36877,22.59399],[120.36867,22.59349]]],[[[120.36866,22.59055],[120.36805,22.59358],[120.36896,22.59527],[120.37074,22.59623],[120.3715,22.59791],[120.37179,22.60015],[120.37116,22.60173],[120.37287,22.60684],[120.37491,22.60647],[120.37714,22.60769],[120.37792,22.60592],[120.37903,22.60604],[120.38058,22.60528],[120.38201,22.60375],[120.38263,22.60221],[120.38265,22.60058],[120.38108,22.60018],[120.38057,22.59926],[120.38077,22.59642],[120.37314,22.59646],[120.3694,22.59517],[120.36845,22.59353],[120.36866,22.59055]],[[120.37713,22.60765],[120.37711,22.60766],[120.37711,22.60765],[120.37713,22.60765]]]]}},{"type":"Feature","properties":{"zone":"一般農業區","town":"大樹區"},"geometry":{"type":"MultiPolygon","coordinates":[[[[120.40876,22.66348],[120.40866,22.66367],[120.40867,22.66368],[120.40876,22.66348]]],[[[120.42369,22.66431],[120.42376,22.66422],[120.42367,22.66423],[120.42369,22.66431]]],[[[120.42312,22.6644],[120.42311,22.66452],[120.42331,22.66438],[120.42312,22.6644]]],[[[120.40628,22.66559],[120.40718,22.66652],[120.40721,22.66647],[120.40628,22.66559]]],[[[120.40636,22.66675],[120.40647,22.66662],[120.40643,22.6666],[120.40636,22.66675]]],[[[120.408,22.66704],[120.40732,22.66656],[120.40726,22.66652],[120.40754,22.66687],[120.408,22.66704]]],[[[120.4068,22.66711],[120.4067,22.66688],[120.40663,22.66705],[120.4068,22.66711]]],[[[120.43174,22.6841],[120.43178,22.684],[120.43169,22.68412],[120.43174,22.6841]]],[[[120.42952,22.68366],[120.42792,22.68366],[120.42793,22.68435],[120.42708,22.68431],[120.4265,22.68483],[120.42682,22.6852],[120.42951,22.68474],[120.43006,22.68417],[120.42952,22.68366]]],[[[120.42462,22.68661],[120.42465,22.68566],[120.42456,22.6856],[120.42436,22.686],[120.42445,22.68634],[120.42462,22.68661]]],[[[120.41392,22.64301],[120.40849,22.64397],[120.40855,22.64473],[120.40996,22.64629],[120.41012,22.6474],[120.40981,22.64851],[120.40861,22.64856],[120.40871,22.64984],[120.40728,22.65104],[120.40761,22.65019],[120.40724,22.6506],[120.40698,22.65203],[120.40651,22.65197],[120.40623,22.6508],[120.40636,22.64978],[120.40705,22.64918],[120.40688,22.64725],[120.40596,22.64729],[120.40541,22.64749],[120.40594,22.64732],[120.40598,22.64775],[120.40511,22.64853],[120.40453,22.6512],[120.40533,22.65221],[120.40563,22.65202],[120.40592,22.65295],[120.4054,22.65289],[120.40507,22.65347],[120.40427,22.65312],[120.40365,22.65058],[120.4029,22.65066],[120.40314,22.65159],[120.40218,22.65195],[120.40191,22.65134],[120.40062,22.651],[120.39961,22.65179],[120.39996,22.65312],[120.40048,22.653],[120.40078,22.65445],[120.40157,22.65547],[120.40161,22.65682],[120.40197,22.65692],[120.4015,22.65811],[120.402,22.65832],[120.40205,22.65913],[120.40281,22.65945],[120.40227,22.66102],[120.40272,22.6621],[120.4027,22.6661],[120.40033,22.66823],[120.39907,22.67117],[120.39826,22.67157],[120.3986,22.67266],[120.39789,22.6745],[120.39698,22.67547],[120.3973,22.67742],[120.39634,22.67734],[120.39578,22.6779],[120.39546,22.67884],[120.39575,22.68001],[120.39671,22.68004],[120.39638,22.68057],[120.39753,22.68076],[120.39566,22.68222],[120.39443,22.68255],[120.39366,22.68398],[120.39235,22.68384],[120.39169,22.68513],[120.38976,22.68537],[120.39014,22.68652],[120.38981,22.6876],[120.39025,22.68797],[120.39003,22.68911],[120.39087,22.68892],[120.39192,22.68954],[120.39328,22.69193],[120.39199,22.69513],[120.39335,22.69532],[120.393,22.69584],[120.39422,22.69638],[120.39419,22.69714],[120.39618,22.69875],[120.3969,22.70036],[120.39702,22.70112],[120.39631,22.70109],[120.3959,22.70262],[120.39341,22.70318],[120.39575,22.70655],[120.39691,22.70704],[120.39803,22.70836],[120.3985,22.70919],[120.39816,22.71065],[120.4001,22.71243],[120.3991,22.7136],[120.39927,22.71485],[120.40133,22.71889],[120.40316,22.72449],[120.40235,22.72549],[120.40021,22.72512],[120.39995,22.72609],[120.40067,22.72705],[120.40014,22.72852],[120.40139,22.73315],[120.40046,22.73355],[120.40085,22.7347],[120.39965,22.73566],[120.39881,22.73472],[120.39803,22.73469],[120.39718,22.73525],[120.39729,22.7359],[120.39831,22.73628],[120.39994,22.73909],[120.40075,22.73807],[120.40148,22.73794],[120.40204,22.73883],[120.40243,22.73815],[120.40382,22.73903],[120.40507,22.73852],[120.40638,22.74098],[120.40934,22.74309],[120.41033,22.74465],[120.41029,22.74614],[120.41149,22.74735],[120.41137,22.74793],[120.41016,22.7487],[120.41141,22.75099],[120.41111,22.75192],[120.41151,22.75336],[120.41248,22.75337],[120.41294,22.75256],[120.41371,22.75263],[120.41448,22.75189],[120.41645,22.75326],[120.41846,22.7531],[120.4188,22.75347],[120.41989,22.75333],[120.42011,22.75224],[120.41971,22.75074],[120.41851,22.7497],[120.4191,22.74918],[120.41909,22.74831],[120.41996,22.7481],[120.4225,22.74572],[120.42402,22.74579],[120.42441,22.74526],[120.42461,22.74374],[120.42418,22.7433],[120.42473,22.7424],[120.42462,22.7407],[120.42513,22.7398],[120.42485,22.73904],[120.42528,22.73844],[120.42472,22.7378],[120.4265,22.73645],[120.42596,22.73474],[120.42727,22.73344],[120.42831,22.73341],[120.42859,22.73392],[120.42952,22.73412],[120.43166,22.73258],[120.43244,22.73346],[120.43227,22.73274],[120.4335,22.7329],[120.43601,22.73133],[120.43861,22.7311],[120.43885,22.73151],[120.44195,22.73201],[120.4431,22.73262],[120.44398,22.73207],[120.444,22.73448],[120.44435,22.73469],[120.44578,22.73414],[120.44551,22.73258],[120.44571,22.73226],[120.44557,22.73131],[120.44566,22.73033],[120.44578,22.72978],[120.44521,22.72954],[120.44509,22.72877],[120.44434,22.72905],[120.44371,22.72941],[120.44361,22.73093],[120.44336,22.7287],[120.4437,22.72747],[120.44199,22.72667],[120.44082,22.72238],[120.43963,22.72221],[120.43878,22.72108],[120.43693,22.72164],[120.43748,22.7202],[120.43697,22.71993],[120.43581,22.72074],[120.43535,22.72192],[120.43279,22.72362],[120.43018,22.72251],[120.43061,22.7218],[120.43437,22.71984],[120.43712,22.71953],[120.43812,22.71861],[120.43725,22.71611],[120.43561,22.71435],[120.43671,22.71365],[120.43776,22.71373],[120.43772,22.71362],[120.43785,22.71319],[120.43781,22.71284],[120.43753,22.71279],[120.43743,22.71249],[120.43698,22.7124],[120.43566,22.71281],[120.43528,22.71157],[120.43555,22.7106],[120.43428,22.7075],[120.43451,22.70709],[120.43415,22.70663],[120.43354,22.70742],[120.43305,22.70637],[120.43344,22.70527],[120.43319,22.70391],[120.43371,22.70294],[120.43081,22.70425],[120.42842,22.70683],[120.42589,22.70804],[120.42432,22.70678],[120.42373,22.7071],[120.42206,22.70502],[120.42129,22.705],[120.42073,22.70441],[120.42115,22.70224],[120.42075,22.70213],[120.4206,22.70115],[120.4212,22.70023],[120.42056,22.69925],[120.4211,22.69922],[120.42116,22.69782],[120.42189,22.69713],[120.42264,22.69857],[120.42312,22.69832],[120.4234,22.6989],[120.42571,22.69712],[120.42688,22.69684],[120.42782,22.69731],[120.42808,22.69811],[120.4288,22.6988],[120.42882,22.69921],[120.42983,22.69956],[120.43004,22.70037],[120.43054,22.70013],[120.43148,22.701],[120.43181,22.7008],[120.43141,22.70016],[120.43199,22.70062],[120.43329,22.70023],[120.43342,22.70091],[120.43358,22.69962],[120.43292,22.69979],[120.43296,22.69893],[120.43215,22.69759],[120.42835,22.69688],[120.42652,22.69229],[120.4264,22.69115],[120.42732,22.69],[120.42665,22.68948],[120.42663,22.68805],[120.4262,22.68807],[120.42561,22.68963],[120.42426,22.6881],[120.42478,22.6872],[120.42102,22.68764],[120.41728,22.68615],[120.41527,22.6866],[120.41484,22.68649],[120.41557,22.68631],[120.416,22.68493],[120.41741,22.68443],[120.41795,22.68373],[120.41813,22.68137],[120.4186,22.6811],[120.41931,22.68113],[120.41972,22.68008],[120.42024,22.68028],[120.42029,22.68108],[120.42063,22.68174],[120.42065,22.68201],[120.42031,22.68116],[120.41836,22.68125],[120.41818,22.68247],[120.41854,22.68313],[120.41961,22.68288],[120.42019,22.68352],[120.42002,22.68441],[120.42143,22.68392],[120.42175,22.68334],[120.42402,22.68322],[120.42553,22.68227],[120.42659,22.68263],[120.42732,22.68214],[120.42823,22.68247],[120.42853,22.68202],[120.42984,22.68195],[120.42899,22.68067],[120.42987,22.68192],[120.43033,22.68177],[120.42841,22.67876],[120.42835,22.67909],[120.42799,22.67948],[120.42764,22.67968],[120.42756,22.67959],[120.42831,22.67909],[120.42786,22.67823],[120.42852,22.67786],[120.42723,22.67668],[120.42619,22.67783],[120.42446,22.67853],[120.42713,22.67612],[120.42748,22.6753],[120.4279,22.67537],[120.42851,22.6729],[120.42686,22.6685],[120.42719,22.66272],[120.42567,22.66281],[120.42021,22.6654],[120.41335,22.66539],[120.41337,22.65811],[120.41074,22.66295],[120.4103,22.66264],[120.41069,22.66216],[120.4103,22.66176],[120.40997,22.662],[120.40845,22.66097],[120.4085,22.65978],[120.40956,22.65788],[120.41046,22.65737],[120.41141,22.65804],[120.41201,22.65734],[120.41187,22.65626],[120.41192,22.65658],[120.41337,22.65632],[120.41339,22.64724],[120.41392,22.64572],[120.41392,22.64301]],[[120.42386,22.72989],[120.42459,22.73292],[120.42405,22.73291],[120.42508,22.73323],[120.4253,22.73376],[120.42394,22.73431],[120.42265,22.73253],[120.42247,22.73074],[120.42159,22.73033],[120.42183,22.72995],[120.42386,22.72989]],[[120.41789,22.7034],[120.41804,22.70325],[120.41808,22.70334],[120.41789,22.7034]],[[120.41866,22.70088],[120.41916,22.7019],[120.41877,22.70219],[120.41918,22.70235],[120.41865,22.70256],[120.41824,22.70252],[120.41805,22.70259],[120.41779,22.70334],[120.41779,22.70433],[120.41791,22.70457],[120.4181,22.70456],[120.41781,22.70407],[120.41813,22.70323],[120.41877,22.70332],[120.41787,22.70411],[120.41822,22.70456],[120.41809,22.70521],[120.41853,22.70554],[120.41725,22.70732],[120.41747,22.70773],[120.41641,22.70798],[120.41661,22.70894],[120.41603,22.71048],[120.41743,22.71103],[120.41641,22.71358],[120.41674,22.71568],[120.41618,22.71778],[120.41649,22.71947],[120.41344,22.71939],[120.41341,22.7198],[120.41337,22.7194],[120.41245,22.72013],[120.412,22.71999],[120.41189,22.7193],[120.4125,22.71896],[120.41224,22.71856],[120.4126,22.71817],[120.41251,22.71741],[120.41204,22.71721],[120.4127,22.71598],[120.41233,22.71606],[120.41206,22.71346],[120.41225,22.71302],[120.41273,22.71305],[120.41279,22.71298],[120.41285,22.71267],[120.413,22.71256],[120.41353,22.71324],[120.41381,22.71338],[120.41352,22.7141],[120.41405,22.71337],[120.41304,22.7125],[120.41225,22.71295],[120.41226,22.71218],[120.41284,22.71169],[120.41221,22.71069],[120.41294,22.70903],[120.41253,22.70826],[120.41366,22.70682],[120.41377,22.70757],[120.4151,22.7073],[120.41523,22.70626],[120.41649,22.70546],[120.41615,22.70442],[120.4169,22.70469],[120.41715,22.70376],[120.41646,22.70378],[120.41709,22.70148],[120.41866,22.70088]],[[120.41752,22.70113],[120.41724,22.70085],[120.41743,22.7008],[120.41752,22.70113]],[[120.41787,22.70008],[120.41786,22.70065],[120.41684,22.70059],[120.41727,22.6997],[120.41787,22.70008]],[[120.42033,22.69975],[120.42037,22.69953],[120.42046,22.69957],[120.42033,22.69975]],[[120.42832,22.69831],[120.42834,22.69832],[120.42832,22.69832],[120.42832,22.69831]],[[120.42201,22.69673],[120.42124,22.69756],[120.42081,22.69729],[120.42152,22.69643],[120.42201,22.69673]],[[120.42139,22.69537],[120.4216,22.69511],[120.42164,22.69508],[120.42139,22.69537]],[[120.42656,22.69394],[120.42697,22.69437],[120.42657,22.69433],[120.42656,22.69394]],[[120.42416,22.69382],[120.4237,22.69432],[120.42335,22.69428],[120.42349,22.69367],[120.42416,22.69382]],[[120.42419,22.69379],[120.42423,22.69352],[120.42437,22.69365],[120.42419,22.69379]],[[120.42584,22.69332],[120.42641,22.69314],[120.42602,22.69367],[120.42652,22.69387],[120.42582,22.69397],[120.42636,22.69434],[120.42674,22.6944],[120.42673,22.69481],[120.42534,22.69449],[120.42475,22.69461],[120.42466,22.69518],[120.42362,22.69522],[120.42601,22.69288],[120.42584,22.69332]],[[120.41105,22.69135],[120.41185,22.69169],[120.41097,22.69193],[120.41105,22.69135]],[[120.42375,22.69129],[120.42508,22.69283],[120.42307,22.69367],[120.42245,22.69449],[120.42203,22.69429],[120.4224,22.69456],[120.42159,22.69508],[120.42135,22.69535],[120.42066,22.69428],[120.42272,22.69393],[120.42256,22.69334],[120.42314,22.69295],[120.42291,22.69228],[120.42375,22.69129]],[[120.41107,22.68933],[120.40929,22.68944],[120.40922,22.68928],[120.41077,22.68872],[120.41107,22.68933]],[[120.41122,22.68845],[120.4106,22.68869],[120.41043,22.68827],[120.4109,22.68808],[120.41122,22.68845]],[[120.41067,22.68754],[120.41048,22.68729],[120.41073,22.68734],[120.41067,22.68754]],[[120.41229,22.68753],[120.41133,22.68849],[120.41093,22.68808],[120.41144,22.68728],[120.4121,22.68739],[120.41223,22.68701],[120.41229,22.68753]],[[120.41267,22.6871],[120.41247,22.6869],[120.41271,22.68679],[120.41267,22.6871]],[[120.41682,22.68626],[120.41723,22.68627],[120.41677,22.68632],[120.41682,22.68626]],[[120.41502,22.686],[120.41411,22.68767],[120.41109,22.68932],[120.41091,22.68874],[120.41361,22.68723],[120.41479,22.68568],[120.41502,22.686]],[[120.40815,22.68179],[120.40786,22.68218],[120.40775,22.68247],[120.40776,22.68215],[120.40815,22.68179]],[[120.40896,22.68101],[120.40875,22.68153],[120.4084,22.68166],[120.40838,22.68163],[120.40865,22.68145],[120.40896,22.68101]],[[120.4089,22.6804],[120.40878,22.68019],[120.40878,22.68014],[120.4089,22.6804]],[[120.41012,22.68025],[120.40999,22.67992],[120.40932,22.67998],[120.41017,22.67962],[120.41012,22.68025]],[[120.40899,22.67815],[120.40921,22.67802],[120.40902,22.67818],[120.40899,22.67815]],[[120.41116,22.67803],[120.4112,22.67941],[120.41021,22.67956],[120.40917,22.68005],[120.40869,22.68001],[120.40852,22.67951],[120.40913,22.67904],[120.41011,22.67801],[120.41069,22.6777],[120.41116,22.67803]],[[120.41001,22.67807],[120.40913,22.679],[120.40844,22.67948],[120.40822,22.67893],[120.40941,22.67793],[120.40968,22.67814],[120.40978,22.67762],[120.41001,22.67807]],[[120.40875,22.68028],[120.40906,22.68088],[120.40894,22.68099],[120.40843,22.68019],[120.40796,22.68035],[120.40871,22.68129],[120.40768,22.6822],[120.40723,22.68059],[120.40573,22.68217],[120.40534,22.68184],[120.40499,22.68237],[120.40466,22.68207],[120.40401,22.68245],[120.4048,22.68147],[120.40479,22.67936],[120.40541,22.67797],[120.40681,22.67804],[120.40756,22.67734],[120.40875,22.68028]],[[120.42381,22.67546],[120.42312,22.67576],[120.42285,22.67524],[120.42378,22.67493],[120.42381,22.67546]],[[120.42693,22.67528],[120.42719,22.67595],[120.42627,22.67672],[120.42578,22.67637],[120.42602,22.67545],[120.42694,22.6749],[120.42685,22.67509],[120.42693,22.67528]],[[120.42753,22.67484],[120.42754,22.67519],[120.42705,22.67539],[120.42695,22.67493],[120.42753,22.67484]],[[120.40624,22.67383],[120.40743,22.6738],[120.40715,22.67443],[120.40659,22.67466],[120.40757,22.67731],[120.40624,22.67383]],[[120.40847,22.67366],[120.40879,22.67396],[120.40841,22.67377],[120.40847,22.67366]],[[120.42363,22.67287],[120.42328,22.67438],[120.42366,22.6749],[120.42286,22.67505],[120.42311,22.67473],[120.42231,22.67446],[120.42251,22.67362],[120.42314,22.67391],[120.42363,22.67287]],[[120.42397,22.67276],[120.42399,22.67347],[120.42479,22.67396],[120.42399,22.67448],[120.42433,22.67474],[120.42389,22.67521],[120.42381,22.67493],[120.42345,22.67444],[120.42397,22.67276]],[[120.40964,22.67235],[120.40976,22.67356],[120.40916,22.67397],[120.40831,22.67312],[120.40886,22.673],[120.40964,22.67235]],[[120.4244,22.67239],[120.42474,22.67255],[120.42459,22.67267],[120.4244,22.67239]],[[120.41161,22.67219],[120.41089,22.67229],[120.41062,22.67191],[120.41115,22.67184],[120.41133,22.67177],[120.41161,22.67219]],[[120.41183,22.67106],[120.41244,22.67164],[120.41182,22.67241],[120.41135,22.67176],[120.41164,22.67155],[120.41183,22.67106]],[[120.41028,22.67078],[120.41097,22.67097],[120.41096,22.67141],[120.41103,22.67162],[120.411,22.67171],[120.41105,22.67162],[120.411,22.67097],[120.41172,22.67129],[120.41134,22.67173],[120.41053,22.67189],[120.40986,22.6714],[120.41028,22.67078]],[[120.4094,22.66861],[120.41002,22.66979],[120.41066,22.66919],[120.41078,22.67051],[120.40945,22.67049],[120.4102,22.67074],[120.40905,22.671],[120.40825,22.67244],[120.40883,22.67243],[120.40883,22.67289],[120.40828,22.6731],[120.40813,22.67333],[120.40764,22.67346],[120.40757,22.67371],[120.40656,22.67364],[120.40741,22.67248],[120.40809,22.67246],[120.4078,22.67213],[120.40836,22.67096],[120.40798,22.67083],[120.40881,22.66898],[120.4095,22.66891],[120.4093,22.66842],[120.40922,22.66764],[120.4094,22.66861]],[[120.4096,22.66887],[120.40923,22.66743],[120.4071,22.66794],[120.40692,22.6674],[120.40657,22.66752],[120.4062,22.66712],[120.40622,22.66578],[120.40545,22.66667],[120.40605,22.66471],[120.40683,22.66426],[120.40671,22.66313],[120.40769,22.66332],[120.40861,22.66297],[120.40982,22.664],[120.41069,22.66307],[120.41043,22.66413],[120.41079,22.66316],[120.41149,22.66359],[120.41173,22.66241],[120.41275,22.66267],[120.41277,22.66319],[120.41159,22.66361],[120.40993,22.66597],[120.41039,22.66704],[120.40947,22.66707],[120.41096,22.66783],[120.4096,22.66887]],[[120.41103,22.66678],[120.41125,22.66702],[120.41111,22.66703],[120.41103,22.66678]],[[120.42275,22.66634],[120.42336,22.66601],[120.42337,22.66637],[120.42275,22.66634]],[[120.42521,22.66432],[120.42486,22.66482],[120.42471,22.66457],[120.42521,22.66432]],[[120.42414,22.66411],[120.42444,22.66507],[120.42336,22.66522],[120.42267,22.66591],[120.42246,22.66659],[120.42176,22.66633],[120.4218,22.6649],[120.42287,22.66418],[120.42414,22.66411]],[[120.40784,22.6624],[120.40819,22.66302],[120.40768,22.66326],[120.40784,22.6624]],[[120.40321,22.65197],[120.40275,22.65252],[120.40262,22.65213],[120.40321,22.65197]],[[120.40661,22.64896],[120.406,22.64953],[120.40608,22.6489],[120.40528,22.64862],[120.40638,22.64813],[120.40661,22.64896]]],[[[120.42351,22.73333],[120.42345,22.73326],[120.42348,22.73335],[120.42351,22.73333]]],[[[120.43371,22.70343],[120.43391,22.70335],[120.43367,22.70336],[120.43371,22.70343]]],[[[120.41775,22.70526],[120.41764,22.7054],[120.41777,22.70548],[120.41775,22.70526]]],[[[120.43616,22.70678],[120.43582,22.70673],[120.43607,22.70691],[120.43616,22.70678]]],[[[120.41588,22.70675],[120.41593,22.70725],[120.41617,22.70679],[120.41588,22.70675]]],[[[120.43759,22.70781],[120.4368,22.70708],[120.43657,22.70728],[120.43673,22.70763],[120.43759,22.70781]]],[[[120.4378,22.71079],[120.43765,22.71068],[120.43763,22.71076],[120.4378,22.71079]]],[[[120.43754,22.71276],[120.43777,22.71241],[120.43746,22.71249],[120.43754,22.71276]]],[[[120.42278,22.73239],[120.42324,22.73278],[120.42326,22.73275],[120.42278,22.73239]]],[[[120.43802,22.70882],[120.43793,22.70857],[120.43778,22.70823],[120.4379,22.7088],[120.43802,22.70882]]],[[[120.43808,22.71071],[120.4385,22.71101],[120.43871,22.71094],[120.43855,22.7106],[120.43808,22.71071]]],[[[120.43874,22.71102],[120.43818,22.71167],[120.43847,22.71255],[120.43857,22.71339],[120.43927,22.71332],[120.43886,22.71331],[120.43828,22.71171],[120.43874,22.71102]]],[[[120.43783,22.71093],[120.43736,22.71098],[120.43766,22.71183],[120.43761,22.71195],[120.43784,22.71255],[120.43784,22.71287],[120.43823,22.71292],[120.43778,22.7137],[120.43852,22.71329],[120.43783,22.71093]]],[[[120.43854,22.71338],[120.43778,22.7139],[120.43788,22.71417],[120.43803,22.71435],[120.43858,22.71406],[120.43854,22.71338]]],[[[120.44655,22.71523],[120.44694,22.71587],[120.44645,22.71612],[120.44697,22.71616],[120.44699,22.71524],[120.44655,22.71523]]],[[[120.4474,22.71813],[120.44763,22.71782],[120.44744,22.71779],[120.4474,22.71813]]],[[[120.44382,22.71825],[120.44361,22.71958],[120.44407,22.71966],[120.44382,22.71825]]],[[[120.44411,22.71807],[120.4442,22.71962],[120.44492,22.7201],[120.44578,22.71967],[120.4451,22.72208],[120.44608,22.72225],[120.44526,22.7252],[120.44467,22.72509],[120.44578,22.72593],[120.44516,22.7273],[120.44512,22.7277],[120.44581,22.72683],[120.44562,22.72754],[120.44649,22.72759],[120.4462,22.72848],[120.44733,22.7288],[120.44674,22.72923],[120.44756,22.72925],[120.4468,22.72954],[120.44796,22.72939],[120.44845,22.72981],[120.4484,22.72788],[120.44903,22.72705],[120.4485,22.72346],[120.44857,22.7194],[120.44806,22.71914],[120.44856,22.71854],[120.44719,22.71815],[120.44698,22.71846],[120.44689,22.71806],[120.44582,22.71786],[120.44411,22.71807]]],[[[120.44537,22.72954],[120.44531,22.72888],[120.44525,22.7289],[120.44537,22.72954]]],[[[120.44594,22.72965],[120.4457,22.73064],[120.4463,22.73075],[120.44594,22.72965]]],[[[120.44774,22.72995],[120.4481,22.73107],[120.44848,22.73098],[120.44845,22.72986],[120.44774,22.72995]]],[[[120.44624,22.73125],[120.4457,22.73092],[120.44568,22.73129],[120.44624,22.73125]]],[[[120.44834,22.7314],[120.44821,22.73142],[120.44828,22.73163],[120.44834,22.7314]]],[[[120.44568,22.73148],[120.4463,22.73199],[120.44625,22.73141],[120.44568,22.73148]]],[[[120.44572,22.7323],[120.44593,22.73356],[120.44687,22.73328],[120.44638,22.73216],[120.44572,22.7323]]],[[[120.44848,22.73105],[120.44801,22.73389],[120.44722,22.73426],[120.44825,22.74241],[120.44648,22.74274],[120.4471,22.74272],[120.44855,22.74908],[120.45074,22.74075],[120.44904,22.7365],[120.44848,22.73105]],[[120.44747,22.74389],[120.4475,22.74388],[120.44753,22.74429],[120.44747,22.74389]],[[120.44781,22.73416],[120.44772,22.73511],[120.44838,22.7357],[120.44838,22.73911],[120.44791,22.73898],[120.44739,22.73429],[120.44781,22.73416]]],[[[120.4475,22.74992],[120.44773,22.75138],[120.44841,22.75137],[120.44786,22.75105],[120.44822,22.75105],[120.44848,22.7501],[120.4475,22.74992]]],[[[120.44775,22.75151],[120.4477,22.75177],[120.4478,22.75182],[120.44775,22.75151]]]]}},{"type":"Feature","properties":{"zone":"山坡地保育區","town":"大樹區"},"geometry":{"type":"MultiPolygon","coordinates":[[[[120.42851,22.6729],[120.4279,22.67537],[120.42748,22.6753],[120.42713,22.67612],[120.42446,22.67853],[120.42624,22.67779],[120.42647,22.6773],[120.42738,22.67662],[120.42812,22.67552],[120.42879,22.6763],[120.42925,22.67583],[120.42934,22.67711],[120.42835,22.67715],[120.42852,22.67786],[120.42786,22.67823],[120.42835,22.67899],[120.42756,22.67959],[120.42799,22.67948],[120.42835,22.67909],[120.42841,22.67876],[120.43033,22.68177],[120.42987,22.68192],[120.42899,22.68067],[120.42984,22.68195],[120.42853,22.68202],[120.42823,22.68247],[120.42732,22.68214],[120.42659,22.68263],[120.42553,22.68227],[120.42402,22.68322],[120.42175,22.68334],[120.42143,22.68392],[120.42002,22.68441],[120.42019,22.68352],[120.41961,22.68288],[120.41854,22.68313],[120.41818,22.68247],[120.41836,22.68125],[120.42031,22.68116],[120.42065,22.68201],[120.42024,22.68028],[120.41972,22.68008],[120.41931,22.68113],[120.4186,22.6811],[120.41813,22.68137],[120.41795,22.68373],[120.41649,22.68474],[120.41708,22.68531],[120.41768,22.68553],[120.41797,22.68517],[120.41849,22.68558],[120.41803,22.68621],[120.41617,22.68531],[120.41592,22.68525],[120.42102,22.68764],[120.42478,22.6872],[120.42447,22.68565],[120.42483,22.68622],[120.42549,22.68538],[120.42682,22.6852],[120.4265,22.68483],[120.42708,22.68431],[120.42793,22.68435],[120.42792,22.68366],[120.42974,22.6836],[120.43068,22.68452],[120.43169,22.68412],[120.4321,22.6835],[120.43122,22.68243],[120.43079,22.67916],[120.42851,22.6729]],[[120.42806,22.6755],[120.42763,22.67614],[120.42739,22.67605],[120.42745,22.67543],[120.42806,22.6755]],[[120.42861,22.67528],[120.4281,22.67534],[120.4284,22.67511],[120.42861,22.67528]]],[[[120.416,22.68493],[120.41616,22.68527],[120.41633,22.6849],[120.416,22.68493]]],[[[120.41527,22.6866],[120.41592,22.68636],[120.41484,22.68649],[120.41527,22.6866]]],[[[120.42954,22.7346],[120.42859,22.73392],[120.42858,22.73349],[120.42727,22.73344],[120.42596,22.73474],[120.42653,22.73639],[120.4282,22.73594],[120.42954,22.7346]]],[[[120.44777,22.75197],[120.44841,22.75175],[120.44848,22.7507],[120.44839,22.75174],[120.44773,22.7518],[120.44784,22.75331],[120.44786,22.75346],[120.44793,22.75361],[120.44777,22.75197]]],[[[120.44814,22.75469],[120.44811,22.75539],[120.44827,22.75452],[120.44814,22.75469]]],[[[120.43903,22.7356],[120.4388,22.73691],[120.43844,22.73634],[120.43756,22.73757],[120.43566,22.73764],[120.43442,22.7413],[120.43363,22.7422],[120.43269,22.74294],[120.43161,22.74306],[120.43171,22.74362],[120.43036,22.74402],[120.42947,22.74368],[120.42775,22.74182],[120.42778,22.74043],[120.42682,22.73874],[120.42572,22.73921],[120.42681,22.73872],[120.42654,22.7365],[120.42479,22.73756],[120.42472,22.7378],[120.42528,22.73844],[120.42485,22.73904],[120.42513,22.7398],[120.42462,22.7407],[120.42473,22.7424],[120.42418,22.7433],[120.42461,22.74374],[120.42441,22.74526],[120.42402,22.74579],[120.4225,22.74572],[120.41996,22.7481],[120.41909,22.74831],[120.4191,22.74918],[120.41851,22.7497],[120.41971,22.75074],[120.4199,22.75332],[120.41645,22.75326],[120.41448,22.75189],[120.41371,22.75263],[120.41294,22.75256],[120.41248,22.75337],[120.41112,22.75372],[120.41177,22.75555],[120.41167,22.75645],[120.41107,22.75699],[120.41181,22.75843],[120.4132,22.75974],[120.41355,22.76121],[120.41412,22.76131],[120.41741,22.7652],[120.41734,22.76601],[120.41602,22.76662],[120.41597,22.7685],[120.41636,22.76978],[120.41746,22.77052],[120.41828,22.77188],[120.41912,22.77487],[120.4209,22.774],[120.42164,22.77423],[120.42222,22.77547],[120.42332,22.77482],[120.4246,22.77494],[120.42602,22.77583],[120.42589,22.77655],[120.42642,22.77727],[120.4285,22.77769],[120.43151,22.77378],[120.42995,22.77296],[120.4283,22.773],[120.4277,22.7726],[120.42806,22.77233],[120.42991,22.7729],[120.43034,22.77239],[120.43111,22.77244],[120.43352,22.77311],[120.4352,22.77211],[120.4362,22.77224],[120.43675,22.77156],[120.43774,22.77181],[120.43828,22.77253],[120.43938,22.77203],[120.44029,22.77234],[120.44043,22.77131],[120.44129,22.77106],[120.44674,22.77253],[120.44683,22.7716],[120.44711,22.77198],[120.44786,22.77067],[120.44886,22.77019],[120.44901,22.7706],[120.44895,22.77002],[120.4492,22.77049],[120.44732,22.76264],[120.44791,22.75582],[120.44698,22.75745],[120.44531,22.758],[120.44503,22.75837],[120.44543,22.7585],[120.44484,22.75902],[120.44413,22.75797],[120.44585,22.75741],[120.44599,22.75625],[120.44436,22.75707],[120.44335,22.75838],[120.43961,22.7586],[120.43771,22.75814],[120.43593,22.75914],[120.43502,22.75888],[120.4351,22.7588],[120.43446,22.75866],[120.43426,22.75854],[120.43416,22.75842],[120.43446,22.75863],[120.43446,22.75811],[120.43512,22.75823],[120.43531,22.758],[120.43609,22.75783],[120.43621,22.75767],[120.43647,22.75753],[120.43668,22.75754],[120.43676,22.75612],[120.43864,22.75647],[120.44252,22.75503],[120.44283,22.75447],[120.44449,22.75432],[120.44413,22.75374],[120.44326,22.75377],[120.44294,22.75292],[120.44774,22.75324],[120.44738,22.75024],[120.44633,22.74718],[120.44475,22.74815],[120.44489,22.74755],[120.44422,22.74777],[120.44426,22.74737],[120.44602,22.74686],[120.445,22.74363],[120.44646,22.74286],[120.44466,22.74338],[120.44439,22.74123],[120.44314,22.73896],[120.44346,22.73587],[120.443,22.73569],[120.44264,22.73649],[120.44047,22.73659],[120.44095,22.73766],[120.44025,22.73767],[120.43968,22.73712],[120.44036,22.73561],[120.43903,22.7356]],[[120.44004,22.77159],[120.44003,22.77206],[120.43973,22.77201],[120.44004,22.77159]],[[120.44272,22.75966],[120.44239,22.75972],[120.44239,22.7595],[120.44245,22.75947],[120.44272,22.75966]],[[120.43932,22.75901],[120.4403,22.75942],[120.43917,22.75936],[120.43932,22.75901]],[[120.43709,22.7585],[120.43888,22.75859],[120.43919,22.7589],[120.43793,22.75977],[120.43711,22.75918],[120.43709,22.7585]],[[120.44657,22.75273],[120.44644,22.75307],[120.44654,22.75272],[120.44657,22.75273]],[[120.44401,22.74839],[120.44435,22.74861],[120.44389,22.74863],[120.44401,22.74839]],[[120.42484,22.73778],[120.42483,22.73773],[120.42487,22.73766],[120.42484,22.73778]]],[[[120.43589,22.75824],[120.43673,22.75766],[120.43669,22.75756],[120.43624,22.75768],[120.43589,22.75824]]],[[[120.43781,22.75932],[120.43773,22.75919],[120.43769,22.75926],[120.43781,22.75932]]],[[[120.43768,22.75948],[120.4375,22.75908],[120.43738,22.75924],[120.43768,22.75948]]]]}},{"type":"Feature","properties":{"zone":"河川區","town":"大樹區"},"geometry":{"type":"MultiPolygon","coordinates":[[[[120.44068,22.6946],[120.44142,22.69633],[120.44102,22.69644],[120.44139,22.69657],[120.4413,22.69724],[120.44166,22.69724],[120.4414,22.69785],[120.44193,22.69802],[120.44146,22.69827],[120.44233,22.69795],[120.44304,22.699],[120.44308,22.70047],[120.44207,22.70039],[120.44308,22.70382],[120.44265,22.70395],[120.4432,22.70405],[120.44434,22.70754],[120.44359,22.70394],[120.44387,22.70146],[120.44342,22.6993],[120.44068,22.6946]]],[[[120.44436,22.70758],[120.44585,22.71246],[120.44625,22.71247],[120.44582,22.71079],[120.44436,22.70758]]],[[[120.44597,22.71266],[120.44594,22.71276],[120.44629,22.71267],[120.44597,22.71266]]],[[[120.4468,22.71487],[120.44655,22.71523],[120.44699,22.71524],[120.4468,22.71487]]],[[[120.44696,22.71588],[120.44734,22.71598],[120.44722,22.71574],[120.44696,22.71588]]],[[[120.44834,22.71755],[120.44817,22.71824],[120.44689,22.71806],[120.44689,22.71815],[120.44856,22.71854],[120.44806,22.71914],[120.44857,22.7194],[120.44863,22.71831],[120.44834,22.71755]]],[[[120.44728,22.75997],[120.44737,22.75951],[120.44728,22.75981],[120.44728,22.75997]]]]}},{"type":"Feature","properties":{"zone":"特定專用區","town":"大樹區"},"geometry":{"type":"MultiPolygon","coordinates":[[[[120.40845,22.66097],[120.41099,22.66219],[120.41262,22.65991],[120.41337,22.65811],[120.41337,22.65632],[120.41192,22.65658],[120.41187,22.65626],[120.41201,22.65734],[120.41141,22.65804],[120.41046,22.65737],[120.40947,22.65802],[120.4085,22.65978],[120.40845,22.66097]]],[[[120.40624,22.67383],[120.40686,22.67557],[120.40757,22.67731],[120.40624,22.67383]]],[[[120.40756,22.67734],[120.40681,22.67804],[120.40515,22.67823],[120.40485,22.68128],[120.40401,22.68245],[120.40466,22.68207],[120.40499,22.68237],[120.40534,22.68184],[120.40573,22.68217],[120.4067,22.68079],[120.4086,22.68013],[120.40756,22.67734]]],[[[120.42141,22.69654],[120.42081,22.69729],[120.42108,22.69756],[120.42201,22.69673],[120.42141,22.69654]]],[[[120.42832,22.69832],[120.42834,22.69831],[120.42832,22.69831],[120.42832,22.69832]]],[[[120.42037,22.69953],[120.42033,22.69975],[120.42046,22.69957],[120.42037,22.69953]]],[[[120.42688,22.69684],[120.42571,22.69712],[120.4234,22.6989],[120.42312,22.69832],[120.42264,22.69857],[120.42189,22.69713],[120.42116,22.69782],[120.4211,22.69922],[120.42056,22.69925],[120.4212,22.70023],[120.42056,22.70156],[120.42115,22.70224],[120.42083,22.70466],[120.42206,22.70502],[120.42373,22.7071],[120.42432,22.70678],[120.42589,22.70804],[120.42842,22.70683],[120.43081,22.70425],[120.43395,22.70291],[120.43329,22.70023],[120.43199,22.70062],[120.43141,22.70016],[120.43181,22.7008],[120.43148,22.701],[120.43054,22.70013],[120.43004,22.70037],[120.42983,22.69956],[120.42882,22.69921],[120.4288,22.6988],[120.42808,22.69811],[120.42782,22.69731],[120.42688,22.69684]]],[[[120.41551,22.70606],[120.4151,22.7073],[120.41377,22.70757],[120.41366,22.70682],[120.41253,22.70826],[120.41294,22.70903],[120.41221,22.71069],[120.41284,22.71169],[120.41226,22.71218],[120.41225,22.71295],[120.41304,22.7125],[120.41405,22.71337],[120.41374,22.71408],[120.41352,22.7141],[120.41381,22.71338],[120.413,22.71256],[120.41206,22.71346],[120.41233,22.71606],[120.4127,22.71598],[120.41204,22.71721],[120.41251,22.71741],[120.4125,22.71896],[120.41189,22.7193],[120.41245,22.72013],[120.41337,22.7194],[120.41341,22.7198],[120.41344,22.71939],[120.41649,22.71947],[120.41618,22.71778],[120.41674,22.71568],[120.41641,22.71358],[120.41743,22.71103],[120.41605,22.71058],[120.41662,22.70859],[120.41594,22.70761],[120.41616,22.70686],[120.41593,22.70725],[120.41572,22.70712],[120.41602,22.70597],[120.41551,22.70606]]],[[[120.42386,22.72989],[120.42183,22.72995],[120.42162,22.73048],[120.42247,22.73074],[120.42265,22.73253],[120.42394,22.73431],[120.4253,22.73376],[120.42508,22.73323],[120.42405,22.73291],[120.42459,22.73274],[120.42386,22.72989]],[[120.42348,22.73335],[120.42345,22.73307],[120.42349,22.73307],[120.42348,22.73335]],[[120.42326,22.73275],[120.42299,22.73259],[120.42278,22.73239],[120.42326,22.73275]]],[[[120.4286,22.73391],[120.42864,22.73368],[120.42858,22.73383],[120.4286,22.73391]]],[[[120.42603,22.73688],[120.42498,22.73754],[120.42558,22.73721],[120.42603,22.73688]]],[[[120.42483,22.73773],[120.42484,22.73778],[120.42487,22.73766],[120.42483,22.73773]]],[[[120.43793,22.69084],[120.43588,22.69098],[120.43603,22.69305],[120.4382,22.69284],[120.43957,22.69437],[120.43943,22.69393],[120.44011,22.69386],[120.43793,22.69084]],[[120.43617,22.69289],[120.4361,22.69286],[120.43607,22.69282],[120.43617,22.69289]],[[120.43809,22.69277],[120.43805,22.69278],[120.43637,22.69288],[120.43809,22.69277]]],[[[120.43724,22.70888],[120.43764,22.70906],[120.43773,22.70885],[120.43724,22.70888]]],[[[120.44514,22.71586],[120.44428,22.71581],[120.44489,22.71613],[120.44433,22.71671],[120.44569,22.71684],[120.4458,22.71814],[120.4474,22.71813],[120.44744,22.71779],[120.44817,22.71824],[120.44819,22.71706],[120.44734,22.71598],[120.44645,22.71612],[120.44694,22.71587],[120.4465,22.7156],[120.44658,22.71486],[120.44505,22.71518],[120.44514,22.71586]]],[[[120.44419,22.71679],[120.44354,22.71652],[120.44354,22.7166],[120.44419,22.71679]]],[[[120.43861,22.7311],[120.43601,22.73133],[120.4335,22.7329],[120.43227,22.73274],[120.43244,22.73346],[120.43166,22.73258],[120.42952,22.73412],[120.42896,22.73391],[120.42879,22.73391],[120.4295,22.73413],[120.42954,22.7346],[120.4279,22.73614],[120.42653,22.73639],[120.42635,22.73662],[120.42681,22.73872],[120.42633,22.73885],[120.42572,22.73921],[120.42682,22.73874],[120.42778,22.74043],[120.42775,22.74182],[120.42947,22.74368],[120.43112,22.74385],[120.43171,22.74362],[120.43161,22.74306],[120.43303,22.74277],[120.43442,22.7413],[120.43566,22.73764],[120.43756,22.73757],[120.43844,22.73634],[120.4388,22.73691],[120.43894,22.73551],[120.44036,22.73561],[120.43968,22.73712],[120.44025,22.73767],[120.44095,22.73766],[120.44047,22.73659],[120.44264,22.73649],[120.443,22.73569],[120.44338,22.73574],[120.44357,22.73467],[120.444,22.73448],[120.44398,22.73207],[120.4431,22.73262],[120.44195,22.73201],[120.43885,22.73151],[120.43861,22.7311]]],[[[120.44432,22.74853],[120.44397,22.7487],[120.44435,22.74861],[120.44432,22.74853]]],[[[120.44784,22.75238],[120.44777,22.75184],[120.44787,22.75278],[120.44784,22.75238]]],[[[120.44864,22.75168],[120.44849,22.75295],[120.44849,22.75348],[120.44864,22.75168]]],[[[120.44657,22.75273],[120.44644,22.75307],[120.44655,22.75309],[120.44657,22.75273]]],[[[120.44634,22.74728],[120.44738,22.75024],[120.44774,22.75324],[120.44294,22.75292],[120.44326,22.75377],[120.44413,22.75374],[120.44449,22.75432],[120.44283,22.75447],[120.44252,22.75503],[120.43864,22.75647],[120.43676,22.75612],[120.43668,22.75754],[120.43647,22.75753],[120.43621,22.75767],[120.43609,22.75783],[120.43531,22.758],[120.43512,22.75823],[120.43446,22.75811],[120.43426,22.75854],[120.43593,22.75914],[120.43771,22.75814],[120.43961,22.7586],[120.44335,22.75838],[120.44436,22.75707],[120.44599,22.75625],[120.44585,22.75741],[120.44413,22.75797],[120.44484,22.75902],[120.44543,22.7585],[120.44503,22.75837],[120.44531,22.758],[120.44698,22.75745],[120.44819,22.75452],[120.44784,22.75331],[120.4475,22.75021],[120.44634,22.74728]],[[120.43672,22.75766],[120.43627,22.75773],[120.43598,22.75826],[120.43589,22.75824],[120.43624,22.75768],[120.43672,22.75766]]],[[[120.44786,22.75296],[120.44795,22.7536],[120.44787,22.75285],[120.44786,22.75296]]],[[[120.44827,22.75452],[120.44822,22.75427],[120.44819,22.75452],[120.44827,22.75452]]]]}},{"type":"Feature","properties":{"zone":"特定農業區","town":"大樹區"},"geometry":{"type":"MultiPolygon","coordinates":[[[[120.40233,22.64296],[120.40102,22.64347],[120.40151,22.64454],[120.40042,22.64538],[120.39947,22.64525],[120.40125,22.64644],[120.40166,22.6475],[120.40109,22.64964],[120.39944,22.65084],[120.4001,22.65155],[120.40062,22.651],[120.40191,22.65134],[120.40218,22.65195],[120.40314,22.65159],[120.4029,22.65066],[120.40377,22.65063],[120.40422,22.65305],[120.40507,22.65347],[120.4054,22.65289],[120.40592,22.65295],[120.40563,22.65202],[120.40533,22.65221],[120.40507,22.65151],[120.40458,22.65132],[120.40453,22.6512],[120.40511,22.64853],[120.40598,22.64775],[120.40594,22.64732],[120.40568,22.64745],[120.40542,22.64752],[120.40541,22.64749],[120.40596,22.64729],[120.40688,22.64725],[120.40705,22.64918],[120.40636,22.64978],[120.40623,22.6508],[120.40651,22.65197],[120.40698,22.65203],[120.40724,22.6506],[120.40761,22.65019],[120.40728,22.65104],[120.40871,22.64984],[120.40861,22.64856],[120.40988,22.64839],[120.40996,22.64629],[120.40855,22.64473],[120.40847,22.64405],[120.4067,22.64418],[120.40233,22.64296]]],[[[120.40638,22.64813],[120.40528,22.64862],[120.40608,22.6489],[120.40623,22.64954],[120.40661,22.64896],[120.40638,22.64813]]],[[[120.40262,22.65213],[120.40316,22.6524],[120.40321,22.65197],[120.40262,22.65213]]],[[[120.43687,22.69091],[120.43593,22.69098],[120.43702,22.69099],[120.43687,22.69091]]],[[[120.43805,22.69278],[120.43809,22.69277],[120.43637,22.69288],[120.43805,22.69278]]],[[[120.43607,22.69282],[120.4361,22.69286],[120.43617,22.69289],[120.43607,22.69282]]],[[[120.44172,22.69665],[120.442,22.69671],[120.44192,22.69656],[120.44172,22.69665]]],[[[120.43813,22.69312],[120.43891,22.69902],[120.43351,22.69964],[120.43327,22.70124],[120.43395,22.70291],[120.43397,22.70402],[120.43412,22.70447],[120.43412,22.70475],[120.43422,22.70502],[120.43529,22.7062],[120.43616,22.70678],[120.43565,22.70686],[120.43596,22.70721],[120.43545,22.70758],[120.43543,22.7083],[120.4351,22.70782],[120.43461,22.70801],[120.43555,22.7106],[120.43528,22.71157],[120.43566,22.71281],[120.43743,22.71249],[120.43776,22.71373],[120.43863,22.71352],[120.43858,22.71406],[120.43644,22.71504],[120.43751,22.71686],[120.4382,22.71653],[120.43908,22.71714],[120.43869,22.71777],[120.43855,22.71843],[120.43737,22.71944],[120.43451,22.71976],[120.43061,22.7218],[120.43018,22.72251],[120.43279,22.72362],[120.43535,22.72192],[120.43581,22.72074],[120.43697,22.71993],[120.43748,22.7202],[120.43693,22.72164],[120.43878,22.72108],[120.43963,22.72221],[120.44082,22.72238],[120.44199,22.72667],[120.4437,22.72747],[120.44336,22.7287],[120.44361,22.73093],[120.44372,22.7294],[120.44509,22.72877],[120.44521,22.72954],[120.44576,22.72964],[120.44557,22.73131],[120.44571,22.73226],[120.44551,22.73258],[120.44578,22.73414],[120.44357,22.73467],[120.44308,22.73744],[120.44314,22.73896],[120.44439,22.74123],[120.44466,22.74338],[120.44581,22.74292],[120.44572,22.74217],[120.44614,22.74196],[120.44646,22.74286],[120.445,22.74363],[120.44621,22.74724],[120.44729,22.74567],[120.447,22.74457],[120.44734,22.74586],[120.4475,22.74489],[120.4471,22.74272],[120.44652,22.74286],[120.44577,22.74102],[120.44533,22.74117],[120.44569,22.7408],[120.44511,22.73954],[120.44566,22.74049],[120.44674,22.73988],[120.44672,22.73897],[120.44727,22.74213],[120.44824,22.74206],[120.44733,22.73417],[120.44632,22.73414],[120.4464,22.73358],[120.44593,22.73356],[120.44569,22.73039],[120.44594,22.72965],[120.44641,22.73063],[120.44707,22.73055],[120.44676,22.72934],[120.44756,22.72925],[120.44674,22.72923],[120.44733,22.7288],[120.4462,22.72848],[120.44649,22.72759],[120.44562,22.72754],[120.44581,22.72683],[120.44512,22.7277],[120.44578,22.72593],[120.44467,22.72509],[120.44526,22.7252],[120.44609,22.72242],[120.4451,22.72208],[120.44578,22.71967],[120.44492,22.7201],[120.4442,22.71962],[120.44392,22.71812],[120.44589,22.71767],[120.44569,22.71684],[120.44433,22.71671],[120.44489,22.71613],[120.44426,22.71611],[120.44432,22.71402],[120.44542,22.71401],[120.44432,22.71399],[120.44434,22.71386],[120.44423,22.71352],[120.44561,22.71344],[120.44556,22.7152],[120.44609,22.71521],[120.44566,22.71486],[120.4468,22.71487],[120.44625,22.71247],[120.44585,22.71246],[120.4432,22.70405],[120.44265,22.70395],[120.44308,22.70382],[120.44207,22.70039],[120.44308,22.70047],[120.44304,22.699],[120.44233,22.69795],[120.44146,22.69827],[120.44193,22.69802],[120.4414,22.69785],[120.44166,22.69724],[120.44102,22.69644],[120.44142,22.69633],[120.44011,22.69386],[120.43943,22.69393],[120.43954,22.69436],[120.43809,22.6928],[120.43603,22.69303],[120.43813,22.69312]],[[120.44568,22.72951],[120.44525,22.7289],[120.44531,22.72888],[120.44568,22.72951]],[[120.44594,22.71276],[120.44591,22.71264],[120.44629,22.71267],[120.44594,22.71276]],[[120.44286,22.71719],[120.44343,22.71817],[120.43973,22.71938],[120.44042,22.71896],[120.44083,22.7174],[120.44271,22.71752],[120.44286,22.71719]],[[120.439,22.71767],[120.43902,22.71801],[120.43889,22.71827],[120.43867,22.71794],[120.439,22.71767]],[[120.44314,22.71752],[120.44375,22.71768],[120.44382,22.71813],[120.44314,22.71752]],[[120.43879,22.71851],[120.43867,22.71823],[120.43902,22.71837],[120.43879,22.71851]],[[120.44355,22.71837],[120.44399,22.7191],[120.44407,22.71966],[120.44361,22.71958],[120.44355,22.71837]],[[120.43909,22.71842],[120.43866,22.71867],[120.43866,22.71857],[120.43909,22.71842]],[[120.43928,22.71672],[120.4391,22.71716],[120.43906,22.71682],[120.43928,22.71672]],[[120.44419,22.71679],[120.44354,22.71652],[120.44426,22.71652],[120.44419,22.71679]],[[120.4461,22.71359],[120.44622,22.71451],[120.44569,22.71448],[120.44565,22.71349],[120.4461,22.71359]],[[120.44428,22.71378],[120.44423,22.71581],[120.44347,22.71583],[120.44352,22.71347],[120.44428,22.71378]],[[120.43777,22.71241],[120.43754,22.71276],[120.43746,22.71249],[120.43777,22.71241]],[[120.43872,22.71096],[120.43859,22.71271],[120.43927,22.71332],[120.43867,22.71348],[120.43819,22.71127],[120.43872,22.71096]],[[120.43784,22.71135],[120.43852,22.71329],[120.43778,22.7137],[120.43823,22.71292],[120.43784,22.71287],[120.43784,22.71255],[120.43761,22.71195],[120.43766,22.71183],[120.43736,22.71098],[120.43803,22.71093],[120.43817,22.71136],[120.43784,22.71135]],[[120.43763,22.71076],[120.43782,22.71072],[120.4378,22.71079],[120.43763,22.71076]],[[120.43855,22.7106],[120.43817,22.71124],[120.43808,22.71071],[120.43855,22.7106]],[[120.43764,22.70906],[120.43724,22.70888],[120.43773,22.70885],[120.43764,22.70906]],[[120.43778,22.70823],[120.43793,22.70869],[120.43802,22.70882],[120.4379,22.7088],[120.43778,22.70823]],[[120.43762,22.70779],[120.43673,22.70763],[120.43657,22.70728],[120.4368,22.70708],[120.43762,22.70779]],[[120.43461,22.70442],[120.43445,22.70521],[120.43417,22.70453],[120.43461,22.70442]],[[120.43405,22.70374],[120.43419,22.70449],[120.43402,22.70401],[120.43405,22.70374]],[[120.44132,22.69847],[120.44119,22.69914],[120.44093,22.69897],[120.44132,22.69847]],[[120.441,22.69648],[120.44138,22.69782],[120.44112,22.69785],[120.44094,22.69791],[120.44138,22.69784],[120.44133,22.69843],[120.44091,22.69892],[120.44063,22.69853],[120.44015,22.69882],[120.43992,22.69681],[120.441,22.69648]]],[[[120.44003,22.77206],[120.44034,22.77153],[120.43973,22.77201],[120.44003,22.77206]]],[[[120.44919,22.7705],[120.44895,22.77002],[120.44901,22.7706],[120.44886,22.77019],[120.44786,22.77067],[120.44711,22.77198],[120.44683,22.7716],[120.44674,22.77253],[120.44129,22.77106],[120.44043,22.77131],[120.44029,22.77234],[120.43938,22.77203],[120.43828,22.77253],[120.43774,22.77181],[120.43675,22.77156],[120.4362,22.77224],[120.4352,22.77211],[120.43352,22.77311],[120.43111,22.77244],[120.43034,22.77239],[120.42991,22.7729],[120.4286,22.77228],[120.42769,22.77252],[120.42844,22.77304],[120.43087,22.77328],[120.43189,22.77428],[120.43408,22.77335],[120.43527,22.77388],[120.43921,22.77296],[120.4427,22.77331],[120.44401,22.7726],[120.44997,22.77287],[120.45011,22.77228],[120.44903,22.76986],[120.44919,22.7705]]],[[[120.44362,22.70394],[120.44359,22.70394],[120.44364,22.7041],[120.44362,22.70394]]],[[[120.44573,22.71063],[120.44567,22.7105],[120.44571,22.71063],[120.44573,22.71063]]],[[[120.44605,22.71151],[120.44597,22.7111],[120.44575,22.71079],[120.44605,22.71151]]],[[[120.44611,22.71179],[120.44612,22.712],[120.44622,22.71232],[120.44611,22.71179]]],[[[120.44409,22.73383],[120.44373,22.73435],[120.444,22.73448],[120.44409,22.73383]]],[[[120.44779,22.73445],[120.44739,22.73429],[120.44791,22.73898],[120.44838,22.73911],[120.44838,22.7357],[120.44772,22.73511],[120.44779,22.73445]]],[[[120.4475,22.74388],[120.44747,22.74389],[120.44753,22.74429],[120.4475,22.74388]]],[[[120.44704,22.74705],[120.44647,22.74782],[120.44765,22.75102],[120.4475,22.74992],[120.44848,22.7501],[120.44841,22.75175],[120.44833,22.75178],[120.4478,22.75183],[120.44819,22.75452],[120.44883,22.74839],[120.44855,22.74908],[120.44824,22.7473],[120.44704,22.74705]]],[[[120.4484,22.75114],[120.44845,22.7507],[120.44786,22.75105],[120.44786,22.75114],[120.4484,22.75114]]],[[[120.44775,22.75141],[120.4478,22.75182],[120.44839,22.75174],[120.44841,22.75137],[120.44775,22.75141]]]]}},{"type":"Feature","properties":{"zone":"鄉村區","town":"大樹區"},"geometry":{"type":"MultiPolygon","coordinates":[[[[120.41097,22.66219],[120.4103,22.66264],[120.41074,22.66295],[120.41097,22.66219]]],[[[120.40765,22.6632],[120.40832,22.66268],[120.40784,22.6624],[120.40765,22.6632]]],[[[120.41178,22.66266],[120.41149,22.66359],[120.41079,22.66316],[120.41043,22.66413],[120.41069,22.66307],[120.40982,22.664],[120.40861,22.66297],[120.40769,22.66332],[120.40671,22.66313],[120.40683,22.66426],[120.40605,22.66471],[120.40545,22.66667],[120.40622,22.66578],[120.40619,22.66591],[120.40626,22.66615],[120.4064,22.6662],[120.4062,22.66712],[120.40657,22.66752],[120.40692,22.6674],[120.4071,22.66794],[120.40923,22.66743],[120.40971,22.66892],[120.41096,22.66783],[120.40947,22.66707],[120.41039,22.66704],[120.40993,22.66597],[120.41159,22.66361],[120.41277,22.66319],[120.41275,22.66267],[120.41178,22.66266]],[[120.40619,22.66591],[120.40628,22.66559],[120.40718,22.66652],[120.40619,22.66591]],[[120.40689,22.66695],[120.40663,22.66705],[120.4067,22.66688],[120.40689,22.66695]],[[120.40647,22.66662],[120.40636,22.66675],[120.40643,22.6666],[120.40647,22.66662]],[[120.40726,22.66652],[120.408,22.66704],[120.40721,22.66662],[120.40726,22.66652]],[[120.40866,22.66367],[120.40876,22.66348],[120.40867,22.66368],[120.40866,22.66367]]],[[[120.41111,22.66703],[120.41122,22.66677],[120.41103,22.66678],[120.41111,22.66703]]],[[[120.40987,22.6697],[120.40922,22.66764],[120.40917,22.66766],[120.4093,22.66842],[120.4095,22.66891],[120.40881,22.66898],[120.40798,22.67083],[120.40836,22.67096],[120.4078,22.67213],[120.40809,22.67246],[120.40741,22.67248],[120.40656,22.67364],[120.40757,22.67371],[120.40764,22.67346],[120.40813,22.67333],[120.40828,22.6731],[120.40883,22.67289],[120.40883,22.67243],[120.40825,22.67244],[120.40905,22.671],[120.4102,22.67074],[120.4095,22.67064],[120.40945,22.67049],[120.41078,22.67051],[120.41066,22.66919],[120.41041,22.66982],[120.40987,22.6697]]],[[[120.40984,22.67123],[120.41111,22.67183],[120.41172,22.67129],[120.411,22.67097],[120.41105,22.67162],[120.411,22.67171],[120.41096,22.67109],[120.41101,22.6709],[120.41109,22.67084],[120.41107,22.67077],[120.41028,22.67078],[120.40984,22.67123]]],[[[120.41164,22.67155],[120.41135,22.67176],[120.41182,22.67241],[120.4124,22.67132],[120.41183,22.67106],[120.41164,22.67155]]],[[[120.41161,22.67219],[120.41062,22.67191],[120.41093,22.67232],[120.41161,22.67219]]],[[[120.40831,22.67312],[120.40923,22.67397],[120.40978,22.67351],[120.40964,22.67235],[120.40886,22.673],[120.40831,22.67312]]],[[[120.40866,22.67376],[120.40868,22.67393],[120.40887,22.67389],[120.40866,22.67376]]],[[[120.40649,22.67438],[120.407,22.67463],[120.40743,22.6738],[120.40657,22.67367],[120.40649,22.67438]]],[[[120.40902,22.67818],[120.40904,22.6779],[120.40899,22.67815],[120.40902,22.67818]]],[[[120.40978,22.67762],[120.40822,22.67893],[120.40844,22.67948],[120.40888,22.67911],[120.40913,22.679],[120.40933,22.67872],[120.40973,22.67831],[120.41008,22.67801],[120.41021,22.67794],[120.40978,22.67762]]],[[[120.41052,22.6777],[120.40916,22.67901],[120.40852,22.67951],[120.40869,22.68001],[120.40917,22.68005],[120.40965,22.67978],[120.41021,22.67956],[120.4112,22.67941],[120.41116,22.67803],[120.41052,22.6777]]],[[[120.41012,22.68031],[120.41017,22.67962],[120.40932,22.67998],[120.40999,22.67992],[120.41012,22.68031]]],[[[120.40878,22.68014],[120.40888,22.68041],[120.4089,22.6804],[120.40878,22.68014]]],[[[120.40843,22.68019],[120.40894,22.68099],[120.40906,22.68088],[120.40865,22.68012],[120.40843,22.68019]]],[[[120.40796,22.68035],[120.40722,22.68151],[120.40768,22.6822],[120.40821,22.68169],[120.40855,22.68151],[120.40871,22.68129],[120.40796,22.68035]]],[[[120.40865,22.68145],[120.40838,22.68163],[120.4084,22.68166],[120.40875,22.68153],[120.40918,22.68125],[120.40896,22.68101],[120.40865,22.68145]]],[[[120.40775,22.68247],[120.40825,22.6821],[120.40815,22.68179],[120.40776,22.68215],[120.40775,22.68247]]],[[[120.41271,22.68679],[120.41254,22.68729],[120.41272,22.68729],[120.41271,22.68679]]],[[[120.41048,22.68729],[120.41067,22.68754],[120.41073,22.68734],[120.41048,22.68729]]],[[[120.41223,22.68701],[120.41127,22.68743],[120.41093,22.68808],[120.41119,22.6883],[120.41124,22.68844],[120.41225,22.68771],[120.41223,22.68701]]],[[[120.41129,22.6885],[120.41043,22.68827],[120.4106,22.68869],[120.41129,22.6885]]],[[[120.41087,22.68873],[120.40932,22.68898],[120.40929,22.68944],[120.41107,22.68933],[120.41097,22.68915],[120.41103,22.68892],[120.41087,22.68873]]],[[[120.41114,22.69134],[120.41099,22.69196],[120.41186,22.69166],[120.41114,22.69134]]],[[[120.42521,22.66432],[120.42486,22.66482],[120.42536,22.66457],[120.42521,22.66432]]],[[[120.42403,22.66392],[120.4218,22.6649],[120.42169,22.66549],[120.42176,22.66633],[120.42239,22.66659],[120.42275,22.6658],[120.42336,22.66522],[120.42456,22.66491],[120.42403,22.66392]],[[120.42311,22.66452],[120.42312,22.6644],[120.42331,22.66438],[120.42311,22.66452]],[[120.42367,22.66423],[120.42378,22.6643],[120.42369,22.66431],[120.42367,22.66423]]],[[[120.42337,22.66637],[120.42336,22.66601],[120.42274,22.66608],[120.42275,22.66634],[120.42337,22.66637]]],[[[120.42474,22.67255],[120.4244,22.67239],[120.42459,22.67267],[120.42474,22.67255]]],[[[120.42388,22.67291],[120.42314,22.67391],[120.42251,22.67362],[120.42231,22.67446],[120.42311,22.67473],[120.42286,22.67505],[120.42366,22.6749],[120.42328,22.67438],[120.42388,22.67291]]],[[[120.42397,22.67276],[120.42345,22.67444],[120.42402,22.67523],[120.42433,22.67474],[120.42399,22.67448],[120.42479,22.67396],[120.42399,22.67347],[120.42397,22.67276]]],[[[120.42751,22.67458],[120.42705,22.67539],[120.42754,22.67519],[120.42751,22.67458]]],[[[120.4281,22.67534],[120.42861,22.67528],[120.4284,22.67511],[120.4281,22.67534]]],[[[120.42378,22.67493],[120.42285,22.67565],[120.42368,22.67574],[120.42378,22.67493]]],[[[120.42751,22.6754],[120.42739,22.67605],[120.42763,22.67614],[120.42808,22.67546],[120.42751,22.6754]]],[[[120.42671,22.67492],[120.42576,22.67624],[120.42627,22.67672],[120.42719,22.67595],[120.42663,22.67559],[120.42671,22.67492]]],[[[120.42812,22.67552],[120.42723,22.67668],[120.42776,22.67734],[120.42833,22.6776],[120.42839,22.6771],[120.42934,22.67711],[120.42925,22.67583],[120.42879,22.6763],[120.42812,22.67552]]],[[[120.41593,22.68518],[120.41801,22.68624],[120.41849,22.68558],[120.41797,22.68517],[120.41768,22.68553],[120.41708,22.68531],[120.41693,22.68476],[120.41593,22.68518]]],[[[120.416,22.68527],[120.41557,22.68631],[120.41728,22.68615],[120.4179,22.68634],[120.416,22.68527]]],[[[120.41677,22.68632],[120.41722,22.68631],[120.41723,22.68627],[120.41677,22.68632]]],[[[120.41462,22.68584],[120.41361,22.68723],[120.41091,22.68874],[120.41107,22.68888],[120.4112,22.68945],[120.41411,22.68767],[120.41507,22.68597],[120.41462,22.68584]]],[[[120.42375,22.69129],[120.42284,22.69238],[120.42314,22.69295],[120.42256,22.69334],[120.42272,22.69393],[120.42066,22.69428],[120.42135,22.69535],[120.42159,22.69508],[120.4224,22.69456],[120.42203,22.69429],[120.42245,22.69449],[120.42307,22.69367],[120.42508,22.69283],[120.42375,22.69129]]],[[[120.42408,22.69357],[120.42437,22.69365],[120.42423,22.69352],[120.42408,22.69357]]],[[[120.42348,22.69378],[120.42342,22.69432],[120.42416,22.69382],[120.42405,22.69359],[120.42348,22.69378]]],[[[120.42534,22.69314],[120.42527,22.69388],[120.42444,22.69423],[120.42506,22.6941],[120.42509,22.69414],[120.42418,22.69434],[120.42362,22.69522],[120.42466,22.69518],[120.42475,22.69461],[120.42534,22.69449],[120.42673,22.69481],[120.42674,22.6944],[120.42636,22.69434],[120.42582,22.69397],[120.42652,22.69387],[120.42602,22.69367],[120.42641,22.69314],[120.42534,22.69314]]],[[[120.4268,22.69392],[120.42657,22.69433],[120.42697,22.69437],[120.4268,22.69392]]],[[[120.42158,22.69527],[120.42164,22.69508],[120.42139,22.69537],[120.42158,22.69527]]],[[[120.41727,22.6997],[120.41687,22.70064],[120.41786,22.70065],[120.41789,22.69984],[120.41727,22.6997]]],[[[120.41725,22.7011],[120.41743,22.7008],[120.41724,22.70085],[120.41725,22.7011]]],[[[120.41808,22.70334],[120.41793,22.70331],[120.41789,22.7034],[120.41808,22.70334]]],[[[120.4185,22.70106],[120.41709,22.70148],[120.41708,22.70244],[120.41657,22.7026],[120.41646,22.70378],[120.41715,22.70376],[120.4169,22.70469],[120.41616,22.70442],[120.41601,22.70475],[120.41655,22.70521],[120.41588,22.70675],[120.41643,22.70818],[120.41747,22.70773],[120.41725,22.70732],[120.41853,22.70554],[120.41809,22.70521],[120.41822,22.70456],[120.41787,22.70411],[120.41877,22.70332],[120.41787,22.70362],[120.41781,22.70421],[120.4181,22.70456],[120.41785,22.70454],[120.41779,22.70433],[120.41778,22.70359],[120.41805,22.70259],[120.41918,22.70235],[120.4185,22.70106]],[[120.41764,22.7054],[120.41775,22.70526],[120.41777,22.70548],[120.41764,22.7054]]],[[[120.43992,22.69681],[120.44015,22.69882],[120.44063,22.69853],[120.44091,22.69892],[120.4414,22.6982],[120.44094,22.69791],[120.44138,22.69782],[120.441,22.69648],[120.43992,22.69681]]],[[[120.44135,22.69847],[120.44093,22.69897],[120.44119,22.69914],[120.44135,22.69847]]],[[[120.43402,22.70401],[120.43446,22.70445],[120.43406,22.70374],[120.43402,22.70401]]],[[[120.43417,22.70453],[120.43452,22.70515],[120.43461,22.70442],[120.43417,22.70453]]],[[[120.43355,22.70317],[120.43305,22.70637],[120.43354,22.70742],[120.43437,22.70682],[120.43453,22.708],[120.4351,22.70782],[120.43536,22.70834],[120.43593,22.70664],[120.43422,22.70502],[120.43397,22.70402],[120.43395,22.70291],[120.43355,22.70317]],[[120.43371,22.70343],[120.43391,22.70335],[120.43391,22.70342],[120.43371,22.70343]]],[[[120.44607,22.71354],[120.44569,22.71448],[120.44622,22.71451],[120.44607,22.71354]]],[[[120.43808,22.71434],[120.43823,22.71395],[120.43791,22.71415],[120.43808,22.71434]]],[[[120.43776,22.71373],[120.43561,22.71435],[120.43644,22.71504],[120.43803,22.71435],[120.43788,22.71417],[120.43776,22.71373]]],[[[120.44519,22.71402],[120.44432,22.71402],[120.44428,22.71581],[120.44514,22.71586],[120.44505,22.71518],[120.44556,22.7152],[120.44556,22.71497],[120.44568,22.71428],[120.44561,22.71344],[120.44423,22.71352],[120.44434,22.71386],[120.44432,22.71399],[120.44519,22.71402]]],[[[120.44352,22.71372],[120.44347,22.71583],[120.44423,22.71581],[120.44419,22.71344],[120.44352,22.71372]]],[[[120.44564,22.71515],[120.44606,22.71487],[120.44561,22.71488],[120.44564,22.71515]]],[[[120.43906,22.71682],[120.43938,22.71712],[120.43928,22.71672],[120.43906,22.71682]]],[[[120.43754,22.71688],[120.43812,22.71853],[120.43855,22.71843],[120.43869,22.71777],[120.43908,22.71714],[120.43904,22.7168],[120.43846,22.71706],[120.4382,22.71653],[120.43754,22.71688]]],[[[120.44355,22.71818],[120.4433,22.7175],[120.44314,22.71752],[120.44355,22.71818]]],[[[120.43866,22.71815],[120.43911,22.71756],[120.43893,22.71747],[120.43866,22.71815]]],[[[120.44271,22.71752],[120.44083,22.7174],[120.44042,22.71896],[120.43973,22.71938],[120.44343,22.71817],[120.44277,22.717],[120.44271,22.71752]]],[[[120.43871,22.71821],[120.43865,22.71853],[120.43902,22.71837],[120.43871,22.71821]]],[[[120.43909,22.71842],[120.43866,22.71867],[120.43918,22.71879],[120.43909,22.71842]]],[[[120.44688,22.72952],[120.44707,22.73055],[120.44576,22.73066],[120.44627,22.73098],[120.44567,22.73138],[120.44625,22.73141],[120.4463,22.73199],[120.44578,22.7322],[120.44638,22.73216],[120.44687,22.73328],[120.44596,22.73356],[120.44695,22.73424],[120.44801,22.73389],[120.44848,22.73098],[120.4481,22.73107],[120.44774,22.72995],[120.44834,22.72965],[120.44688,22.72952]],[[120.44828,22.73163],[120.44827,22.73128],[120.44833,22.73161],[120.44828,22.73163]]],[[[120.44581,22.7404],[120.44511,22.73954],[120.44569,22.7408],[120.44521,22.74096],[120.44577,22.74102],[120.44648,22.74274],[120.44825,22.74241],[120.44824,22.74206],[120.44727,22.74213],[120.44672,22.73897],[120.44674,22.73988],[120.44581,22.7404]]],[[[120.44614,22.74196],[120.44581,22.74292],[120.4463,22.7428],[120.44614,22.74196]]],[[[120.44728,22.74561],[120.44683,22.74677],[120.44619,22.74703],[120.44642,22.74786],[120.44692,22.74876],[120.44647,22.74782],[120.44677,22.74703],[120.44824,22.7473],[120.44704,22.74456],[120.44728,22.74561]]],[[[120.446,22.74687],[120.44426,22.74737],[120.44422,22.74777],[120.44489,22.74755],[120.44475,22.74815],[120.44621,22.74724],[120.446,22.74687]]],[[[120.43706,22.75857],[120.43711,22.75918],[120.43793,22.75977],[120.4392,22.75884],[120.4375,22.7584],[120.43706,22.75857]],[[120.43773,22.75919],[120.43781,22.75932],[120.43769,22.75926],[120.43773,22.75919]],[[120.43755,22.75939],[120.4375,22.75908],[120.43768,22.75948],[120.43755,22.75939]]],[[[120.4403,22.75914],[120.43917,22.75936],[120.4403,22.75942],[120.4403,22.75914]]],[[[120.44245,22.75947],[120.44239,22.75972],[120.44272,22.75966],[120.44245,22.75947]]]]}},{"type":"Feature","properties":{"zone":"一般農業區","town":"大社區"},"geometry":{"type":"MultiPolygon","coordinates":[[[[120.36669,22.73059],[120.36146,22.73101],[120.36249,22.74319],[120.36391,22.74363],[120.36544,22.74338],[120.36738,22.74572],[120.3679,22.74569],[120.36852,22.7496],[120.36995,22.74773],[120.37018,22.74589],[120.36757,22.74559],[120.36807,22.74408],[120.36993,22.74481],[120.37019,22.7454],[120.37159,22.74504],[120.37198,22.74583],[120.37217,22.74535],[120.37428,22.74501],[120.37452,22.74558],[120.37326,22.7455],[120.37321,22.7459],[120.37484,22.74618],[120.37541,22.74713],[120.37522,22.7458],[120.37584,22.74567],[120.37563,22.74534],[120.37656,22.74521],[120.37777,22.74618],[120.37783,22.74557],[120.37656,22.74514],[120.3772,22.74452],[120.37654,22.74382],[120.37714,22.74395],[120.37728,22.74452],[120.37721,22.74476],[120.37778,22.74505],[120.3777,22.74441],[120.37887,22.74512],[120.37772,22.74349],[120.37632,22.74305],[120.37652,22.7423],[120.37804,22.74291],[120.37805,22.7425],[120.37849,22.74254],[120.37846,22.74304],[120.3806,22.74403],[120.38183,22.7454],[120.38153,22.74649],[120.38174,22.74693],[120.3813,22.74682],[120.3802,22.7474],[120.37938,22.74671],[120.37943,22.74726],[120.38008,22.74746],[120.37923,22.74792],[120.37801,22.74737],[120.37687,22.74832],[120.37579,22.74699],[120.37398,22.74809],[120.37166,22.74792],[120.37408,22.74813],[120.37424,22.74883],[120.37444,22.74891],[120.37523,22.74861],[120.37538,22.74892],[120.37436,22.7492],[120.37454,22.74968],[120.37316,22.75114],[120.37243,22.75133],[120.37209,22.74952],[120.37217,22.74933],[120.37319,22.74918],[120.37332,22.74915],[120.37337,22.74908],[120.37002,22.74935],[120.36988,22.74975],[120.36918,22.74968],[120.36853,22.75001],[120.3683,22.75077],[120.37004,22.75203],[120.36941,22.7534],[120.37207,22.75319],[120.37282,22.75154],[120.37377,22.75114],[120.37419,22.75172],[120.37444,22.75497],[120.37553,22.75566],[120.37811,22.75577],[120.37842,22.75694],[120.3797,22.75653],[120.38045,22.75681],[120.38011,22.75842],[120.38184,22.75886],[120.38315,22.76005],[120.3834,22.76286],[120.38405,22.76321],[120.38693,22.76274],[120.38802,22.76095],[120.38774,22.75989],[120.38826,22.75971],[120.38951,22.75987],[120.38907,22.76003],[120.38884,22.76114],[120.38963,22.76094],[120.39015,22.76186],[120.39121,22.7616],[120.39184,22.76198],[120.39207,22.76075],[120.39344,22.76169],[120.39441,22.76119],[120.3949,22.76145],[120.39481,22.76041],[120.39425,22.76092],[120.39409,22.76057],[120.39324,22.76072],[120.39316,22.7601],[120.39261,22.7603],[120.39306,22.75906],[120.39246,22.75962],[120.39208,22.75894],[120.39232,22.75976],[120.39109,22.75987],[120.39082,22.75953],[120.39154,22.75823],[120.39114,22.75795],[120.3903,22.75883],[120.38971,22.75797],[120.39091,22.75731],[120.38975,22.75728],[120.38842,22.75828],[120.38831,22.75764],[120.39043,22.75699],[120.39022,22.75662],[120.38839,22.75679],[120.38822,22.75634],[120.38957,22.75615],[120.3901,22.75562],[120.38946,22.75543],[120.38926,22.75475],[120.38798,22.75562],[120.38791,22.75523],[120.38869,22.75473],[120.38765,22.75431],[120.38759,22.75363],[120.38808,22.75322],[120.38592,22.75303],[120.38662,22.75247],[120.38633,22.75115],[120.38546,22.75148],[120.38544,22.75097],[120.38442,22.75066],[120.38551,22.75015],[120.38525,22.74922],[120.38392,22.75039],[120.3836,22.74967],[120.38424,22.74928],[120.38427,22.74862],[120.38332,22.74902],[120.38298,22.74873],[120.38365,22.74811],[120.38373,22.74736],[120.38412,22.74733],[120.38442,22.74713],[120.38189,22.74663],[120.38212,22.74506],[120.37932,22.74204],[120.38044,22.74232],[120.38064,22.74176],[120.37959,22.74177],[120.37913,22.74086],[120.37896,22.74139],[120.37857,22.74123],[120.37901,22.74229],[120.37819,22.74213],[120.37835,22.74149],[120.37749,22.74182],[120.37588,22.74049],[120.37514,22.74038],[120.37589,22.74039],[120.37623,22.74076],[120.37625,22.74014],[120.3769,22.73968],[120.37755,22.73989],[120.37743,22.73947],[120.37541,22.73975],[120.37469,22.73872],[120.37375,22.73904],[120.37336,22.73845],[120.37116,22.7383],[120.36988,22.73641],[120.36859,22.73631],[120.36846,22.73551],[120.36911,22.73516],[120.36822,22.73474],[120.36903,22.7343],[120.36719,22.73246],[120.36669,22.73059]],[[120.36905,22.75015],[120.3699,22.74979],[120.36955,22.75039],[120.36905,22.75015]],[[120.37191,22.74955],[120.37166,22.75036],[120.37093,22.75067],[120.371,22.75119],[120.36997,22.75068],[120.37026,22.74966],[120.37191,22.74955]],[[120.3752,22.7486],[120.3743,22.74881],[120.37519,22.74855],[120.3752,22.7486]],[[120.37838,22.74831],[120.37667,22.74893],[120.37641,22.74832],[120.377,22.74847],[120.37823,22.74804],[120.37838,22.74831]],[[120.38143,22.74805],[120.38355,22.74927],[120.38357,22.7497],[120.38377,22.75014],[120.38218,22.75022],[120.3819,22.74914],[120.38055,22.74927],[120.38143,22.74805]],[[120.38224,22.74777],[120.3814,22.74801],[120.38086,22.74848],[120.38029,22.74747],[120.38138,22.74694],[120.3835,22.74767],[120.38303,22.74853],[120.38224,22.74777]],[[120.3796,22.74779],[120.37924,22.74804],[120.3792,22.74797],[120.3796,22.74779]],[[120.37904,22.74231],[120.37909,22.74243],[120.37895,22.74236],[120.37904,22.74231]],[[120.37605,22.74148],[120.37683,22.74177],[120.37678,22.74182],[120.37605,22.74148]],[[120.3753,22.74046],[120.37589,22.74069],[120.37545,22.74152],[120.37507,22.74122],[120.3753,22.74046]],[[120.3664,22.73587],[120.36631,22.73575],[120.36633,22.73575],[120.3664,22.73587]]],[[[120.37536,22.74718],[120.37383,22.74751],[120.37394,22.74776],[120.37536,22.74718]]],[[[120.36902,22.74959],[120.36871,22.74974],[120.36857,22.74992],[120.36902,22.74959]]],[[[120.38878,22.76144],[120.38963,22.7617],[120.38979,22.7626],[120.39095,22.76317],[120.38975,22.76167],[120.38878,22.76144]]],[[[120.39074,22.76219],[120.39099,22.76259],[120.39131,22.76255],[120.39074,22.76219]]],[[[120.39035,22.76353],[120.39045,22.76454],[120.39072,22.76452],[120.39094,22.76357],[120.39035,22.76353]]]]}},{"type":"Feature","properties":{"zone":"山坡地保育區","town":"大社區"},"geometry":{"type":"MultiPolygon","coordinates":[[[[120.36876,22.73412],[120.36822,22.73474],[120.36911,22.73516],[120.36846,22.73551],[120.36859,22.73631],[120.36988,22.73641],[120.37118,22.73831],[120.37336,22.73845],[120.37162,22.73781],[120.36956,22.73483],[120.36876,22.73412]]],[[[120.37531,22.74151],[120.37589,22.74069],[120.37509,22.74042],[120.37507,22.74122],[120.37531,22.74151]]],[[[120.37672,22.74157],[120.37605,22.74148],[120.37678,22.74182],[120.37672,22.74157]]],[[[120.37904,22.74231],[120.37909,22.74243],[120.37917,22.74246],[120.37904,22.74231]]],[[[120.3818,22.73233],[120.37971,22.73376],[120.37544,22.73805],[120.37353,22.73877],[120.37469,22.73872],[120.37541,22.73975],[120.37743,22.73947],[120.37755,22.73989],[120.3769,22.73968],[120.37625,22.74014],[120.37623,22.74076],[120.37589,22.74039],[120.37514,22.74038],[120.37588,22.74049],[120.37749,22.74182],[120.37835,22.74149],[120.37819,22.74213],[120.37901,22.74229],[120.37857,22.74123],[120.37896,22.74139],[120.37913,22.74086],[120.37959,22.74177],[120.38064,22.74176],[120.38044,22.74232],[120.37932,22.74204],[120.38212,22.74506],[120.38189,22.74663],[120.38442,22.74713],[120.38373,22.74736],[120.38298,22.74873],[120.38332,22.74902],[120.38427,22.74862],[120.38424,22.74928],[120.3836,22.74967],[120.38392,22.75039],[120.38525,22.74922],[120.38551,22.75015],[120.38458,22.75052],[120.38458,22.75094],[120.38544,22.75097],[120.38546,22.75148],[120.38684,22.75061],[120.38732,22.75091],[120.38739,22.75161],[120.38914,22.75258],[120.38933,22.75387],[120.39054,22.75452],[120.3912,22.75588],[120.3934,22.75702],[120.39395,22.75842],[120.3961,22.75806],[120.39608,22.75761],[120.39707,22.75782],[120.39593,22.75917],[120.39607,22.75943],[120.39746,22.75857],[120.39712,22.75818],[120.39767,22.75787],[120.39822,22.75874],[120.39765,22.75971],[120.39891,22.75971],[120.39881,22.76062],[120.39978,22.75907],[120.40013,22.7595],[120.3997,22.76096],[120.40071,22.75955],[120.401,22.76083],[120.40296,22.76169],[120.40323,22.76224],[120.40365,22.76194],[120.40409,22.76235],[120.4047,22.76237],[120.40524,22.76223],[120.40363,22.76189],[120.40323,22.76216],[120.40299,22.76161],[120.40126,22.76054],[120.4027,22.76045],[120.40243,22.75989],[120.40275,22.75958],[120.40312,22.75997],[120.40294,22.75908],[120.4035,22.75862],[120.40438,22.75849],[120.40476,22.75889],[120.40433,22.75941],[120.40485,22.7589],[120.40542,22.75957],[120.4062,22.75885],[120.40512,22.75894],[120.40462,22.75853],[120.40491,22.75787],[120.40608,22.75755],[120.40675,22.75802],[120.40691,22.75751],[120.40811,22.75696],[120.40797,22.75665],[120.40943,22.75752],[120.40916,22.75822],[120.40957,22.75819],[120.40867,22.75928],[120.40767,22.75854],[120.40854,22.75988],[120.40743,22.76053],[120.40643,22.76169],[120.40675,22.7619],[120.40901,22.75989],[120.40871,22.75953],[120.40931,22.7589],[120.41008,22.75921],[120.4116,22.7576],[120.41107,22.75699],[120.41167,22.75645],[120.41177,22.75555],[120.41112,22.75372],[120.41163,22.75283],[120.41111,22.75192],[120.41141,22.75099],[120.41016,22.7487],[120.41137,22.74793],[120.41149,22.74735],[120.41029,22.74614],[120.41033,22.74465],[120.40934,22.74309],[120.40638,22.74098],[120.40507,22.73852],[120.40382,22.73903],[120.40243,22.73815],[120.40204,22.73883],[120.40148,22.73794],[120.40075,22.73807],[120.39994,22.73909],[120.39837,22.73636],[120.39729,22.7359],[120.39682,22.73504],[120.39581,22.7348],[120.3943,22.73556],[120.3926,22.73575],[120.39336,22.73765],[120.39263,22.73854],[120.3933,22.73939],[120.39331,22.74108],[120.39498,22.74266],[120.39571,22.74209],[120.39595,22.74269],[120.39506,22.74327],[120.39427,22.74252],[120.39371,22.74262],[120.39318,22.74438],[120.39328,22.7426],[120.39274,22.74175],[120.39295,22.74286],[120.39283,22.74347],[120.39272,22.74364],[120.39281,22.74265],[120.39129,22.74277],[120.39121,22.74224],[120.39261,22.74221],[120.39159,22.7413],[120.39248,22.74155],[120.39156,22.74049],[120.39223,22.74057],[120.39206,22.74025],[120.39138,22.74038],[120.3911,22.74093],[120.39124,22.74209],[120.39005,22.74227],[120.38966,22.74293],[120.38822,22.74201],[120.38698,22.74015],[120.38492,22.73951],[120.38556,22.73895],[120.38503,22.73761],[120.38279,22.73662],[120.38111,22.73645],[120.38052,22.73469],[120.38144,22.73412],[120.38146,22.73341],[120.38196,22.73346],[120.3818,22.73233]],[[120.3956,22.7383],[120.3956,22.73807],[120.39569,22.73827],[120.3956,22.7383]],[[120.3955,22.73821],[120.39509,22.73837],[120.39512,22.73817],[120.3955,22.73821]],[[120.39445,22.73873],[120.39574,22.7388],[120.39584,22.73982],[120.39531,22.73956],[120.39468,22.74059],[120.39437,22.74036],[120.39461,22.74109],[120.39426,22.74101],[120.39345,22.73953],[120.39445,22.73873]],[[120.39729,22.74038],[120.39679,22.73989],[120.39617,22.74042],[120.3964,22.73953],[120.39692,22.73994],[120.39729,22.74038]],[[120.39088,22.74276],[120.3916,22.7437],[120.3922,22.74416],[120.39244,22.74368],[120.39291,22.74436],[120.39223,22.74426],[120.39145,22.74374],[120.39088,22.74276]],[[120.39618,22.74289],[120.39622,22.74355],[120.39527,22.74344],[120.39618,22.74289]],[[120.38766,22.74324],[120.38714,22.74379],[120.3863,22.74413],[120.38664,22.74319],[120.38766,22.74324]],[[120.39442,22.74364],[120.39453,22.7445],[120.39404,22.74482],[120.39442,22.74364]],[[120.38446,22.74494],[120.38511,22.74595],[120.38327,22.74601],[120.38333,22.7453],[120.38446,22.74494]],[[120.40148,22.75237],[120.40127,22.753],[120.40159,22.75296],[120.40061,22.75441],[120.39931,22.75473],[120.39943,22.75523],[120.399,22.75588],[120.39919,22.75542],[120.3985,22.75517],[120.3983,22.75555],[120.3985,22.75382],[120.39904,22.75312],[120.39993,22.75351],[120.40103,22.75211],[120.40148,22.75237]],[[120.40596,22.75268],[120.40618,22.7536],[120.40548,22.75409],[120.40505,22.75331],[120.40448,22.75358],[120.40365,22.75312],[120.40402,22.75283],[120.4046,22.7533],[120.40428,22.75265],[120.40516,22.75247],[120.40517,22.75335],[120.406,22.75288],[120.40577,22.75237],[120.40596,22.75268]],[[120.40375,22.75271],[120.40346,22.75326],[120.40299,22.7531],[120.40375,22.75271]],[[120.3974,22.753],[120.39796,22.75377],[120.39836,22.75368],[120.39731,22.75476],[120.39706,22.75382],[120.3963,22.75364],[120.39595,22.75308],[120.39633,22.75337],[120.3974,22.753]],[[120.40516,22.75426],[120.40475,22.75585],[120.40461,22.7559],[120.40516,22.75426]],[[120.4015,22.75484],[120.4026,22.75484],[120.4027,22.75552],[120.40357,22.75609],[120.40269,22.75671],[120.40347,22.75855],[120.40152,22.76017],[120.40055,22.75895],[120.40132,22.7588],[120.4018,22.7581],[120.40095,22.75711],[120.39991,22.75687],[120.39995,22.75605],[120.40094,22.75579],[120.40115,22.75641],[120.40145,22.75593],[120.40184,22.75643],[120.40197,22.75588],[120.40279,22.75585],[120.4015,22.75484]],[[120.39882,22.75645],[120.39802,22.75641],[120.39792,22.75709],[120.39752,22.75627],[120.39816,22.75594],[120.39884,22.75606],[120.39882,22.75645]],[[120.39873,22.75834],[120.39835,22.75826],[120.39872,22.75823],[120.39873,22.75834]]],[[[120.38775,22.7523],[120.38724,22.75333],[120.38808,22.75322],[120.38759,22.75363],[120.3877,22.7542],[120.38793,22.75364],[120.38865,22.75385],[120.38775,22.7523]]],[[[120.40822,22.75763],[120.40867,22.75728],[120.4081,22.75758],[120.40822,22.75763]]]]}},{"type":"Feature","properties":{"zone":"森林區","town":"大社區"},"geometry":{"type":"MultiPolygon","coordinates":[[[[120.3956,22.73807],[120.3956,22.7383],[120.39569,22.73827],[120.3956,22.73807]]],[[[120.3955,22.73821],[120.39512,22.73817],[120.39509,22.73837],[120.39522,22.73846],[120.3955,22.73821]]],[[[120.39445,22.73873],[120.39345,22.73953],[120.39359,22.74034],[120.39461,22.74109],[120.39437,22.74036],[120.39468,22.74059],[120.39531,22.73956],[120.39584,22.73982],[120.39577,22.73887],[120.39445,22.73873]]],[[[120.39297,22.73909],[120.39223,22.74057],[120.39156,22.74049],[120.39248,22.74155],[120.39159,22.7413],[120.39261,22.74221],[120.39121,22.74224],[120.39129,22.74277],[120.39281,22.74265],[120.39272,22.74364],[120.39295,22.74286],[120.39274,22.74175],[120.39328,22.7426],[120.39307,22.7436],[120.39318,22.74438],[120.39371,22.74262],[120.39427,22.74252],[120.39506,22.74327],[120.39595,22.74269],[120.39571,22.74209],[120.39498,22.74266],[120.39343,22.74124],[120.3933,22.73939],[120.39297,22.73909]]],[[[120.39622,22.74355],[120.39603,22.74303],[120.39527,22.74344],[120.39622,22.74355]]],[[[120.3916,22.7437],[120.39088,22.74276],[120.39145,22.74374],[120.39223,22.74426],[120.39291,22.74436],[120.39244,22.74368],[120.3922,22.74416],[120.3916,22.7437]]],[[[120.39442,22.74364],[120.39396,22.74449],[120.39404,22.74482],[120.39457,22.74436],[120.39442,22.74364]]],[[[120.39617,22.74042],[120.39679,22.73989],[120.39729,22.74038],[120.39692,22.73994],[120.3964,22.73953],[120.39617,22.74042]]],[[[120.40346,22.75326],[120.40373,22.7527],[120.40299,22.7531],[120.40346,22.75326]]],[[[120.406,22.75288],[120.40517,22.75335],[120.40516,22.75247],[120.40428,22.75265],[120.4046,22.7533],[120.40402,22.75283],[120.40365,22.75312],[120.40448,22.75358],[120.40505,22.75331],[120.40548,22.75409],[120.40624,22.75338],[120.40604,22.75264],[120.40577,22.75237],[120.406,22.75288]]],[[[120.39836,22.75368],[120.39716,22.75279],[120.39633,22.75337],[120.39595,22.75308],[120.3963,22.75364],[120.39706,22.75382],[120.39731,22.75476],[120.39836,22.75368]]],[[[120.40061,22.75441],[120.40159,22.75296],[120.40127,22.753],[120.40121,22.75203],[120.40017,22.75294],[120.4003,22.75335],[120.39955,22.75362],[120.39904,22.75312],[120.3985,22.75382],[120.3983,22.75555],[120.3985,22.75517],[120.39919,22.75542],[120.399,22.75588],[120.39943,22.75523],[120.39931,22.75473],[120.40061,22.75441]]],[[[120.40522,22.75428],[120.40469,22.75523],[120.40461,22.7559],[120.40522,22.75428]]],[[[120.40257,22.75602],[120.40197,22.75588],[120.40184,22.75643],[120.40145,22.75593],[120.40115,22.75641],[120.40094,22.75579],[120.39995,22.75605],[120.39991,22.75687],[120.40095,22.75711],[120.4018,22.7581],[120.40294,22.75795],[120.40307,22.75739],[120.40339,22.7581],[120.40311,22.75725],[120.40269,22.75671],[120.40357,22.75609],[120.4027,22.75552],[120.4026,22.75484],[120.4015,22.75484],[120.40268,22.75557],[120.40257,22.75602]]]]}},{"type":"Feature","properties":{"zone":"河川區","town":"大社區"},"geometry":{"type":"MultiPolygon","coordinates":[[[[120.34838,22.75132],[120.34884,22.75118],[120.34948,22.75127],[120.34874,22.7509],[120.34838,22.75132]]],[[[120.34827,22.75144],[120.34744,22.75225],[120.34747,22.75289],[120.34678,22.75279],[120.3452,22.75536],[120.34417,22.75593],[120.34519,22.75596],[120.3466,22.75331],[120.34732,22.75339],[120.34785,22.75282],[120.34827,22.75144]]]]}},{"type":"Feature","properties":{"zone":"特定專用區","town":"大社區"},"geometry":{"type":"MultiPolygon","coordinates":[[[[120.37563,22.74534],[120.37521,22.74591],[120.37629,22.74805],[120.37688,22.74832],[120.37801,22.74737],[120.37769,22.74629],[120.37656,22.74521],[120.37563,22.74534]]],[[[120.37902,22.74788],[120.37977,22.7476],[120.38,22.7474],[120.37902,22.74788]]],[[[120.37924,22.74804],[120.3796,22.74779],[120.3792,22.74797],[120.37924,22.74804]]],[[[120.37715,22.74843],[120.37641,22.74832],[120.37667,22.74893],[120.37841,22.74838],[120.37823,22.74804],[120.37715,22.74843]]],[[[120.36914,22.74969],[120.36996,22.74952],[120.36914,22.74966],[120.36914,22.74969]]],[[[120.37538,22.74892],[120.37209,22.74952],[120.37243,22.75133],[120.37316,22.75114],[120.37454,22.74968],[120.37436,22.7492],[120.37538,22.74892]]],[[[120.38171,22.7453],[120.38017,22.74724],[120.38183,22.7454],[120.38171,22.7453]]],[[[120.39761,22.7561],[120.39752,22.75655],[120.39792,22.75709],[120.39802,22.75641],[120.39882,22.75645],[120.39884,22.75606],[120.39761,22.7561]]],[[[120.3986,22.75824],[120.39835,22.75826],[120.39873,22.75834],[120.3986,22.75824]]],[[[120.39496,22.76061],[120.39483,22.76148],[120.39441,22.76119],[120.39344,22.76169],[120.39207,22.76075],[120.39184,22.76198],[120.39121,22.7616],[120.39015,22.76186],[120.38963,22.76094],[120.38884,22.76114],[120.38907,22.76003],[120.38951,22.75987],[120.38826,22.75971],[120.38774,22.75989],[120.38802,22.76095],[120.3875,22.76175],[120.38879,22.76214],[120.39012,22.76348],[120.39094,22.76357],[120.39058,22.76387],[120.39086,22.76432],[120.39075,22.76391],[120.39281,22.76166],[120.39374,22.76205],[120.39456,22.76148],[120.39516,22.76163],[120.39612,22.76023],[120.3989,22.76193],[120.39912,22.76392],[120.40026,22.76445],[120.40106,22.76587],[120.40176,22.76604],[120.40209,22.76564],[120.40382,22.76673],[120.40451,22.76628],[120.40494,22.76655],[120.40594,22.76549],[120.40616,22.7647],[120.40764,22.76332],[120.40767,22.762],[120.40913,22.76137],[120.41008,22.75921],[120.40931,22.7589],[120.40871,22.75953],[120.40901,22.75989],[120.40675,22.7619],[120.40643,22.76169],[120.40854,22.75988],[120.40767,22.75854],[120.40867,22.75928],[120.40957,22.75819],[120.40916,22.75822],[120.40943,22.75752],[120.40797,22.75665],[120.40811,22.75696],[120.40691,22.75751],[120.40675,22.75802],[120.40608,22.75755],[120.40486,22.75792],[120.40462,22.75853],[120.40512,22.75894],[120.4062,22.75885],[120.40542,22.75957],[120.40485,22.7589],[120.40483,22.75917],[120.40433,22.75941],[120.40476,22.75889],[120.40438,22.75849],[120.4035,22.75862],[120.40294,22.75908],[120.40312,22.75997],[120.40275,22.75958],[120.40243,22.75989],[120.4027,22.76045],[120.40126,22.76054],[120.40299,22.76161],[120.40323,22.76216],[120.40363,22.76189],[120.40388,22.76199],[120.4041,22.76228],[120.40511,22.76215],[120.40524,22.76223],[120.40409,22.76235],[120.40365,22.76194],[120.4033,22.76224],[120.40315,22.76219],[120.40296,22.76169],[120.401,22.76083],[120.40071,22.75955],[120.39976,22.76099],[120.39991,22.75915],[120.39881,22.76062],[120.39891,22.75971],[120.39765,22.75971],[120.39822,22.75874],[120.39767,22.75787],[120.39712,22.75818],[120.39746,22.75857],[120.39607,22.75943],[120.39707,22.75782],[120.39608,22.75761],[120.3961,22.75806],[120.39395,22.75842],[120.3934,22.75702],[120.3912,22.75588],[120.39054,22.75452],[120.38933,22.75387],[120.38914,22.75258],[120.38802,22.75218],[120.38684,22.75061],[120.38633,22.75115],[120.38662,22.75247],[120.38592,22.75303],[120.38641,22.75333],[120.38677,22.75282],[120.38726,22.75343],[120.38775,22.7523],[120.3887,22.75346],[120.38857,22.75392],[120.38793,22.75364],[120.38765,22.75429],[120.38869,22.75473],[120.38796,22.75561],[120.38926,22.75475],[120.38946,22.75543],[120.3901,22.75562],[120.38957,22.75615],[120.38822,22.75634],[120.38839,22.75679],[120.39022,22.75662],[120.39043,22.75699],[120.38831,22.75764],[120.38842,22.75828],[120.38975,22.75728],[120.39091,22.75731],[120.38971,22.75797],[120.3903,22.75883],[120.39114,22.75795],[120.39154,22.75823],[120.39082,22.75953],[120.39109,22.75987],[120.39232,22.75976],[120.39208,22.75894],[120.39246,22.75962],[120.39306,22.75906],[120.39262,22.76031],[120.39316,22.7601],[120.39359,22.76087],[120.39496,22.76061]],[[120.39131,22.76255],[120.39099,22.76259],[120.39064,22.76222],[120.39131,22.76255]],[[120.38975,22.76167],[120.38995,22.76227],[120.39081,22.76258],[120.39095,22.76317],[120.38979,22.7626],[120.38963,22.7617],[120.38876,22.76148],[120.38975,22.76167]],[[120.40867,22.75728],[120.40822,22.75763],[120.4081,22.75758],[120.40867,22.75728]]],[[[120.40136,22.76007],[120.40238,22.75981],[120.40281,22.75899],[120.40347,22.75855],[120.40307,22.758],[120.4018,22.7581],[120.40132,22.7588],[120.40055,22.75895],[120.40136,22.76007]]]]}},{"type":"Feature","properties":{"zone":"特定農業區","town":"大社區"},"geometry":{"type":"MultiPolygon","coordinates":[[[[120.37619,22.74274],[120.37772,22.74349],[120.37887,22.74512],[120.3777,22.74441],[120.3777,22.74503],[120.37721,22.74476],[120.37728,22.74452],[120.37714,22.74395],[120.37649,22.74386],[120.3772,22.74452],[120.37656,22.74514],[120.37783,22.74557],[120.37759,22.74626],[120.37801,22.74737],[120.37878,22.74793],[120.37986,22.74728],[120.37936,22.74673],[120.38003,22.74712],[120.38171,22.7453],[120.3806,22.74403],[120.37846,22.74304],[120.37849,22.74254],[120.37805,22.7425],[120.37804,22.74291],[120.37652,22.7423],[120.37619,22.74274]]],[[[120.36748,22.74543],[120.37018,22.74589],[120.36995,22.74773],[120.36896,22.7487],[120.36853,22.75001],[120.36914,22.74966],[120.36996,22.74952],[120.37002,22.74935],[120.37441,22.7489],[120.37424,22.74883],[120.37408,22.74813],[120.37166,22.74792],[120.37398,22.74809],[120.37567,22.74704],[120.37484,22.74618],[120.37326,22.74599],[120.37326,22.7455],[120.37452,22.74558],[120.37428,22.74501],[120.37217,22.74535],[120.37198,22.74583],[120.37159,22.74504],[120.37019,22.7454],[120.36993,22.74481],[120.36807,22.74408],[120.36748,22.74543]],[[120.36857,22.74992],[120.36876,22.7497],[120.36902,22.74959],[120.36857,22.74992]],[[120.37536,22.74718],[120.37383,22.74751],[120.37536,22.74717],[120.37536,22.74718]]],[[[120.37525,22.74867],[120.37523,22.74861],[120.37477,22.7488],[120.37525,22.74867]]],[[[120.3743,22.74881],[120.3752,22.7486],[120.37519,22.74855],[120.3743,22.74881]]],[[[120.36915,22.7497],[120.36955,22.75039],[120.36989,22.74977],[120.36915,22.7497]]],[[[120.37204,22.74935],[120.37026,22.74966],[120.36997,22.75068],[120.371,22.75119],[120.37093,22.75067],[120.37166,22.75036],[120.37204,22.74935]]],[[[120.3863,22.74413],[120.38714,22.74379],[120.38765,22.7432],[120.38664,22.74319],[120.3863,22.74413]]],[[[120.38169,22.74559],[120.38017,22.74724],[120.3802,22.7474],[120.3813,22.74682],[120.38174,22.74693],[120.38169,22.74559]]],[[[120.38008,22.74746],[120.37977,22.7476],[120.37953,22.74778],[120.38008,22.74746]]],[[[120.38284,22.74836],[120.38344,22.74826],[120.38322,22.74741],[120.3826,22.74761],[120.38285,22.74732],[120.38138,22.74694],[120.38029,22.74747],[120.38086,22.74848],[120.3814,22.74801],[120.38224,22.74777],[120.38284,22.74836]]],[[[120.38055,22.74927],[120.38197,22.74919],[120.38218,22.75022],[120.38377,22.75014],[120.3825,22.74825],[120.38119,22.74824],[120.38055,22.74927]]]]}},{"type":"Feature","properties":{"zone":"鄉村區","town":"大社區"},"geometry":{"type":"Polygon","coordinates":[[[120.38386,22.74485],[120.38327,22.74601],[120.38507,22.74598],[120.38519,22.74564],[120.38386,22.74485]]]}},{"type":"Feature","properties":{"zone":"一般農業區","town":"小港區"},"geometry":{"type":"Polygon","coordinates":[[[120.37628,22.55798],[120.37423,22.55799],[120.37247,22.55884],[120.37642,22.55855],[120.37628,22.55798]]]}},{"type":"Feature","properties":{"zone":"一般農業區","town":"岡山區"},"geometry":{"type":"MultiPolygon","coordinates":[[[[120.28477,22.76859],[120.28205,22.77128],[120.28439,22.77113],[120.28408,22.77059],[120.28477,22.77051],[120.28436,22.77099],[120.28541,22.77156],[120.28662,22.77147],[120.28762,22.77216],[120.28837,22.77161],[120.28893,22.76995],[120.28674,22.77115],[120.2858,22.77104],[120.28481,22.77039],[120.28504,22.76978],[120.28569,22.76966],[120.2855,22.76904],[120.28477,22.76859]]],[[[120.28853,22.77149],[120.2902,22.77033],[120.28904,22.77006],[120.28853,22.77149]]],[[[120.27959,22.76603],[120.27934,22.76697],[120.2766,22.76798],[120.27452,22.76709],[120.27481,22.76765],[120.27424,22.76926],[120.27169,22.77019],[120.27358,22.77178],[120.27285,22.77223],[120.27432,22.77397],[120.27227,22.77581],[120.27065,22.7722],[120.27074,22.77043],[120.26969,22.77078],[120.26934,22.77013],[120.26908,22.76771],[120.26709,22.76758],[120.26699,22.77087],[120.26343,22.769],[120.26345,22.77017],[120.26558,22.77186],[120.26563,22.77481],[120.26518,22.77505],[120.26563,22.77532],[120.26567,22.77869],[120.26732,22.7793],[120.26848,22.7808],[120.26804,22.78118],[120.26841,22.78159],[120.26897,22.78185],[120.26947,22.78103],[120.27084,22.78112],[120.27086,22.78203],[120.27202,22.7818],[120.27268,22.78231],[120.27193,22.78124],[120.27374,22.78104],[120.27368,22.77947],[120.27821,22.77954],[120.27916,22.77661],[120.27748,22.7748],[120.28026,22.77761],[120.281,22.77688],[120.28152,22.77711],[120.28151,22.77544],[120.28243,22.77624],[120.28266,22.77598],[120.283,22.77626],[120.28213,22.77729],[120.28272,22.77791],[120.28223,22.77838],[120.28251,22.77859],[120.28424,22.77736],[120.28485,22.77624],[120.28177,22.7746],[120.28055,22.77478],[120.279,22.77365],[120.27953,22.77321],[120.27908,22.77304],[120.28139,22.77114],[120.28144,22.76631],[120.28035,22.7657],[120.27959,22.76603]],[[120.26688,22.77845],[120.26656,22.77843],[120.26637,22.77836],[120.26688,22.77845]],[[120.27974,22.775],[120.27933,22.77469],[120.27976,22.77498],[120.27974,22.775]],[[120.27818,22.77361],[120.27817,22.77365],[120.2781,22.77357],[120.27818,22.77361]],[[120.27536,22.77208],[120.27499,22.77173],[120.27592,22.77168],[120.27536,22.77208]],[[120.26828,22.77156],[120.2687,22.77441],[120.26858,22.77276],[120.26933,22.77272],[120.26937,22.7761],[120.27052,22.77856],[120.27004,22.77947],[120.26857,22.77878],[120.26866,22.77966],[120.26823,22.77997],[120.26712,22.77889],[120.26777,22.77812],[120.26695,22.77666],[120.26687,22.77472],[120.26598,22.77439],[120.26647,22.77201],[120.26828,22.77156]],[[120.28124,22.76816],[120.28059,22.76836],[120.28124,22.76786],[120.28124,22.76816]]],[[[120.27337,22.78278],[120.27288,22.78239],[120.27284,22.7824],[120.27337,22.78278]]],[[[120.2735,22.78878],[120.27256,22.7888],[120.27258,22.78935],[120.27378,22.7895],[120.2735,22.78878]]],[[[120.27388,22.78941],[120.27393,22.78897],[120.27393,22.78892],[120.27388,22.78941]]],[[[120.27259,22.78941],[120.27313,22.78954],[120.27321,22.7895],[120.27259,22.78941]]],[[[120.27293,22.78964],[120.27292,22.79068],[120.27384,22.79226],[120.27402,22.79218],[120.27394,22.78982],[120.27382,22.7904],[120.27381,22.78956],[120.27293,22.78964]]],[[[120.27384,22.79229],[120.27402,22.7926],[120.27399,22.79223],[120.27384,22.79229]]],[[[120.25652,22.79406],[120.25664,22.79411],[120.2567,22.79405],[120.25652,22.79406]]],[[[120.2713,22.79536],[120.27118,22.79543],[120.27118,22.79547],[120.2713,22.79536]]],[[[120.27255,22.79078],[120.27195,22.79482],[120.27114,22.79586],[120.26776,22.79745],[120.26657,22.79749],[120.26269,22.79546],[120.26256,22.7961],[120.26255,22.79555],[120.26068,22.79559],[120.26056,22.79399],[120.25946,22.79401],[120.25941,22.7944],[120.25894,22.79402],[120.2566,22.79415],[120.25647,22.79409],[120.2565,22.7952],[120.26047,22.79602],[120.26203,22.79733],[120.26432,22.79802],[120.26677,22.79945],[120.26924,22.79974],[120.27302,22.80092],[120.27092,22.80048],[120.27256,22.80182],[120.27355,22.80057],[120.27395,22.80055],[120.27413,22.79635],[120.27402,22.79336],[120.27255,22.79078]]],[[[120.27413,22.79974],[120.27395,22.80062],[120.27263,22.8018],[120.27426,22.80278],[120.27413,22.79974]]],[[[120.27225,22.80346],[120.27304,22.80359],[120.27317,22.80325],[120.27246,22.80292],[120.27225,22.80346]]],[[[120.27593,22.8038],[120.27577,22.80412],[120.2758,22.80486],[120.27593,22.8038]]],[[[120.27583,22.80381],[120.27475,22.80414],[120.27445,22.80487],[120.27576,22.80436],[120.27576,22.80413],[120.27583,22.80381]]],[[[120.26133,22.79759],[120.26081,22.79939],[120.26191,22.80024],[120.26119,22.80244],[120.2628,22.80278],[120.26093,22.80533],[120.26028,22.80788],[120.25864,22.80955],[120.25501,22.80657],[120.2539,22.80744],[120.25407,22.80823],[120.2567,22.8082],[120.25512,22.81172],[120.25659,22.81416],[120.25516,22.81653],[120.25524,22.81727],[120.25455,22.81777],[120.25628,22.81705],[120.25812,22.81718],[120.25804,22.8183],[120.25758,22.81835],[120.25776,22.81968],[120.25979,22.81687],[120.25873,22.81677],[120.2592,22.8158],[120.26024,22.81615],[120.26276,22.81166],[120.26098,22.81057],[120.26017,22.81148],[120.2607,22.81154],[120.26061,22.81183],[120.25946,22.8116],[120.2581,22.81247],[120.25742,22.81198],[120.25855,22.81105],[120.25862,22.81026],[120.26063,22.80827],[120.26105,22.80882],[120.26048,22.81022],[120.26125,22.80898],[120.26143,22.80925],[120.26164,22.80803],[120.26285,22.80786],[120.26292,22.80749],[120.26231,22.80754],[120.26585,22.80705],[120.26573,22.80563],[120.2702,22.80387],[120.26928,22.80357],[120.2698,22.80308],[120.27119,22.80316],[120.27146,22.80251],[120.27191,22.80256],[120.26952,22.80055],[120.26565,22.79984],[120.26133,22.79759]],[[120.26506,22.80614],[120.26494,22.80651],[120.26506,22.80713],[120.26482,22.80613],[120.26506,22.80614]]],[[[120.26039,22.81617],[120.25992,22.8169],[120.26038,22.81709],[120.26087,22.81637],[120.26039,22.81617]]],[[[120.29119,22.8132],[120.28918,22.81346],[120.28599,22.81608],[120.28377,22.81606],[120.27627,22.81338],[120.2758,22.81519],[120.27413,22.81667],[120.27137,22.81667],[120.27138,22.81777],[120.27001,22.81758],[120.27001,22.81794],[120.26838,22.81813],[120.26868,22.81922],[120.2674,22.81934],[120.2673,22.81827],[120.26488,22.8184],[120.26466,22.81928],[120.26276,22.81953],[120.26289,22.82058],[120.26249,22.81935],[120.26192,22.81942],[120.26153,22.82075],[120.26143,22.81946],[120.26113,22.82031],[120.26009,22.82064],[120.26022,22.81925],[120.26069,22.81916],[120.26089,22.8184],[120.26008,22.81716],[120.25706,22.82163],[120.25805,22.82401],[120.26672,22.82283],[120.26806,22.82249],[120.26761,22.82162],[120.26692,22.82154],[120.26687,22.82019],[120.26974,22.82018],[120.27033,22.82059],[120.27137,22.81952],[120.27303,22.81881],[120.27497,22.81663],[120.27716,22.81704],[120.27716,22.81663],[120.2792,22.81676],[120.28013,22.81701],[120.28064,22.8184],[120.28367,22.81838],[120.28435,22.82361],[120.28586,22.82137],[120.28432,22.82126],[120.28388,22.81758],[120.28826,22.81764],[120.29119,22.8132]]],[[[120.2896,22.81603],[120.28458,22.82377],[120.28581,22.82428],[120.28751,22.82402],[120.28847,22.82513],[120.28926,22.82533],[120.28974,22.82531],[120.29017,22.82437],[120.2896,22.81603]],[[120.28628,22.82128],[120.28633,22.822],[120.28614,22.82201],[120.28611,22.82154],[120.28628,22.82128]],[[120.28722,22.82196],[120.28704,22.821],[120.28717,22.82099],[120.28722,22.82196]],[[120.28848,22.81788],[120.28872,22.8175],[120.28903,22.81756],[120.28905,22.81786],[120.28848,22.81788]]],[[[120.25776,22.82438],[120.2581,22.82448],[120.25808,22.82433],[120.25776,22.82438]]],[[[120.28974,22.81776],[120.28974,22.81778],[120.28974,22.81778],[120.28974,22.81776]]],[[[120.29494,22.82309],[120.29438,22.82366],[120.29551,22.82379],[120.29494,22.82309]],[[120.2948,22.82352],[120.29516,22.82363],[120.29478,22.8236],[120.2948,22.82352]]],[[[120.29376,22.82394],[120.29384,22.82352],[120.29362,22.82362],[120.29376,22.82394]]],[[[120.29521,22.82406],[120.29435,22.82373],[120.29429,22.82395],[120.29521,22.82406]]],[[[120.29527,22.82404],[120.29635,22.82389],[120.29527,22.82391],[120.29527,22.82404]]],[[[120.29313,22.82381],[120.29292,22.82427],[120.29327,22.82413],[120.29313,22.82381]]],[[[120.29646,22.82389],[120.29729,22.82435],[120.29764,22.82446],[120.29813,22.82466],[120.29754,22.824],[120.29646,22.82389]]],[[[120.29531,22.82471],[120.29496,22.82406],[120.29403,22.82395],[120.29364,22.82476],[120.29531,22.82471]]],[[[120.29274,22.82442],[120.29347,22.82513],[120.29389,22.82398],[120.29303,22.82431],[120.29274,22.82442]]],[[[120.2952,22.82525],[120.29661,22.82542],[120.29686,22.82431],[120.29546,22.82418],[120.2952,22.82525]]],[[[120.29685,22.82456],[120.29663,22.82544],[120.29813,22.8259],[120.29861,22.8248],[120.29685,22.82456]]],[[[120.28999,22.82529],[120.28999,22.8253],[120.28999,22.82529],[120.28999,22.82529]]],[[[120.29223,22.82411],[120.29036,22.8247],[120.29001,22.82532],[120.29123,22.82659],[120.29258,22.82657],[120.29413,22.8274],[120.29262,22.82654],[120.2929,22.82594],[120.29345,22.82616],[120.29345,22.82586],[120.29223,22.82411]]],[[[120.29289,22.82661],[120.29382,22.82712],[120.29304,22.82614],[120.29289,22.82661]]],[[[120.2945,22.82764],[120.29481,22.82806],[120.29437,22.8274],[120.29406,22.8273],[120.2945,22.82764]]],[[[120.29392,22.82741],[120.29472,22.82827],[120.29498,22.82856],[120.29449,22.82768],[120.29392,22.82741]]],[[[120.29631,22.82885],[120.29733,22.82885],[120.29738,22.82915],[120.29905,22.82889],[120.29929,22.82838],[120.29668,22.82831],[120.29631,22.82885]]],[[[120.29655,22.82899],[120.29735,22.82916],[120.2973,22.82889],[120.29655,22.82899]]],[[[120.29672,22.82927],[120.29626,22.82897],[120.29672,22.82935],[120.29904,22.82892],[120.29672,22.82927]]],[[[120.2971,22.82948],[120.29823,22.83041],[120.29839,22.83036],[120.29744,22.82964],[120.2971,22.82948]]],[[[120.29841,22.83066],[120.29591,22.82898],[120.29497,22.82912],[120.29287,22.83234],[120.29103,22.83335],[120.2921,22.83674],[120.29336,22.83743],[120.29425,22.84019],[120.29669,22.83996],[120.29929,22.83908],[120.3002,22.83782],[120.30007,22.83671],[120.30007,22.83632],[120.30014,22.83588],[120.30002,22.83564],[120.29928,22.83531],[120.29975,22.83561],[120.29583,22.83689],[120.29516,22.8349],[120.29866,22.83317],[120.29897,22.83246],[120.29855,22.83131],[120.29841,22.83066]],[[120.29541,22.831],[120.29515,22.83157],[120.29491,22.8312],[120.29541,22.831]]],[[[120.31246,22.79481],[120.31243,22.79884],[120.31373,22.79945],[120.3172,22.79959],[120.31795,22.80073],[120.31964,22.80107],[120.31967,22.80146],[120.32023,22.80143],[120.31977,22.80088],[120.31987,22.79928],[120.31889,22.79799],[120.31909,22.79692],[120.31829,22.79542],[120.31674,22.79485],[120.3157,22.79568],[120.31426,22.79495],[120.31246,22.79481]],[[120.31825,22.79564],[120.31821,22.79579],[120.31814,22.7957],[120.31825,22.79564]]],[[[120.32612,22.80683],[120.32611,22.80686],[120.32624,22.80687],[120.32612,22.80683]]],[[[120.32539,22.81078],[120.32508,22.81044],[120.32515,22.81088],[120.32539,22.81078]]],[[[120.29878,22.81661],[120.29865,22.81746],[120.29883,22.81745],[120.29878,22.81661]]],[[[120.3265,22.8022],[120.32552,22.80296],[120.32524,22.804],[120.32648,22.80463],[120.32623,22.80555],[120.32397,22.8052],[120.32382,22.80308],[120.32301,22.80311],[120.32398,22.8054],[120.32349,22.80535],[120.32377,22.80606],[120.32729,22.80615],[120.3256,22.80899],[120.32536,22.81532],[120.31895,22.81522],[120.31866,22.8148],[120.31995,22.81222],[120.3195,22.81017],[120.31995,22.80781],[120.31632,22.80832],[120.31537,22.81144],[120.31535,22.81301],[120.31493,22.81298],[120.31534,22.81149],[120.31527,22.81145],[120.31123,22.82315],[120.31097,22.82296],[120.3096,22.82551],[120.31063,22.82653],[120.3131,22.82606],[120.31459,22.82838],[120.3132,22.82605],[120.31631,22.82643],[120.31727,22.82518],[120.31795,22.82508],[120.31833,22.82413],[120.31878,22.82418],[120.31985,22.82194],[120.32295,22.82175],[120.32312,22.82232],[120.32283,22.82238],[120.32284,22.82281],[120.32317,22.82234],[120.32299,22.82174],[120.3237,22.82185],[120.32424,22.82315],[120.3232,22.82682],[120.32426,22.82676],[120.32441,22.82628],[120.32431,22.82742],[120.32452,22.82701],[120.32451,22.82748],[120.32478,22.8273],[120.32432,22.82838],[120.32457,22.82796],[120.32654,22.82888],[120.32739,22.83201],[120.32731,22.83269],[120.32676,22.83245],[120.32628,22.83248],[120.32582,22.8327],[120.32564,22.83307],[120.32642,22.83248],[120.3273,22.83273],[120.32564,22.83352],[120.32621,22.83422],[120.32582,22.83419],[120.32659,22.8365],[120.32711,22.83692],[120.32696,22.8385],[120.32586,22.83927],[120.32569,22.83868],[120.32497,22.83866],[120.32352,22.83932],[120.32381,22.83957],[120.32511,22.83896],[120.32555,22.83933],[120.32627,22.8394],[120.3275,22.83869],[120.32812,22.83748],[120.32955,22.83675],[120.32992,22.83696],[120.32951,22.83656],[120.32962,22.8357],[120.33163,22.83502],[120.33284,22.83532],[120.33311,22.83585],[120.33467,22.83547],[120.33599,22.83697],[120.33709,22.83693],[120.33989,22.83593],[120.339,22.83595],[120.33981,22.83554],[120.33975,22.83364],[120.33832,22.83315],[120.33771,22.83219],[120.33841,22.83172],[120.33855,22.83223],[120.3394,22.83221],[120.34028,22.83311],[120.34183,22.83321],[120.34252,22.83205],[120.34219,22.83099],[120.34274,22.83151],[120.34257,22.83109],[120.3433,22.83077],[120.34249,22.83094],[120.3431,22.83037],[120.34225,22.82953],[120.34033,22.82979],[120.33933,22.8292],[120.33759,22.82811],[120.33798,22.82768],[120.33756,22.82809],[120.33594,22.82715],[120.33631,22.82657],[120.33581,22.82708],[120.33477,22.82648],[120.33054,22.82533],[120.33208,22.82502],[120.33212,22.82401],[120.33167,22.82433],[120.33162,22.82392],[120.33075,22.82386],[120.32978,22.82188],[120.32926,22.82186],[120.328,22.82028],[120.32828,22.82002],[120.32769,22.81707],[120.32692,22.81641],[120.32729,22.81619],[120.3275,22.81077],[120.32646,22.81023],[120.3263,22.80943],[120.32742,22.80974],[120.32856,22.80628],[120.32799,22.80585],[120.32866,22.80539],[120.33045,22.80534],[120.33025,22.80606],[120.33218,22.80727],[120.33323,22.80744],[120.33396,22.80697],[120.33191,22.80473],[120.32997,22.80524],[120.32859,22.80468],[120.3278,22.80289],[120.32792,22.80196],[120.32681,22.80129],[120.3265,22.8022]],[[120.3193,22.81005],[120.31928,22.81003],[120.31928,22.81003],[120.3193,22.81005]],[[120.31564,22.81838],[120.31556,22.81788],[120.3156,22.81784],[120.31564,22.81838]],[[120.3364,22.83511],[120.33727,22.83569],[120.33773,22.83655],[120.33596,22.83677],[120.33535,22.83581],[120.33621,22.8354],[120.33623,22.83592],[120.33586,22.83592],[120.33617,22.83654],[120.33668,22.83654],[120.3364,22.83511]],[[120.3281,22.83257],[120.32924,22.83356],[120.32983,22.83348],[120.32986,22.834],[120.33138,22.83438],[120.33101,22.83517],[120.32906,22.83581],[120.32716,22.83439],[120.32732,22.83292],[120.3281,22.83257]],[[120.33329,22.83125],[120.33341,22.83121],[120.33347,22.83121],[120.33329,22.83125]],[[120.33905,22.82912],[120.339,22.8291],[120.33908,22.82911],[120.33905,22.82912]],[[120.33368,22.82714],[120.33419,22.82645],[120.3368,22.82773],[120.33651,22.82997],[120.33615,22.83003],[120.33633,22.82941],[120.33532,22.8306],[120.33462,22.83034],[120.33131,22.83207],[120.33114,22.83025],[120.32995,22.82945],[120.32974,22.83002],[120.32956,22.8301],[120.32939,22.83053],[120.32914,22.83073],[120.32965,22.83128],[120.32902,22.83118],[120.32897,22.83141],[120.33031,22.83166],[120.33077,22.8328],[120.32925,22.83354],[120.32818,22.83256],[120.32773,22.83247],[120.32735,22.83271],[120.32773,22.83179],[120.32849,22.83152],[120.32963,22.82962],[120.33014,22.8293],[120.33126,22.82893],[120.33217,22.82947],[120.33381,22.82893],[120.33469,22.8303],[120.3328,22.82666],[120.3332,22.82688],[120.3334,22.82624],[120.3341,22.82643],[120.33368,22.82714]],[[120.32411,22.82567],[120.32375,22.82588],[120.32375,22.82568],[120.32411,22.82567]],[[120.33202,22.82581],[120.33296,22.82727],[120.3328,22.82794],[120.33172,22.82779],[120.33082,22.82852],[120.33084,22.82771],[120.33252,22.82659],[120.33024,22.82676],[120.33018,22.82746],[120.32956,22.82782],[120.32928,22.83019],[120.32824,22.83119],[120.32808,22.83032],[120.32708,22.83027],[120.32651,22.82872],[120.32463,22.82788],[120.32585,22.82688],[120.32712,22.82688],[120.32737,22.82593],[120.32959,22.8268],[120.33008,22.82652],[120.32934,22.82629],[120.32963,22.82636],[120.33018,22.82617],[120.33028,22.82565],[120.33202,22.82581]],[[120.32621,22.82507],[120.32869,22.82535],[120.33067,22.82542],[120.33019,22.82559],[120.33016,22.82611],[120.32962,22.82626],[120.32895,22.82541],[120.32618,22.82614],[120.32621,22.82507]],[[120.33041,22.82504],[120.33048,22.8252],[120.3304,22.82532],[120.33041,22.82504]],[[120.32529,22.82518],[120.32506,22.82559],[120.32511,22.82498],[120.32529,22.82518]],[[120.32422,22.82494],[120.32403,22.82486],[120.32444,22.82488],[120.32422,22.82494]],[[120.32259,22.81801],[120.32467,22.81792],[120.32507,22.81789],[120.32467,22.81794],[120.32259,22.81801]],[[120.32629,22.80962],[120.3262,22.80956],[120.32627,22.80955],[120.32629,22.80962]],[[120.32603,22.8085],[120.32628,22.80874],[120.32602,22.80872],[120.32603,22.8085]],[[120.32663,22.80473],[120.3283,22.80551],[120.32752,22.80581],[120.32663,22.80473]]],[[[120.32033,22.82292],[120.32058,22.82202],[120.32028,22.82203],[120.32033,22.82292]]],[[[120.3323,22.82526],[120.33257,22.8257],[120.33288,22.82549],[120.33269,22.82519],[120.3323,22.82526]]],[[[120.30199,22.8251],[120.29964,22.82466],[120.29946,22.8251],[120.30133,22.82539],[120.30105,22.82656],[120.30232,22.82657],[120.30202,22.82881],[120.30244,22.82657],[120.30212,22.8288],[120.30542,22.82824],[120.3054,22.82752],[120.30452,22.82616],[120.30199,22.8251]],[[120.30519,22.82759],[120.30488,22.82719],[120.30384,22.82716],[120.30489,22.82718],[120.30519,22.82759]]],[[[120.29824,22.826],[120.29731,22.82706],[120.29756,22.82711],[120.29837,22.82748],[120.29893,22.82635],[120.29824,22.826]]],[[[120.32642,22.8275],[120.32665,22.82779],[120.32663,22.82746],[120.32642,22.8275]]],[[[120.29756,22.82713],[120.2967,22.82823],[120.29931,22.82831],[120.29946,22.82781],[120.29834,22.82749],[120.29756,22.82713]]],[[[120.33968,22.82877],[120.34024,22.82868],[120.33962,22.82875],[120.33968,22.82877]]],[[[120.33952,22.82875],[120.33944,22.82876],[120.33949,22.82878],[120.33952,22.82875]]],[[[120.34079,22.82875],[120.34193,22.82921],[120.34013,22.82874],[120.34079,22.82875]]],[[[120.34356,22.83056],[120.34363,22.83079],[120.3437,22.83053],[120.34356,22.83056]]],[[[120.29845,22.83036],[120.29844,22.83064],[120.29855,22.8309],[120.29898,22.83218],[120.29857,22.83034],[120.29742,22.82959],[120.29845,22.83036]]],[[[120.30606,22.83194],[120.30548,22.83159],[120.30532,22.83183],[120.3058,22.83212],[120.30606,22.83194]]],[[[120.32511,22.83225],[120.32537,22.83191],[120.32495,22.83202],[120.32511,22.83225]]],[[[120.30625,22.83242],[120.30608,22.83206],[120.30512,22.83253],[120.30528,22.8329],[120.30625,22.83242]]],[[[120.299,22.83258],[120.29922,22.83523],[120.30006,22.83562],[120.30019,22.83601],[120.3001,22.8367],[120.30062,22.83717],[120.30271,22.83457],[120.30028,22.83584],[120.30014,22.83557],[120.29945,22.83519],[120.29898,22.83218],[120.299,22.83258]]],[[[120.34052,22.8352],[120.3405,22.83491],[120.34045,22.83518],[120.34052,22.8352]]]]}},{"type":"Feature","properties":{"zone":"山坡地保育區","town":"岡山區"},"geometry":{"type":"MultiPolygon","coordinates":[[[[120.3273,22.80569],[120.3283,22.80551],[120.32669,22.80467],[120.3273,22.80569]]],[[[120.32866,22.80539],[120.32801,22.80587],[120.32824,22.806],[120.32824,22.80603],[120.3285,22.80617],[120.32856,22.80628],[120.32733,22.81009],[120.32706,22.81514],[120.32804,22.81851],[120.32803,22.82037],[120.32926,22.82186],[120.32978,22.82188],[120.33075,22.82386],[120.33162,22.82392],[120.33167,22.82433],[120.33212,22.82401],[120.33208,22.82502],[120.33156,22.82482],[120.33071,22.82538],[120.33195,22.82571],[120.33199,22.82523],[120.33269,22.82519],[120.33266,22.8259],[120.33581,22.82708],[120.33631,22.82657],[120.33594,22.82715],[120.33756,22.82809],[120.33798,22.82768],[120.33759,22.82811],[120.34033,22.82979],[120.34225,22.82953],[120.3431,22.83037],[120.34247,22.83078],[120.3433,22.83077],[120.34257,22.83109],[120.34276,22.8315],[120.34219,22.83099],[120.34252,22.83205],[120.34183,22.83321],[120.34028,22.83311],[120.3394,22.83221],[120.33855,22.83223],[120.33841,22.83172],[120.33771,22.83219],[120.33832,22.83315],[120.33981,22.83375],[120.3395,22.83494],[120.33983,22.83487],[120.33981,22.83554],[120.33908,22.83609],[120.3398,22.83584],[120.3395,22.83654],[120.3402,22.83717],[120.34289,22.83929],[120.34504,22.84017],[120.34637,22.83913],[120.34694,22.83661],[120.34605,22.83303],[120.34682,22.83219],[120.34614,22.83179],[120.34625,22.83067],[120.34554,22.83003],[120.34348,22.82992],[120.34013,22.82874],[120.34193,22.82921],[120.3418,22.82822],[120.34257,22.82828],[120.34226,22.82718],[120.34444,22.82822],[120.34704,22.82769],[120.34768,22.82826],[120.34951,22.82588],[120.35022,22.82595],[120.35057,22.82487],[120.34972,22.82469],[120.3492,22.82533],[120.34872,22.82525],[120.34868,22.82392],[120.34739,22.82316],[120.34889,22.82219],[120.34764,22.82121],[120.34874,22.81975],[120.3491,22.81801],[120.34987,22.81745],[120.34958,22.81607],[120.35093,22.81512],[120.3489,22.81263],[120.3485,22.8132],[120.34773,22.81282],[120.34771,22.81136],[120.3448,22.81231],[120.344,22.81129],[120.34432,22.81022],[120.34379,22.81015],[120.34386,22.80883],[120.34223,22.8091],[120.3416,22.81014],[120.34046,22.81036],[120.33916,22.80938],[120.33801,22.80969],[120.33397,22.80713],[120.33218,22.80727],[120.33025,22.80606],[120.33045,22.80534],[120.32866,22.80539]],[[120.33091,22.81631],[120.33071,22.81674],[120.33049,22.81635],[120.33091,22.81631]],[[120.33605,22.82418],[120.33511,22.8246],[120.33488,22.82388],[120.33534,22.82378],[120.33605,22.82418]],[[120.33146,22.82504],[120.33151,22.82501],[120.33152,22.82505],[120.33146,22.82504]],[[120.34024,22.82868],[120.33968,22.82877],[120.33962,22.82875],[120.34024,22.82868]],[[120.33949,22.82878],[120.33944,22.82876],[120.33952,22.82875],[120.33949,22.82878]],[[120.34362,22.83052],[120.34353,22.83087],[120.34332,22.8309],[120.34362,22.83052]],[[120.34052,22.83491],[120.34045,22.83518],[120.3405,22.83491],[120.34052,22.83491]]],[[[120.33535,22.82405],[120.3356,22.82411],[120.33552,22.82401],[120.33535,22.82405]]],[[[120.33234,22.82582],[120.33195,22.82571],[120.33196,22.82573],[120.33234,22.82582]]],[[[120.33904,22.82909],[120.339,22.8291],[120.33908,22.82911],[120.33904,22.82909]]],[[[120.33637,22.83517],[120.33672,22.83653],[120.33617,22.83654],[120.33586,22.83592],[120.33623,22.83592],[120.33621,22.8354],[120.33535,22.83581],[120.33596,22.83677],[120.33773,22.83655],[120.33637,22.83517]]]]}},{"type":"Feature","properties":{"zone":"工業區","town":"岡山區"},"geometry":{"type":"MultiPolygon","coordinates":[[[[120.25318,22.80828],[120.25319,22.80942],[120.25417,22.80945],[120.25437,22.81165],[120.25513,22.81164],[120.2567,22.8082],[120.25318,22.80828]]],[[[120.27119,22.80316],[120.2698,22.80308],[120.26928,22.80357],[120.2702,22.80387],[120.26573,22.80563],[120.26585,22.80705],[120.26231,22.80754],[120.26292,22.80749],[120.26285,22.80786],[120.26164,22.80803],[120.26143,22.80925],[120.26125,22.80898],[120.26023,22.8103],[120.26031,22.81094],[120.26098,22.81057],[120.26276,22.81166],[120.26025,22.81613],[120.26262,22.81713],[120.26276,22.81953],[120.26466,22.81928],[120.26488,22.8184],[120.26559,22.81831],[120.2673,22.81827],[120.26738,22.81919],[120.26838,22.81813],[120.27001,22.81794],[120.27001,22.81758],[120.27138,22.81777],[120.27145,22.81664],[120.27404,22.8167],[120.27583,22.8151],[120.27627,22.81338],[120.27557,22.8131],[120.27587,22.8056],[120.27639,22.80541],[120.27569,22.80534],[120.27576,22.80436],[120.27445,22.80487],[120.27475,22.80414],[120.27567,22.80379],[120.27225,22.80346],[120.27246,22.80292],[120.27191,22.80256],[120.27146,22.80251],[120.27119,22.80316]]],[[[120.28462,22.81754],[120.28385,22.81778],[120.28432,22.82126],[120.28586,22.82137],[120.28826,22.81764],[120.286,22.81786],[120.28472,22.81736],[120.28409,22.81731],[120.28462,22.81754]]],[[[120.25722,22.81701],[120.25314,22.81803],[120.25348,22.82047],[120.25312,22.82104],[120.25511,22.82322],[120.25545,22.8249],[120.25808,22.82433],[120.25706,22.82163],[120.25807,22.81993],[120.25758,22.81835],[120.25804,22.8183],[120.25812,22.81718],[120.25722,22.81701]]],[[[120.29945,22.82474],[120.29874,22.82488],[120.29824,22.826],[120.29893,22.82635],[120.29837,22.82748],[120.29949,22.8278],[120.29904,22.82912],[120.30202,22.82881],[120.30232,22.82657],[120.30105,22.82656],[120.30133,22.82539],[120.29946,22.8251],[120.29945,22.82474]]],[[[120.29893,22.83304],[120.29854,22.83453],[120.29925,22.83529],[120.29893,22.83304]]],[[[120.29858,22.83321],[120.29516,22.8349],[120.29583,22.83689],[120.29975,22.83561],[120.29896,22.83527],[120.29851,22.83454],[120.29858,22.83321]]],[[[120.31435,22.801],[120.31373,22.80087],[120.31362,22.80196],[120.31191,22.80131],[120.31169,22.80429],[120.31389,22.80416],[120.31348,22.80719],[120.31365,22.80677],[120.31542,22.80678],[120.31602,22.80419],[120.31556,22.80386],[120.31633,22.80137],[120.31475,22.80105],[120.31505,22.79967],[120.31435,22.801]]],[[[120.30756,22.82748],[120.30567,22.82834],[120.3058,22.82868],[120.3058,22.82886],[120.30568,22.82898],[120.30576,22.82964],[120.30564,22.83032],[120.30756,22.82748]]],[[[120.31556,22.82998],[120.3156,22.83055],[120.31456,22.83096],[120.31475,22.8313],[120.31665,22.82983],[120.31556,22.82998]]],[[[120.32247,22.82923],[120.31684,22.82981],[120.31719,22.82994],[120.31659,22.83196],[120.3162,22.832],[120.31635,22.83288],[120.32104,22.83289],[120.32175,22.83161],[120.32062,22.83171],[120.32175,22.8316],[120.32252,22.83048],[120.32247,22.82923]]],[[[120.30558,22.82841],[120.29729,22.8295],[120.2987,22.83064],[120.29945,22.83519],[120.30044,22.83582],[120.30271,22.83457],[120.30562,22.83035],[120.30558,22.82841]]],[[[120.31601,22.83202],[120.31515,22.83202],[120.31544,22.83253],[120.31601,22.83202]]],[[[120.32253,22.83066],[120.32123,22.83264],[120.32108,22.83412],[120.32108,22.83513],[120.3218,22.83525],[120.32183,22.83592],[120.32112,22.83573],[120.32103,22.8359],[120.32173,22.83612],[120.3219,22.83702],[120.32105,22.83729],[120.32178,22.83908],[120.32143,22.83941],[120.32201,22.8399],[120.32485,22.83877],[120.32264,22.83262],[120.32253,22.83066]]]]}},{"type":"Feature","properties":{"zone":"河川區","town":"岡山區"},"geometry":{"type":"MultiPolygon","coordinates":[[[[120.28144,22.76631],[120.28222,22.76776],[120.28213,22.76901],[120.28251,22.76943],[120.28353,22.76979],[120.28143,22.77165],[120.2842,22.76938],[120.28436,22.76871],[120.28315,22.76944],[120.28242,22.76927],[120.2824,22.76795],[120.28212,22.76709],[120.28144,22.76631]],[[120.28412,22.76905],[120.28362,22.76975],[120.28334,22.7695],[120.28412,22.76905]]],[[[120.29019,22.7703],[120.28904,22.77006],[120.2902,22.77033],[120.29019,22.7703]]],[[[120.28529,22.77632],[120.28689,22.7781],[120.28743,22.77797],[120.28529,22.77632]]],[[[120.26138,22.79741],[120.26565,22.79984],[120.26952,22.80055],[120.27234,22.80284],[120.27583,22.80381],[120.27576,22.80413],[120.27576,22.80436],[120.27579,22.80434],[120.27596,22.80334],[120.27391,22.80321],[120.27048,22.80051],[120.26653,22.79979],[120.26491,22.79857],[120.26138,22.79741]]],[[[120.27541,22.80304],[120.27568,22.80309],[120.27541,22.80302],[120.27541,22.80304]]]]}},{"type":"Feature","properties":{"zone":"特定專用區","town":"岡山區"},"geometry":{"type":"MultiPolygon","coordinates":[[[[120.28479,22.77053],[120.28434,22.77083],[120.28408,22.77059],[120.28442,22.77113],[120.28447,22.77113],[120.28479,22.77053]]],[[[120.28662,22.77147],[120.28541,22.77156],[120.28652,22.77237],[120.28762,22.77216],[120.28662,22.77147]]],[[[120.28137,22.7717],[120.279,22.77365],[120.28035,22.77448],[120.28141,22.77444],[120.27922,22.7736],[120.28137,22.7717]]],[[[120.27934,22.77468],[120.27974,22.775],[120.27976,22.77498],[120.27934,22.77468]]],[[[120.27889,22.77609],[120.27822,22.77542],[120.2782,22.77543],[120.27889,22.77609]]],[[[120.28529,22.77632],[120.28687,22.77774],[120.28726,22.77793],[120.28751,22.77794],[120.28488,22.77587],[120.28203,22.77438],[120.2815,22.77439],[120.28529,22.77632]]],[[[120.2851,22.7765],[120.28237,22.77882],[120.28323,22.7796],[120.28449,22.77963],[120.28771,22.77831],[120.28689,22.7781],[120.2851,22.7765]],[[120.28346,22.77831],[120.28344,22.77833],[120.28345,22.77831],[120.28346,22.77831]]],[[[120.26684,22.77856],[120.26651,22.77827],[120.26637,22.77836],[120.26684,22.77856]]],[[[120.28231,22.77882],[120.28166,22.77906],[120.2821,22.7796],[120.28315,22.7796],[120.28231,22.77882]]],[[[120.27255,22.78213],[120.27213,22.78172],[120.27207,22.78176],[120.27255,22.78213]]],[[[120.27324,22.78265],[120.27295,22.78238],[120.27288,22.78239],[120.27324,22.78265]]],[[[120.26301,22.77029],[120.25904,22.77011],[120.25833,22.77247],[120.2605,22.77328],[120.26027,22.77426],[120.26216,22.77599],[120.2601,22.77942],[120.25519,22.77895],[120.25497,22.78019],[120.25564,22.78038],[120.25493,22.78198],[120.25513,22.7833],[120.25394,22.7865],[120.25316,22.78772],[120.25277,22.78768],[120.25221,22.78926],[120.25254,22.79073],[120.25462,22.79119],[120.25417,22.79299],[120.25462,22.79355],[120.2566,22.79415],[120.25894,22.79402],[120.25903,22.7944],[120.26056,22.79399],[120.26068,22.79559],[120.26255,22.79555],[120.26256,22.7961],[120.26269,22.79546],[120.26657,22.79749],[120.26776,22.79745],[120.2702,22.79647],[120.27195,22.79482],[120.27234,22.79087],[120.27402,22.79329],[120.27402,22.79218],[120.27264,22.78974],[120.27328,22.78951],[120.27263,22.78971],[120.27219,22.78931],[120.27258,22.78935],[120.27256,22.7888],[120.2737,22.78877],[120.27389,22.78951],[120.27383,22.7832],[120.27202,22.7818],[120.27086,22.78203],[120.27084,22.78112],[120.26947,22.78103],[120.26897,22.78185],[120.26841,22.78159],[120.26804,22.78118],[120.26848,22.7808],[120.26732,22.7793],[120.26567,22.77869],[120.26563,22.77532],[120.26518,22.77505],[120.26563,22.77481],[120.26558,22.77186],[120.26345,22.77017],[120.26343,22.769],[120.26301,22.77029]],[[120.25664,22.79411],[120.25652,22.79406],[120.2567,22.79405],[120.25664,22.79411]],[[120.27118,22.79528],[120.2713,22.79536],[120.27118,22.79547],[120.27118,22.79528]]],[[[120.27405,22.79017],[120.27406,22.78964],[120.27381,22.78956],[120.27382,22.7904],[120.27394,22.78982],[120.27405,22.79017]]],[[[120.31152,22.8063],[120.31191,22.80131],[120.31141,22.8066],[120.31152,22.8063]]],[[[120.31138,22.80701],[120.31141,22.80737],[120.31144,22.80701],[120.31138,22.80701]]],[[[120.31132,22.80773],[120.31103,22.81125],[120.31034,22.81133],[120.30982,22.81352],[120.30878,22.81414],[120.31294,22.81479],[120.31337,22.81442],[120.31384,22.81115],[120.31476,22.80867],[120.31394,22.80867],[120.31394,22.80813],[120.31482,22.80812],[120.31132,22.80773]],[[120.31086,22.81268],[120.31023,22.81259],[120.31025,22.81255],[120.31086,22.81268]]],[[[120.26036,22.81096],[120.25998,22.81174],[120.26061,22.81183],[120.26017,22.81148],[120.26036,22.81096]]],[[[120.27407,22.81667],[120.2758,22.81519],[120.27583,22.8151],[120.27467,22.81613],[120.27407,22.81667]]],[[[120.25979,22.81687],[120.25807,22.81993],[120.26008,22.81716],[120.26089,22.8184],[120.26069,22.81916],[120.26022,22.81925],[120.26009,22.82064],[120.26113,22.82031],[120.26143,22.81946],[120.26179,22.8207],[120.26192,22.81942],[120.26249,22.81935],[120.26289,22.82058],[120.26262,22.81713],[120.26087,22.81637],[120.26014,22.81706],[120.26035,22.81616],[120.2592,22.8158],[120.25873,22.81677],[120.25979,22.81687]]],[[[120.26824,22.81862],[120.2674,22.81934],[120.26868,22.81922],[120.26824,22.81862]]],[[[120.29311,22.82537],[120.29336,22.82675],[120.29508,22.82849],[120.29609,22.82882],[120.29812,22.82592],[120.29364,22.82476],[120.29311,22.82537]]],[[[120.31187,22.80112],[120.31267,22.79972],[120.31344,22.79933],[120.31211,22.79837],[120.31187,22.80112]]],[[[120.3167,22.80574],[120.31624,22.80531],[120.31609,22.80587],[120.3167,22.80574]]],[[[120.31678,22.80605],[120.31608,22.80592],[120.31586,22.80679],[120.31641,22.8068],[120.31678,22.80605]]],[[[120.31804,22.80604],[120.31725,22.8068],[120.31849,22.80682],[120.31833,22.80667],[120.31804,22.80604]]],[[[120.31886,22.80632],[120.31826,22.80631],[120.31846,22.80674],[120.31896,22.80678],[120.31886,22.80632]]],[[[120.31539,22.80689],[120.31364,22.80688],[120.31361,22.80742],[120.31527,22.80736],[120.31539,22.80689]]],[[[120.31705,22.80745],[120.31707,22.80691],[120.31662,22.807],[120.3165,22.80742],[120.31705,22.80745]]],[[[120.31572,22.80737],[120.31642,22.80742],[120.31653,22.80703],[120.31582,22.80695],[120.31572,22.80737]]],[[[120.3174,22.80716],[120.31747,22.80746],[120.31896,22.80747],[120.31892,22.80693],[120.3174,22.80716]]],[[[120.31883,22.80788],[120.3176,22.80782],[120.3176,22.80805],[120.31632,22.80805],[120.31629,22.80815],[120.31867,22.80805],[120.31883,22.80788]]],[[[120.31554,22.80803],[120.31525,22.80967],[120.31571,22.80965],[120.31623,22.80805],[120.31554,22.80803]]],[[[120.31512,22.8106],[120.31569,22.8097],[120.31525,22.80971],[120.31512,22.8106]]],[[[120.31497,22.81282],[120.31535,22.81301],[120.31541,22.8115],[120.31534,22.81149],[120.31497,22.81282]]],[[[120.31402,22.81395],[120.31488,22.81297],[120.31528,22.81147],[120.31402,22.81395]]],[[[120.31407,22.81408],[120.31389,22.81492],[120.31425,22.81387],[120.31407,22.81408]]],[[[120.3133,22.81459],[120.31334,22.81484],[120.31346,22.81448],[120.3133,22.81459]]],[[[120.31275,22.81653],[120.31281,22.8166],[120.31283,22.81654],[120.31275,22.81653]]],[[[120.31204,22.81759],[120.31274,22.81674],[120.31217,22.81667],[120.31204,22.81759]]],[[[120.31736,22.82525],[120.31578,22.82762],[120.32003,22.82722],[120.31844,22.82739],[120.3171,22.82976],[120.32247,22.82923],[120.32252,22.83048],[120.32113,22.83251],[120.32104,22.83289],[120.31635,22.83288],[120.3162,22.832],[120.31659,22.83196],[120.31719,22.82994],[120.31684,22.82981],[120.3184,22.8274],[120.31584,22.82768],[120.31539,22.82858],[120.31555,22.82995],[120.31665,22.82983],[120.31475,22.8313],[120.31458,22.83073],[120.31557,22.83051],[120.31549,22.82975],[120.315,22.83001],[120.3148,22.82864],[120.31447,22.83091],[120.31753,22.83637],[120.32084,22.83567],[120.32123,22.83264],[120.32253,22.83066],[120.32264,22.83262],[120.32458,22.83783],[120.32587,22.83722],[120.32597,22.83617],[120.32592,22.83725],[120.3246,22.83787],[120.32485,22.83877],[120.32569,22.83868],[120.32586,22.83927],[120.32681,22.83871],[120.32716,22.83713],[120.32597,22.83499],[120.32591,22.83614],[120.32582,22.83419],[120.32621,22.83422],[120.32564,22.83352],[120.32729,22.83286],[120.32642,22.83248],[120.32584,22.83272],[120.3258,22.83297],[120.32565,22.83311],[120.32564,22.83307],[120.32582,22.8327],[120.32628,22.83248],[120.32676,22.83245],[120.32731,22.83269],[120.32654,22.82888],[120.32457,22.82796],[120.32416,22.82916],[120.32253,22.83064],[120.32404,22.82907],[120.32347,22.82909],[120.32322,22.82686],[120.32007,22.82722],[120.3199,22.82587],[120.31827,22.82583],[120.31818,22.82515],[120.31736,22.82525]],[[120.31544,22.83253],[120.31515,22.83202],[120.31601,22.83202],[120.31544,22.83253]],[[120.32511,22.83225],[120.32537,22.83191],[120.32549,22.83218],[120.32511,22.83225]],[[120.32122,22.83249],[120.32096,22.83398],[120.32113,22.83263],[120.3212,22.83248],[120.32182,22.83161],[120.32122,22.83249]]],[[[120.3153,22.83256],[120.31542,22.83266],[120.31529,22.83246],[120.3153,22.83256]]],[[[120.31538,22.83269],[120.31577,22.8364],[120.31743,22.83635],[120.31538,22.83269]]],[[[120.3211,22.80681],[120.32089,22.80677],[120.32088,22.80681],[120.3211,22.80681]]],[[[120.32682,22.80745],[120.3267,22.80742],[120.32663,22.8075],[120.32682,22.80745]]],[[[120.32627,22.80955],[120.32621,22.80964],[120.32629,22.80962],[120.32627,22.80955]]],[[[120.3267,22.81029],[120.32733,22.81042],[120.32747,22.80975],[120.3263,22.80943],[120.3267,22.81029]]],[[[120.32361,22.80752],[120.3234,22.80785],[120.32356,22.8075],[120.31998,22.80753],[120.3195,22.81017],[120.31995,22.81222],[120.31866,22.8148],[120.31895,22.81522],[120.3196,22.8154],[120.32156,22.81521],[120.32295,22.8126],[120.32163,22.81078],[120.32048,22.81067],[120.31968,22.81],[120.32432,22.81039],[120.32425,22.81083],[120.32515,22.81088],[120.3254,22.81047],[120.32545,22.81236],[120.3256,22.80899],[120.3267,22.80759],[120.32361,22.80752]],[[120.32147,22.81522],[120.32115,22.81519],[120.32149,22.81517],[120.32147,22.81522]],[[120.32599,22.80826],[120.32516,22.80767],[120.3265,22.80765],[120.32599,22.80826]],[[120.32454,22.80758],[120.32571,22.80759],[120.32513,22.80767],[120.32511,22.80774],[120.32454,22.80758]]],[[[120.32707,22.8166],[120.32716,22.81625],[120.32692,22.81641],[120.32707,22.8166]]],[[[120.33071,22.81674],[120.33091,22.81631],[120.33049,22.81635],[120.33071,22.81674]]],[[[120.32422,22.82494],[120.32403,22.82486],[120.32405,22.82511],[120.32422,22.82494]]],[[[120.33146,22.82504],[120.33152,22.82505],[120.33151,22.82501],[120.33146,22.82504]]],[[[120.33048,22.8252],[120.33041,22.82504],[120.3304,22.82532],[120.33048,22.8252]]],[[[120.32506,22.82559],[120.32529,22.82518],[120.32511,22.82498],[120.32506,22.82559]]],[[[120.33071,22.82538],[120.33065,22.82525],[120.33054,22.82533],[120.33071,22.82538]]],[[[120.33176,22.8254],[120.33273,22.82568],[120.3323,22.82526],[120.33176,22.8254]]],[[[120.32633,22.82608],[120.32895,22.82541],[120.32962,22.82626],[120.33016,22.82611],[120.33019,22.82559],[120.33067,22.82542],[120.32621,22.82507],[120.32633,22.82608]]],[[[120.32375,22.82568],[120.32413,22.82585],[120.32411,22.82567],[120.32375,22.82568]]],[[[120.33028,22.82565],[120.33018,22.82617],[120.32963,22.82636],[120.32934,22.82629],[120.32989,22.82669],[120.32737,22.82593],[120.32712,22.82688],[120.32585,22.82688],[120.32463,22.82788],[120.32651,22.82872],[120.32708,22.83027],[120.32808,22.83032],[120.32831,22.83116],[120.32928,22.83019],[120.32956,22.82782],[120.33018,22.82746],[120.33024,22.82676],[120.33086,22.82649],[120.33098,22.8269],[120.33156,22.82684],[120.33227,22.82638],[120.33252,22.82659],[120.33084,22.82771],[120.33082,22.82852],[120.33172,22.82779],[120.33285,22.82785],[120.33296,22.82727],[120.33223,22.82588],[120.33028,22.82565]],[[120.32672,22.82758],[120.32636,22.8278],[120.32642,22.8275],[120.32672,22.82758]]],[[[120.3328,22.82666],[120.3347,22.83032],[120.3354,22.83056],[120.33542,22.83005],[120.33633,22.82941],[120.33615,22.83003],[120.33651,22.82997],[120.3368,22.82773],[120.33419,22.82645],[120.33375,22.82723],[120.33367,22.82722],[120.3341,22.82643],[120.3334,22.82624],[120.3332,22.82688],[120.3328,22.82666]]],[[[120.33381,22.82893],[120.33217,22.82947],[120.33126,22.82893],[120.32978,22.82949],[120.32963,22.82962],[120.32971,22.83001],[120.32953,22.83009],[120.32937,22.8305],[120.3292,22.83059],[120.32891,22.83087],[120.32839,22.83162],[120.32773,22.83179],[120.32735,22.83271],[120.3281,22.83253],[120.32851,22.83277],[120.32925,22.83354],[120.3299,22.83347],[120.33077,22.8328],[120.33031,22.83166],[120.32897,22.83141],[120.32965,22.83128],[120.32913,22.831],[120.32974,22.83002],[120.32967,22.82966],[120.33114,22.83025],[120.33131,22.83207],[120.3346,22.83043],[120.33381,22.82893]]],[[[120.32732,22.83292],[120.32716,22.83439],[120.32906,22.83581],[120.33101,22.83517],[120.33136,22.83464],[120.32986,22.834],[120.32983,22.83348],[120.32924,22.83356],[120.3281,22.83257],[120.32732,22.83292]]],[[[120.32323,22.83924],[120.32291,22.83924],[120.32234,22.83969],[120.32287,22.83935],[120.32323,22.83924]]]]}},{"type":"Feature","properties":{"zone":"特定農業區","town":"岡山區"},"geometry":{"type":"MultiPolygon","coordinates":[[[[120.27486,22.77184],[120.27536,22.77208],[120.27592,22.77168],[120.2757,22.77147],[120.27486,22.77184]]],[[[120.27953,22.77321],[120.28201,22.7712],[120.28143,22.77165],[120.28141,22.77113],[120.27908,22.77304],[120.27953,22.77321]]],[[[120.27202,22.7699],[120.26965,22.77071],[120.27074,22.77043],[120.27065,22.7722],[120.27227,22.77581],[120.27432,22.77397],[120.27285,22.77223],[120.27358,22.77178],[120.27169,22.77019],[120.27202,22.7699]]],[[[120.28019,22.77457],[120.28207,22.77471],[120.28485,22.77624],[120.28424,22.77736],[120.28526,22.77636],[120.28218,22.77456],[120.2805,22.77453],[120.27951,22.77392],[120.28019,22.77457]]],[[[120.28266,22.77598],[120.28239,22.77699],[120.283,22.77626],[120.28266,22.77598]]],[[[120.27915,22.77663],[120.2782,22.77956],[120.2821,22.7796],[120.28166,22.77906],[120.28201,22.77903],[120.28231,22.77882],[120.28286,22.77938],[120.28323,22.7796],[120.28237,22.77882],[120.28323,22.77778],[120.28358,22.77804],[120.28368,22.77804],[120.28324,22.77773],[120.28201,22.77896],[120.28161,22.77843],[120.28131,22.7787],[120.28067,22.77806],[120.2811,22.77753],[120.28026,22.77761],[120.27748,22.7748],[120.27915,22.77663]]],[[[120.28346,22.77833],[120.28345,22.77831],[120.28344,22.77833],[120.28346,22.77833]]],[[[120.27195,22.78127],[120.2724,22.78195],[120.2738,22.78317],[120.27373,22.78104],[120.27195,22.78127]]],[[[120.27585,22.80379],[120.27586,22.804],[120.27593,22.8038],[120.27585,22.80379]]],[[[120.27585,22.8047],[120.27586,22.80476],[120.27587,22.80461],[120.27585,22.8047]]],[[[120.27577,22.80443],[120.27567,22.80524],[120.27586,22.80536],[120.27578,22.80467],[120.27585,22.80434],[120.27577,22.80443]]],[[[120.265,22.80714],[120.26506,22.80614],[120.26487,22.80611],[120.265,22.80714]]],[[[120.28722,22.82196],[120.28704,22.821],[120.28709,22.82197],[120.28722,22.82196]]],[[[120.28633,22.822],[120.28629,22.82146],[120.28628,22.82128],[120.28613,22.82177],[120.28633,22.822]]],[[[120.28764,22.77828],[120.28771,22.77831],[120.28773,22.77831],[120.28764,22.77828]]],[[[120.31443,22.81317],[120.31456,22.81317],[120.31443,22.81315],[120.31443,22.81317]]],[[[120.28903,22.81756],[120.28848,22.81788],[120.28905,22.81786],[120.28903,22.81756]]],[[[120.31331,22.79903],[120.31214,22.79845],[120.3124,22.79892],[120.31268,22.79908],[120.31284,22.79911],[120.31332,22.79908],[120.31344,22.79933],[120.31267,22.79972],[120.31205,22.80148],[120.31362,22.80196],[120.31373,22.80087],[120.31454,22.80108],[120.31505,22.79967],[120.31475,22.80105],[120.31633,22.80137],[120.31605,22.80305],[120.31568,22.80316],[120.31556,22.80386],[120.31602,22.80419],[120.31542,22.80678],[120.31365,22.80677],[120.31539,22.80689],[120.31527,22.80736],[120.31361,22.80742],[120.31363,22.80689],[120.31348,22.80719],[120.31389,22.80416],[120.31169,22.80429],[120.31136,22.80799],[120.31482,22.80812],[120.31394,22.80813],[120.31394,22.80867],[120.31476,22.80867],[120.31384,22.81115],[120.31332,22.81449],[120.31294,22.81479],[120.30878,22.81414],[120.30982,22.81352],[120.31032,22.81133],[120.29152,22.81309],[120.28435,22.82361],[120.28964,22.81597],[120.28977,22.82248],[120.29017,22.82432],[120.28974,22.82531],[120.29001,22.82532],[120.29036,22.8247],[120.29196,22.82409],[120.29302,22.82547],[120.29353,22.82518],[120.29403,22.82395],[120.29496,22.82406],[120.29534,22.82453],[120.29514,22.82527],[120.29812,22.82592],[120.29725,22.82705],[120.29609,22.82882],[120.29498,22.82856],[120.29392,22.82741],[120.29495,22.82835],[120.29429,22.82732],[120.29289,22.82661],[120.29345,22.82616],[120.2929,22.82594],[120.29262,22.82654],[120.29413,22.8274],[120.29237,22.82669],[120.29424,22.82789],[120.29497,22.82912],[120.29612,22.82907],[120.29841,22.83066],[120.29855,22.83131],[120.29897,22.83246],[120.29859,22.8333],[120.29836,22.83401],[120.29851,22.83454],[120.2988,22.83513],[120.29896,22.83527],[120.30016,22.83601],[120.30007,22.83632],[120.30007,22.83671],[120.3002,22.83782],[120.29929,22.83908],[120.30042,22.8385],[120.30057,22.83727],[120.30319,22.8372],[120.30392,22.8364],[120.30727,22.83485],[120.30831,22.83706],[120.31298,22.83713],[120.31307,22.83635],[120.31563,22.83645],[120.31538,22.83269],[120.3199,22.84152],[120.32005,22.84043],[120.32178,22.83912],[120.32105,22.83729],[120.3219,22.83702],[120.32167,22.83611],[120.32095,22.83594],[120.32093,22.83633],[120.32007,22.83668],[120.32084,22.83658],[120.32043,22.83765],[120.31952,22.83781],[120.31943,22.83746],[120.31871,22.83786],[120.31839,22.8366],[120.31793,22.83677],[120.31774,22.83673],[120.31917,22.83612],[120.31753,22.83637],[120.31447,22.83091],[120.31209,22.83101],[120.31194,22.83055],[120.31103,22.83084],[120.31084,22.83026],[120.30905,22.83075],[120.30824,22.82919],[120.30869,22.82894],[120.30834,22.82822],[120.30938,22.82802],[120.30946,22.8274],[120.30937,22.82826],[120.30961,22.82772],[120.31025,22.82888],[120.31101,22.82882],[120.31111,22.82923],[120.31103,22.82883],[120.31215,22.82844],[120.31199,22.82792],[120.31303,22.82891],[120.31281,22.82842],[120.31394,22.82856],[120.31449,22.82815],[120.3131,22.82606],[120.31063,22.82653],[120.3096,22.82551],[120.31097,22.82296],[120.31123,22.82315],[120.3144,22.81281],[120.31541,22.8115],[120.31632,22.80832],[120.31872,22.80822],[120.31998,22.80753],[120.3263,22.80759],[120.32721,22.80682],[120.32659,22.80681],[120.32729,22.80615],[120.32369,22.806],[120.32349,22.80535],[120.32398,22.8054],[120.32301,22.80318],[120.32359,22.80301],[120.32242,22.80052],[120.32083,22.80141],[120.31967,22.80146],[120.31964,22.80107],[120.31795,22.80073],[120.3172,22.79959],[120.31373,22.79945],[120.31331,22.79903]],[[120.31538,22.83269],[120.31529,22.83246],[120.31542,22.83266],[120.31538,22.83269]],[[120.30625,22.83242],[120.30528,22.8329],[120.30512,22.83253],[120.30608,22.83206],[120.30625,22.83242]],[[120.30606,22.83194],[120.3058,22.83212],[120.30532,22.83183],[120.30548,22.83159],[120.30606,22.83194]],[[120.3144,22.83098],[120.3144,22.83097],[120.31441,22.83097],[120.3144,22.83098]],[[120.29707,22.82947],[120.29744,22.82964],[120.29839,22.83036],[120.29823,22.83041],[120.29707,22.82947]],[[120.29664,22.82931],[120.29626,22.82897],[120.29672,22.82927],[120.29904,22.82892],[120.29664,22.82931]],[[120.29673,22.82924],[120.2973,22.82889],[120.29735,22.82916],[120.29673,22.82924]],[[120.30577,22.82869],[120.30565,22.82896],[120.30573,22.82964],[120.30561,22.82969],[120.30562,22.83035],[120.30243,22.83535],[120.30113,22.83686],[120.30033,22.83706],[120.3001,22.8367],[120.30019,22.83601],[120.30006,22.83562],[120.29897,22.83523],[120.29854,22.83453],[120.299,22.83247],[120.29845,22.83036],[120.29729,22.8295],[120.30577,22.82869]],[[120.29668,22.82831],[120.29929,22.82838],[120.29906,22.82871],[120.29905,22.82889],[120.29631,22.82885],[120.29668,22.82831]],[[120.31251,22.82828],[120.31196,22.8278],[120.31196,22.82778],[120.31251,22.82828]],[[120.30755,22.82746],[120.30645,22.82911],[120.30564,22.83032],[120.30576,22.82964],[120.30568,22.82898],[120.3058,22.82886],[120.3058,22.82868],[120.30567,22.82834],[120.30755,22.82746]],[[120.29737,22.82716],[120.29884,22.82766],[120.29946,22.82781],[120.29931,22.82831],[120.2967,22.82823],[120.29737,22.82716]],[[120.28999,22.82529],[120.28999,22.82529],[120.28999,22.82529],[120.28999,22.82529]],[[120.29874,22.82488],[120.30199,22.8251],[120.30452,22.82616],[120.3054,22.82752],[120.30542,22.82824],[120.30212,22.8288],[120.30244,22.82657],[120.30209,22.82881],[120.29904,22.82912],[120.29949,22.8278],[120.29731,22.82706],[120.29824,22.82602],[120.29874,22.82488]],[[120.2981,22.82492],[120.29861,22.8248],[120.29813,22.8259],[120.29663,22.82544],[120.29671,22.82523],[120.29689,22.82429],[120.2981,22.82492]],[[120.29546,22.82418],[120.29686,22.82431],[120.29661,22.82542],[120.2952,22.82525],[120.29546,22.82418]],[[120.29347,22.82513],[120.29262,22.82446],[120.29389,22.82398],[120.29347,22.82513]],[[120.29527,22.82403],[120.29635,22.82389],[120.29636,22.82418],[120.29557,22.82409],[120.29527,22.82403]],[[120.2977,22.82407],[120.29813,22.82466],[120.29729,22.82435],[120.29687,22.82427],[120.29648,22.82424],[120.29646,22.82389],[120.2977,22.82407]],[[120.29327,22.82413],[120.29277,22.82395],[120.29313,22.82381],[120.29327,22.82413]],[[120.29429,22.82395],[120.2952,22.82383],[120.29521,22.82406],[120.29429,22.82395]],[[120.29362,22.82362],[120.29401,22.82383],[120.29376,22.82394],[120.29362,22.82362]],[[120.29494,22.82309],[120.29551,22.82379],[120.29438,22.82366],[120.2942,22.82333],[120.29494,22.82309]],[[120.30587,22.82216],[120.30626,22.82254],[120.30515,22.82246],[120.30508,22.82204],[120.30409,22.82221],[120.30432,22.82196],[120.30496,22.82197],[120.30587,22.82216]],[[120.30009,22.82186],[120.30013,22.82182],[120.30017,22.82179],[120.30009,22.82186]],[[120.29924,22.82145],[120.29829,22.82146],[120.29983,22.82143],[120.29924,22.82145]],[[120.30589,22.81935],[120.30602,22.81901],[120.30628,22.81933],[120.30589,22.81935]],[[120.30245,22.81904],[120.30266,22.81944],[120.30259,22.81978],[120.30245,22.81904]],[[120.30239,22.81902],[120.30262,22.82038],[120.30279,22.82084],[120.30268,22.81931],[120.30413,22.81928],[120.30456,22.81973],[120.3057,22.81916],[120.30589,22.81946],[120.30689,22.81976],[120.30675,22.82],[120.30802,22.81987],[120.30795,22.82024],[120.30774,22.82007],[120.30717,22.82022],[120.30781,22.82025],[120.30806,22.82233],[120.30674,22.8223],[120.30667,22.82096],[120.30629,22.82099],[120.30622,22.82216],[120.30499,22.8219],[120.30432,22.82191],[120.30332,22.82273],[120.30279,22.82221],[120.29973,22.82336],[120.29987,22.8221],[120.3013,22.82138],[120.3017,22.81893],[120.30239,22.81902]],[[120.28974,22.81778],[120.28974,22.81776],[120.28974,22.81776],[120.28974,22.81778]],[[120.29347,22.81816],[120.2931,22.81833],[120.29285,22.81773],[120.29347,22.81816]],[[120.2963,22.81863],[120.29733,22.81755],[120.29735,22.81755],[120.2963,22.81863]],[[120.29257,22.81682],[120.29262,22.81691],[120.29259,22.81691],[120.29257,22.81682]],[[120.29188,22.81668],[120.29276,22.81769],[120.29302,22.81825],[120.29228,22.81834],[120.2924,22.818],[120.29115,22.81696],[120.29188,22.81668]],[[120.31248,22.81765],[120.31204,22.81759],[120.31217,22.81667],[120.31274,22.81674],[120.31248,22.81765]],[[120.29883,22.81745],[120.29859,22.81661],[120.29878,22.81661],[120.29883,22.81745]],[[120.31283,22.81654],[120.31273,22.81658],[120.31275,22.81653],[120.31283,22.81654]],[[120.2927,22.81577],[120.29292,22.81656],[120.29193,22.81659],[120.29179,22.81608],[120.29179,22.81666],[120.29082,22.81664],[120.29158,22.81538],[120.2927,22.81577]],[[120.31323,22.81465],[120.31334,22.81484],[120.31303,22.8148],[120.31323,22.81465]],[[120.31525,22.80971],[120.31569,22.8097],[120.31541,22.81067],[120.31512,22.8106],[120.31525,22.80971]],[[120.31623,22.80805],[120.31571,22.80965],[120.31525,22.80967],[120.31554,22.80803],[120.31623,22.80805]],[[120.31629,22.80815],[120.31883,22.80788],[120.31867,22.80805],[120.31629,22.80815]],[[120.31653,22.80703],[120.31572,22.80737],[120.31582,22.80695],[120.31653,22.80703]],[[120.31896,22.80747],[120.31747,22.80746],[120.3173,22.80691],[120.31892,22.80693],[120.31896,22.80747]],[[120.31719,22.80745],[120.3165,22.80742],[120.31662,22.807],[120.31707,22.80691],[120.31719,22.80745]],[[120.32624,22.80687],[120.32611,22.80686],[120.32612,22.80683],[120.32624,22.80687]],[[120.3211,22.80681],[120.32102,22.80675],[120.3211,22.8068],[120.3211,22.80681]],[[120.31849,22.80682],[120.31725,22.8068],[120.31721,22.80665],[120.31804,22.80604],[120.31833,22.80667],[120.31849,22.80682]],[[120.31676,22.80609],[120.31641,22.8068],[120.31586,22.80679],[120.31608,22.80592],[120.31676,22.80609]],[[120.31624,22.80531],[120.3164,22.80585],[120.31609,22.80587],[120.31624,22.80531]],[[120.32059,22.80336],[120.32034,22.80503],[120.31898,22.80457],[120.31847,22.80525],[120.31896,22.80678],[120.31846,22.80674],[120.31797,22.80436],[120.31968,22.80363],[120.3195,22.80216],[120.31997,22.80223],[120.31985,22.80187],[120.32059,22.80336]]],[[[120.30489,22.82718],[120.30384,22.82716],[120.30521,22.82759],[120.30489,22.82718]]],[[[120.30547,22.82214],[120.3054,22.82207],[120.30538,22.82211],[120.30547,22.82214]]],[[[120.3056,22.82217],[120.30553,22.8221],[120.30551,22.82215],[120.3056,22.82217]]],[[[120.30569,22.82219],[120.30589,22.82221],[120.3057,22.82215],[120.30569,22.82219]]],[[[120.29516,22.82363],[120.2948,22.82352],[120.29478,22.8236],[120.29516,22.82363]]],[[[120.31978,22.82503],[120.31985,22.82566],[120.31946,22.8259],[120.3199,22.82587],[120.31978,22.82503]]],[[[120.31832,22.82415],[120.31727,22.82518],[120.31631,22.82643],[120.3132,22.82605],[120.31466,22.82833],[120.31495,22.82806],[120.31508,22.82815],[120.31524,22.82796],[120.31539,22.82785],[120.31542,22.82784],[120.31557,22.82799],[120.31478,22.82848],[120.315,22.83001],[120.31549,22.82975],[120.31557,22.83051],[120.31508,22.83076],[120.31561,22.83054],[120.31539,22.82858],[120.31584,22.82768],[120.3184,22.8274],[120.31709,22.82979],[120.31844,22.82739],[120.32003,22.82722],[120.31578,22.82762],[120.31736,22.82525],[120.31818,22.82515],[120.31827,22.82583],[120.31914,22.82574],[120.31935,22.82427],[120.31832,22.82415]]],[[[120.3151,22.82818],[120.31459,22.82839],[120.31466,22.82856],[120.3151,22.82818]]],[[[120.31458,22.83073],[120.31493,22.83082],[120.31491,22.8306],[120.31458,22.83073]]],[[[120.29515,22.83157],[120.29541,22.831],[120.29491,22.8312],[120.29515,22.83157]]],[[[120.31934,22.83613],[120.31878,22.83696],[120.31967,22.83695],[120.31934,22.83613]]],[[[120.32574,22.80538],[120.32623,22.80555],[120.32626,22.80538],[120.32574,22.80538]]],[[[120.32455,22.80758],[120.32511,22.80774],[120.32513,22.80767],[120.32571,22.80759],[120.32455,22.80758]]],[[[120.32516,22.80767],[120.32599,22.80826],[120.3265,22.80765],[120.32516,22.80767]]],[[[120.32632,22.80861],[120.32602,22.80872],[120.32617,22.80879],[120.32632,22.80861]]],[[[120.31972,22.8094],[120.31969,22.80913],[120.31964,22.80964],[120.31972,22.8094]]],[[[120.3197,22.81021],[120.32163,22.81078],[120.32294,22.81254],[120.32151,22.81521],[120.32536,22.81532],[120.32544,22.81077],[120.3197,22.81021]]],[[[120.32147,22.81522],[120.32149,22.81517],[120.32114,22.81523],[120.32147,22.81522]]],[[[120.3237,22.82186],[120.32299,22.82174],[120.32317,22.82234],[120.32284,22.82281],[120.32295,22.82175],[120.31985,22.82194],[120.31878,22.82418],[120.32075,22.82434],[120.32218,22.82409],[120.32193,22.82334],[120.32369,22.82347],[120.32315,22.82221],[120.3237,22.82199],[120.3242,22.82265],[120.3237,22.82186]],[[120.32028,22.82203],[120.32062,22.8229],[120.32033,22.82292],[120.32028,22.82203]]],[[[120.32007,22.82722],[120.32322,22.82686],[120.32006,22.82713],[120.32007,22.82722]]],[[[120.32423,22.82675],[120.32322,22.82686],[120.32347,22.82909],[120.32404,22.82907],[120.32279,22.8301],[120.32253,22.83064],[120.32439,22.82883],[120.32478,22.8273],[120.32451,22.82748],[120.32452,22.82701],[120.32431,22.82742],[120.32441,22.82628],[120.32423,22.82675]]],[[[120.32596,22.83613],[120.32591,22.83467],[120.32591,22.83614],[120.32596,22.83613]]],[[[120.32108,22.83513],[120.32113,22.83577],[120.32183,22.83592],[120.3218,22.83525],[120.32108,22.83513]]],[[[120.32107,22.83544],[120.31936,22.83612],[120.31971,22.83681],[120.32088,22.83629],[120.32087,22.83589],[120.32107,22.83544]]],[[[120.32596,22.8372],[120.32597,22.83617],[120.32587,22.83722],[120.3246,22.83787],[120.32596,22.8372]]]]}},{"type":"Feature","properties":{"zone":"鄉村區","town":"岡山區"},"geometry":{"type":"MultiPolygon","coordinates":[[[[120.28077,22.76854],[120.28124,22.76786],[120.28059,22.76836],[120.28077,22.76854]]],[[[120.28121,22.76656],[120.28134,22.76695],[120.28145,22.77151],[120.28353,22.76979],[120.28228,22.76922],[120.28195,22.76699],[120.28121,22.76656]]],[[[120.28339,22.76943],[120.28362,22.76975],[120.28415,22.76908],[120.28412,22.76905],[120.28339,22.76943]]],[[[120.2683,22.77155],[120.26647,22.77201],[120.26598,22.77439],[120.26687,22.77472],[120.26695,22.77666],[120.26777,22.77812],[120.26712,22.77889],[120.26823,22.77997],[120.26866,22.77966],[120.26857,22.77878],[120.27004,22.77947],[120.27052,22.77856],[120.26937,22.7761],[120.26933,22.77272],[120.26858,22.77276],[120.2687,22.77441],[120.2683,22.77155]],[[120.26885,22.7762],[120.26851,22.77643],[120.26821,22.77627],[120.26849,22.77611],[120.26885,22.7762]]],[[[120.28152,22.77689],[120.28065,22.77727],[120.2811,22.77753],[120.28067,22.77806],[120.28201,22.77896],[120.28272,22.77791],[120.28213,22.77729],[120.28243,22.77624],[120.28151,22.77544],[120.28152,22.77689]]],[[[120.26027,22.80866],[120.25856,22.81033],[120.25855,22.81105],[120.25922,22.80998],[120.25995,22.80946],[120.26027,22.80866]]],[[[120.26066,22.80845],[120.26,22.80947],[120.25857,22.8111],[120.25742,22.81198],[120.25768,22.81227],[120.25887,22.81226],[120.25946,22.8116],[120.26005,22.81197],[120.26023,22.8103],[120.26105,22.80882],[120.26066,22.80845]]],[[[120.29288,22.81587],[120.29104,22.81569],[120.29082,22.81664],[120.29179,22.81666],[120.29179,22.81608],[120.29193,22.81659],[120.29292,22.81656],[120.29288,22.81587]]],[[[120.29188,22.81668],[120.29117,22.81699],[120.2924,22.818],[120.29228,22.81834],[120.29302,22.81825],[120.29188,22.81668]]],[[[120.29306,22.81815],[120.29347,22.81816],[120.29285,22.81773],[120.29306,22.81815]]],[[[120.31995,22.80205],[120.3195,22.80216],[120.31968,22.80363],[120.3186,22.8038],[120.31782,22.80472],[120.31849,22.80661],[120.31884,22.80633],[120.31847,22.80525],[120.31898,22.80457],[120.32039,22.80498],[120.32053,22.8029],[120.31995,22.80205]]],[[[120.30602,22.81901],[120.3059,22.81923],[120.30589,22.81935],[120.30628,22.81933],[120.30602,22.81901]]],[[[120.30269,22.81897],[120.30245,22.81904],[120.30259,22.81978],[120.30269,22.81897]]],[[[120.3017,22.81893],[120.3013,22.82138],[120.29987,22.8221],[120.29973,22.82336],[120.30279,22.82221],[120.30332,22.82273],[120.30432,22.82191],[120.30499,22.8219],[120.30622,22.82216],[120.30629,22.82099],[120.30667,22.82096],[120.30674,22.8223],[120.30806,22.82233],[120.30781,22.82025],[120.30717,22.82022],[120.30795,22.82024],[120.30802,22.81987],[120.30675,22.82],[120.30689,22.81976],[120.30589,22.81946],[120.3057,22.81916],[120.30456,22.81973],[120.30413,22.81928],[120.30268,22.81931],[120.30279,22.82084],[120.30239,22.81902],[120.3017,22.81893]]],[[[120.30409,22.82221],[120.30508,22.82204],[120.30515,22.82246],[120.30626,22.82254],[120.30587,22.82216],[120.30496,22.82197],[120.30409,22.82221]],[[120.30547,22.82214],[120.3054,22.82207],[120.30548,22.82209],[120.30547,22.82214]],[[120.3056,22.82217],[120.30553,22.8221],[120.30561,22.82213],[120.3056,22.82217]],[[120.3057,22.82215],[120.30585,22.82224],[120.30569,22.82219],[120.3057,22.82215]]],[[[120.32369,22.822],[120.32315,22.82221],[120.32369,22.82347],[120.32193,22.82334],[120.32218,22.82409],[120.31925,22.8243],[120.31914,22.82574],[120.31985,22.82566],[120.31977,22.82481],[120.32006,22.82713],[120.3232,22.82682],[120.32424,22.82315],[120.32369,22.822]]],[[[120.31251,22.82828],[120.31196,22.82778],[120.31252,22.8283],[120.31251,22.82828]]],[[[120.30946,22.8274],[120.30938,22.82802],[120.30834,22.82822],[120.30869,22.82894],[120.30824,22.82919],[120.30905,22.83075],[120.31084,22.83026],[120.31103,22.83084],[120.31194,22.83055],[120.31209,22.83101],[120.31447,22.83091],[120.3151,22.8282],[120.31466,22.82856],[120.31449,22.82815],[120.3139,22.82857],[120.31311,22.82832],[120.31303,22.82891],[120.31199,22.82792],[120.31215,22.82844],[120.31103,22.82883],[120.31111,22.82923],[120.31101,22.82882],[120.31025,22.82888],[120.30961,22.82772],[120.30937,22.82826],[120.30946,22.8274]]],[[[120.3144,22.83097],[120.3144,22.83098],[120.31441,22.83097],[120.3144,22.83097]]],[[[120.31842,22.83683],[120.31871,22.83786],[120.31943,22.83746],[120.32014,22.83779],[120.3209,22.83713],[120.32084,22.83658],[120.32016,22.83693],[120.32046,22.83727],[120.32018,22.83711],[120.32003,22.8367],[120.31957,22.83707],[120.31951,22.83666],[120.31842,22.83683]]]]}},{"type":"Feature","properties":{"zone":"一般農業區","town":"彌陀區"},"geometry":{"type":"MultiPolygon","coordinates":[[[[120.24303,22.74402],[120.24253,22.7424],[120.23646,22.75344],[120.23334,22.76017],[120.23297,22.75999],[120.23082,22.76084],[120.22928,22.76087],[120.23083,22.76096],[120.23205,22.76063],[120.2323,22.76125],[120.23222,22.76054],[120.23331,22.76022],[120.23277,22.76253],[120.23212,22.76228],[120.23231,22.7616],[120.23205,22.76221],[120.231,22.76192],[120.23276,22.76258],[120.23246,22.76366],[120.23159,22.7633],[120.23108,22.76434],[120.22397,22.78142],[120.2237,22.78316],[120.21526,22.80242],[120.22041,22.80386],[120.22474,22.80192],[120.2273,22.80171],[120.22907,22.80034],[120.22915,22.79771],[120.23052,22.79693],[120.23071,22.79707],[120.23014,22.7977],[120.23025,22.79784],[120.23121,22.79674],[120.23218,22.79608],[120.23096,22.79708],[120.23204,22.79938],[120.23013,22.8],[120.22972,22.79975],[120.22999,22.80157],[120.22791,22.80128],[120.22893,22.80206],[120.23084,22.80214],[120.23265,22.80095],[120.23211,22.79951],[120.23419,22.79773],[120.23345,22.79539],[120.23627,22.79428],[120.23419,22.79488],[120.23525,22.79441],[120.23488,22.79451],[120.23474,22.79302],[120.23555,22.79223],[120.23707,22.79215],[120.23715,22.79096],[120.23773,22.79108],[120.23742,22.79392],[120.23848,22.79411],[120.23798,22.78191],[120.23663,22.7816],[120.23653,22.78083],[120.23667,22.78157],[120.23798,22.78185],[120.23784,22.77345],[120.24522,22.77317],[120.24509,22.77277],[120.24507,22.7725],[120.24524,22.77317],[120.24844,22.77306],[120.25386,22.77458],[120.25674,22.77183],[120.25778,22.77234],[120.25779,22.77171],[120.25884,22.77072],[120.25785,22.77057],[120.25832,22.76985],[120.25627,22.76941],[120.25588,22.76979],[120.25462,22.76928],[120.25436,22.77071],[120.25384,22.7706],[120.25262,22.77167],[120.25203,22.77057],[120.25233,22.77187],[120.24816,22.7714],[120.24765,22.76858],[120.24676,22.76694],[120.24767,22.76656],[120.24815,22.76598],[120.24738,22.76653],[120.247,22.76418],[120.24982,22.76444],[120.24932,22.76411],[120.25067,22.76393],[120.25089,22.76048],[120.24923,22.7597],[120.25048,22.75665],[120.24899,22.75423],[120.24672,22.75428],[120.24652,22.75086],[120.24509,22.75135],[120.24478,22.7537],[120.24331,22.7539],[120.24299,22.75167],[120.24395,22.75134],[120.24367,22.74962],[120.24441,22.74872],[120.24322,22.74717],[120.2448,22.74633],[120.24303,22.74402]],[[120.23052,22.79693],[120.23052,22.79693],[120.23052,22.79693],[120.23052,22.79693]],[[120.23896,22.75932],[120.23933,22.76004],[120.24043,22.76037],[120.24046,22.76109],[120.24217,22.76207],[120.24311,22.76311],[120.2432,22.76358],[120.24341,22.76377],[120.24377,22.76331],[120.24435,22.7636],[120.24439,22.76415],[120.24336,22.76417],[120.24379,22.7651],[120.24421,22.76528],[120.24535,22.76528],[120.2453,22.7658],[120.24444,22.76584],[120.24417,22.76672],[120.24478,22.76898],[120.24406,22.76917],[120.24362,22.76831],[120.24356,22.76774],[120.24426,22.76763],[120.24355,22.76773],[120.24362,22.7683],[120.24286,22.76867],[120.24227,22.7678],[120.24147,22.76824],[120.24009,22.76669],[120.23985,22.76535],[120.23836,22.76573],[120.23813,22.76507],[120.23782,22.76546],[120.23764,22.76477],[120.23805,22.76426],[120.23963,22.76359],[120.23978,22.76388],[120.24075,22.7631],[120.24103,22.76272],[120.24043,22.76224],[120.23989,22.76274],[120.23868,22.76212],[120.23834,22.76279],[120.23717,22.76229],[120.23695,22.76277],[120.23645,22.7626],[120.23679,22.76206],[120.23578,22.76206],[120.23598,22.76165],[120.23552,22.76145],[120.23611,22.76035],[120.23517,22.76097],[120.2342,22.76091],[120.23476,22.76084],[120.23493,22.76031],[120.23455,22.76013],[120.23554,22.75921],[120.23628,22.76021],[120.23756,22.76036],[120.23896,22.75932]],[[120.24328,22.76361],[120.24333,22.76332],[120.24349,22.76342],[120.24328,22.76361]],[[120.24779,22.76322],[120.24814,22.76379],[120.2482,22.76426],[120.24737,22.76396],[120.24779,22.76322]],[[120.24376,22.76465],[120.24525,22.7646],[120.24569,22.76506],[120.24382,22.76507],[120.24376,22.76465]],[[120.25711,22.77139],[120.25719,22.77141],[120.25709,22.7715],[120.25711,22.77139]],[[120.23061,22.79727],[120.23048,22.79741],[120.23047,22.79741],[120.23061,22.79727]],[[120.24671,22.75488],[120.24801,22.75512],[120.24776,22.75599],[120.2468,22.756],[120.24671,22.75488]],[[120.24666,22.75514],[120.24651,22.7564],[120.24567,22.75623],[120.24617,22.75505],[120.24666,22.75514]]],[[[120.23601,22.79341],[120.23603,22.79337],[120.23582,22.79339],[120.23601,22.79341]]],[[[120.23708,22.79412],[120.23705,22.79452],[120.2371,22.79452],[120.23708,22.79412]]],[[[120.23644,22.79438],[120.23647,22.79429],[120.23643,22.7943],[120.23644,22.79438]]],[[[120.23618,22.79475],[120.2361,22.79493],[120.23609,22.79495],[120.23618,22.79475]]],[[[120.23785,22.79427],[120.23758,22.79518],[120.23665,22.79488],[120.2359,22.79514],[120.23592,22.79558],[120.23587,22.79526],[120.23539,22.79548],[120.23532,22.79714],[120.23861,22.79645],[120.23848,22.79422],[120.23785,22.79427]]],[[[120.23747,22.79815],[120.23463,22.79896],[120.23297,22.80065],[120.23747,22.79815]]],[[[120.23814,22.76047],[120.23797,22.76041],[120.23795,22.76044],[120.23814,22.76047]]],[[[120.23827,22.76053],[120.23832,22.76057],[120.23835,22.76054],[120.23827,22.76053]]],[[[120.23966,22.76113],[120.23888,22.76079],[120.23961,22.76111],[120.24019,22.7615],[120.23966,22.76113]]],[[[120.23885,22.76081],[120.24005,22.76161],[120.24017,22.76152],[120.23885,22.76081]]],[[[120.25304,22.78008],[120.25147,22.78255],[120.25031,22.78626],[120.25102,22.78558],[120.25085,22.78511],[120.25136,22.78525],[120.25228,22.78437],[120.25163,22.78362],[120.25235,22.78168],[120.25432,22.78242],[120.25494,22.78183],[120.25304,22.78008]]],[[[120.24699,22.79423],[120.24734,22.79707],[120.24905,22.79684],[120.25372,22.79488],[120.25652,22.79472],[120.25647,22.79409],[120.25365,22.79412],[120.24979,22.79071],[120.24919,22.79181],[120.24783,22.79249],[120.24699,22.79423]],[[120.24869,22.79292],[120.24922,22.79337],[120.24853,22.79316],[120.24869,22.79292]],[[120.25108,22.79315],[120.25183,22.79399],[120.25187,22.79413],[120.251,22.79385],[120.25108,22.79315]]],[[[120.2433,22.79563],[120.24334,22.79548],[120.24307,22.79566],[120.2433,22.79563]]]]}},{"type":"Feature","properties":{"zone":"河川區","town":"彌陀區"},"geometry":{"type":"MultiPolygon","coordinates":[[[[120.24129,22.79596],[120.24115,22.79596],[120.24101,22.79595],[120.24129,22.79596]]],[[[120.25652,22.79472],[120.25331,22.79502],[120.24732,22.79731],[120.2565,22.7952],[120.25652,22.79472]]],[[[120.24428,22.79697],[120.24417,22.79729],[120.24507,22.79763],[120.24729,22.79729],[120.24428,22.79697]]],[[[120.23804,22.79702],[120.2405,22.79598],[120.23436,22.79765],[120.23274,22.79877],[120.23212,22.80002],[120.23264,22.80081],[120.23463,22.79896],[120.23747,22.79815],[120.23804,22.79702]]]]}},{"type":"Feature","properties":{"zone":"特定專用區","town":"彌陀區"},"geometry":{"type":"MultiPolygon","coordinates":[[[[120.2482,22.76426],[120.24773,22.76365],[120.24779,22.76322],[120.24731,22.76371],[120.2482,22.76426]]],[[[120.25204,22.76451],[120.24932,22.76411],[120.24982,22.76444],[120.247,22.76418],[120.24738,22.76653],[120.24815,22.76598],[120.24767,22.76656],[120.24676,22.76694],[120.24765,22.76858],[120.24816,22.7714],[120.25233,22.77187],[120.25203,22.77057],[120.25242,22.7717],[120.25384,22.7706],[120.25436,22.77071],[120.25421,22.77007],[120.25504,22.76818],[120.25372,22.76765],[120.2537,22.7669],[120.25204,22.76451]]],[[[120.25709,22.7715],[120.25719,22.77141],[120.25711,22.77139],[120.25709,22.7715]]],[[[120.25904,22.77011],[120.25785,22.77057],[120.25884,22.77072],[120.25779,22.77171],[120.25778,22.77234],[120.25674,22.77183],[120.2507,22.778],[120.25494,22.78183],[120.25432,22.78242],[120.25235,22.78168],[120.25163,22.78362],[120.25228,22.78437],[120.25136,22.78525],[120.25085,22.78511],[120.25102,22.78558],[120.24774,22.7888],[120.25365,22.79412],[120.25638,22.79403],[120.25409,22.79313],[120.25444,22.79123],[120.25244,22.79081],[120.25214,22.78966],[120.25264,22.78769],[120.25386,22.78644],[120.25497,22.78327],[120.25488,22.78197],[120.25526,22.78121],[120.25557,22.78035],[120.2549,22.7802],[120.25514,22.7789],[120.26012,22.77932],[120.26224,22.77576],[120.26027,22.77426],[120.2605,22.77328],[120.25833,22.77247],[120.25904,22.77011]]]]}},{"type":"Feature","properties":{"zone":"特定農業區","town":"彌陀區"},"geometry":{"type":"MultiPolygon","coordinates":[[[[120.24333,22.76332],[120.24328,22.76361],[120.24349,22.76342],[120.24333,22.76332]]],[[[120.23961,22.76111],[120.23839,22.76057],[120.23858,22.76068],[120.23885,22.76081],[120.23962,22.76115],[120.24017,22.76152],[120.23824,22.76073],[120.23803,22.76186],[120.23921,22.76268],[120.24043,22.76224],[120.24103,22.76272],[120.23978,22.76388],[120.23963,22.76359],[120.23781,22.76445],[120.23782,22.76546],[120.23813,22.76507],[120.23836,22.76573],[120.23985,22.76535],[120.24009,22.76669],[120.24147,22.76824],[120.24227,22.7678],[120.24286,22.76867],[120.24362,22.7683],[120.24355,22.76773],[120.24426,22.76763],[120.24356,22.76774],[120.24362,22.76831],[120.24406,22.76917],[120.24478,22.76898],[120.24421,22.76701],[120.24306,22.7673],[120.2435,22.76676],[120.24284,22.76602],[120.24284,22.7656],[120.24271,22.76468],[120.2433,22.76463],[120.24337,22.76421],[120.24311,22.76311],[120.24142,22.76142],[120.24053,22.76112],[120.24019,22.7615],[120.23961,22.76111]],[[120.24281,22.76553],[120.24284,22.76625],[120.24259,22.76629],[120.24223,22.76562],[120.24281,22.76553]]],[[[120.24869,22.79292],[120.24922,22.79337],[120.2493,22.79303],[120.24869,22.79292]]],[[[120.25129,22.79311],[120.251,22.79385],[120.25187,22.79413],[120.25129,22.79311]]],[[[120.24424,22.79501],[120.24362,22.79554],[120.24464,22.7955],[120.24493,22.79654],[120.2457,22.79549],[120.24553,22.79506],[120.24424,22.79501]]]]}},{"type":"Feature","properties":{"zone":"鄉村區","town":"彌陀區"},"geometry":{"type":"MultiPolygon","coordinates":[[[[120.24671,22.75488],[120.2468,22.756],[120.24776,22.75599],[120.24801,22.75512],[120.24671,22.75488]]],[[[120.24617,22.75505],[120.24567,22.75623],[120.24651,22.7564],[120.24665,22.75492],[120.24617,22.75505]]],[[[120.23882,22.75911],[120.23756,22.76036],[120.23628,22.76021],[120.23554,22.75921],[120.23455,22.76013],[120.23493,22.76031],[120.23476,22.76084],[120.2342,22.76091],[120.23517,22.76097],[120.23611,22.76035],[120.23552,22.76145],[120.23598,22.76165],[120.23578,22.76206],[120.23631,22.76177],[120.23679,22.76206],[120.23645,22.7626],[120.23695,22.76277],[120.23717,22.76229],[120.23834,22.76279],[120.23873,22.76214],[120.23785,22.76168],[120.23824,22.76073],[120.23885,22.76081],[120.23842,22.76054],[120.24019,22.7615],[120.24055,22.76116],[120.24043,22.76037],[120.23933,22.76004],[120.23882,22.75911]],[[120.23827,22.76053],[120.23835,22.76054],[120.23832,22.76057],[120.23827,22.76053]],[[120.23797,22.76041],[120.23814,22.76047],[120.23795,22.76044],[120.23797,22.76041]]],[[[120.24366,22.76353],[120.24332,22.76401],[120.24301,22.76377],[120.24335,22.76417],[120.24439,22.76415],[120.24435,22.7636],[120.24366,22.76353]]],[[[120.24499,22.76448],[120.24376,22.76465],[120.2441,22.76522],[120.24569,22.76506],[120.24499,22.76448]]],[[[120.24329,22.76433],[120.24271,22.76468],[120.24284,22.7656],[120.24287,22.76626],[120.2435,22.76676],[120.24306,22.7673],[120.24377,22.76729],[120.24434,22.767],[120.24444,22.76584],[120.2453,22.7658],[120.24535,22.76528],[120.24409,22.76525],[120.24329,22.76433]]],[[[120.24223,22.76562],[120.24259,22.76629],[120.24284,22.76625],[120.24278,22.76542],[120.24223,22.76562]]],[[[120.23715,22.79096],[120.23707,22.79215],[120.23555,22.79223],[120.23474,22.79302],[120.23488,22.79451],[120.23525,22.79441],[120.23417,22.79483],[120.23627,22.79428],[120.23345,22.79539],[120.23419,22.79773],[120.23549,22.79724],[120.23521,22.79624],[120.23553,22.79533],[120.23592,22.79558],[120.2359,22.79514],[120.23728,22.79483],[120.23733,22.7953],[120.23768,22.79425],[120.23848,22.79422],[120.23742,22.79392],[120.23773,22.79108],[120.23715,22.79096]],[[120.23613,22.79494],[120.23614,22.79476],[120.23618,22.79475],[120.23613,22.79494]],[[120.23644,22.79438],[120.23647,22.79429],[120.23648,22.79438],[120.23644,22.79438]],[[120.23704,22.79413],[120.2371,22.79452],[120.23705,22.79452],[120.23704,22.79413]],[[120.23603,22.79357],[120.23583,22.79341],[120.23582,22.79339],[120.23603,22.79337],[120.23603,22.79357]]],[[[120.2306,22.79726],[120.23048,22.79741],[120.23061,22.79727],[120.2306,22.79726]]],[[[120.23096,22.79708],[120.23218,22.79609],[120.23121,22.79674],[120.23025,22.79784],[120.23014,22.7977],[120.23071,22.79707],[120.23052,22.79693],[120.22915,22.79771],[120.22907,22.80034],[120.22791,22.80128],[120.22999,22.80157],[120.22972,22.79975],[120.23013,22.8],[120.23204,22.79938],[120.23096,22.79708]]]]}},{"type":"Feature","properties":{"zone":"一般農業區","town":"旗山區"},"geometry":{"type":"MultiPolygon","coordinates":[[[[120.44973,22.77302],[120.44935,22.77328],[120.44979,22.77328],[120.44973,22.77302]]],[[[120.4577,22.79525],[120.45782,22.79603],[120.45773,22.79524],[120.4577,22.79525]]],[[[120.45186,22.79571],[120.45163,22.79583],[120.45207,22.79585],[120.45186,22.79571]]],[[[120.44972,22.77285],[120.45085,22.77633],[120.45461,22.78377],[120.4555,22.78869],[120.45738,22.7934],[120.45826,22.79793],[120.46129,22.80711],[120.46183,22.82155],[120.46219,22.8218],[120.4617,22.82217],[120.4609,22.82725],[120.46158,22.8328],[120.46229,22.83198],[120.46196,22.83047],[120.4627,22.83103],[120.46268,22.83162],[120.4623,22.83436],[120.46196,22.83436],[120.46172,22.83298],[120.46151,22.83317],[120.46183,22.83759],[120.46274,22.83828],[120.46425,22.8379],[120.46368,22.8366],[120.4632,22.83411],[120.46249,22.83391],[120.46263,22.83286],[120.46332,22.83308],[120.4637,22.83227],[120.46393,22.83334],[120.4646,22.83372],[120.46496,22.83442],[120.465,22.83486],[120.46499,22.83548],[120.46483,22.83535],[120.46498,22.83601],[120.46695,22.83718],[120.46723,22.83768],[120.46666,22.83854],[120.46859,22.84106],[120.46933,22.84171],[120.47027,22.84142],[120.47056,22.84183],[120.46978,22.84216],[120.47065,22.84183],[120.4715,22.84261],[120.47161,22.84251],[120.4719,22.84242],[120.47226,22.84235],[120.4713,22.8429],[120.47314,22.8444],[120.47547,22.8436],[120.47598,22.84462],[120.47675,22.84434],[120.47476,22.84522],[120.47574,22.84584],[120.47642,22.84546],[120.47734,22.84696],[120.47417,22.84916],[120.47251,22.84923],[120.47305,22.85003],[120.47377,22.84953],[120.47387,22.85026],[120.47302,22.85003],[120.47391,22.85204],[120.47471,22.85034],[120.4738,22.84951],[120.47425,22.84921],[120.47631,22.84993],[120.47697,22.84953],[120.47646,22.85048],[120.47677,22.85091],[120.47591,22.85103],[120.47559,22.85175],[120.47526,22.85156],[120.4757,22.85186],[120.47658,22.85217],[120.47731,22.85267],[120.47789,22.85281],[120.47773,22.85603],[120.47894,22.8539],[120.47967,22.84856],[120.4794,22.84619],[120.47758,22.84237],[120.47591,22.84019],[120.47271,22.83759],[120.4726,22.83674],[120.47198,22.83713],[120.47259,22.83672],[120.4721,22.83539],[120.46851,22.83099],[120.46774,22.8313],[120.46694,22.82968],[120.46466,22.83024],[120.46597,22.832],[120.46502,22.83215],[120.46372,22.83002],[120.46333,22.83086],[120.46367,22.8317],[120.46367,22.83209],[120.46327,22.83121],[120.46251,22.82163],[120.46213,22.82139],[120.46378,22.82053],[120.46352,22.81953],[120.46363,22.81796],[120.46409,22.81771],[120.46408,22.81303],[120.46295,22.81306],[120.46243,22.81356],[120.46189,22.81354],[120.46273,22.81293],[120.464,22.81293],[120.463,22.80451],[120.46186,22.80267],[120.46082,22.79734],[120.46019,22.79736],[120.46097,22.79693],[120.46101,22.79627],[120.46022,22.79651],[120.4606,22.79615],[120.46034,22.79541],[120.45725,22.79178],[120.45692,22.79195],[120.45455,22.78332],[120.45233,22.77885],[120.45273,22.77873],[120.45132,22.77556],[120.45067,22.77514],[120.45021,22.77275],[120.44972,22.77285]],[[120.46001,22.80299],[120.46004,22.80312],[120.45999,22.803],[120.46001,22.80299]],[[120.46202,22.82086],[120.4621,22.82114],[120.46195,22.82128],[120.46202,22.82086]],[[120.46307,22.8301],[120.463,22.83054],[120.46294,22.83105],[120.46262,22.83011],[120.46307,22.8301]],[[120.46308,22.83185],[120.46272,22.83205],[120.46274,22.83186],[120.46308,22.83185]],[[120.46269,22.83232],[120.46321,22.83215],[120.46323,22.8326],[120.463,22.83237],[120.46269,22.83232]],[[120.47432,22.84917],[120.47472,22.8489],[120.47484,22.84882],[120.47475,22.84929],[120.47432,22.84917]],[[120.474,22.8518],[120.47393,22.85184],[120.47405,22.85171],[120.474,22.8518]],[[120.47393,22.85152],[120.47369,22.85147],[120.47404,22.85133],[120.47393,22.85152]],[[120.47734,22.85226],[120.47683,22.85229],[120.47691,22.85209],[120.47734,22.85226]],[[120.478,22.85174],[120.47743,22.85134],[120.47805,22.85115],[120.478,22.85174]],[[120.47754,22.851],[120.47716,22.85204],[120.47694,22.85196],[120.47754,22.851]],[[120.47782,22.85097],[120.47768,22.85112],[120.47769,22.85097],[120.47782,22.85097]],[[120.47836,22.85087],[120.47832,22.85084],[120.47837,22.85082],[120.47836,22.85087]],[[120.47797,22.8504],[120.47836,22.85111],[120.47806,22.85092],[120.47702,22.85083],[120.47701,22.85019],[120.47729,22.85057],[120.47797,22.8504]]],[[[120.4641,22.81782],[120.46384,22.81854],[120.46362,22.81957],[120.4641,22.81782]]],[[[120.46329,22.82083],[120.46333,22.82082],[120.46327,22.8208],[120.46329,22.82083]]],[[[120.46212,22.83076],[120.46213,22.83071],[120.4621,22.83071],[120.46212,22.83076]]],[[[120.46258,22.83207],[120.46261,22.83199],[120.46258,22.83198],[120.46258,22.83207]]],[[[120.46261,22.83333],[120.46257,22.83347],[120.46259,22.83347],[120.46261,22.83333]]],[[[120.4631,22.83393],[120.463,22.83374],[120.46296,22.83372],[120.4631,22.83393]]],[[[120.46358,22.83291],[120.46376,22.83666],[120.46484,22.83827],[120.46582,22.8375],[120.46491,22.8361],[120.4646,22.83391],[120.46393,22.83345],[120.46358,22.83291]]],[[[120.47004,22.84222],[120.46999,22.84233],[120.47009,22.84229],[120.47004,22.84222]]],[[[120.46721,22.84314],[120.46747,22.84304],[120.46722,22.84289],[120.46721,22.84314]]],[[[120.46863,22.84328],[120.46816,22.84381],[120.46748,22.84322],[120.46713,22.84453],[120.46848,22.84464],[120.46863,22.84328]]],[[[120.46875,22.844],[120.46849,22.8452],[120.4692,22.84538],[120.46881,22.84467],[120.46949,22.84466],[120.4691,22.84455],[120.46923,22.8439],[120.46875,22.844]]],[[[120.46621,22.8447],[120.46651,22.84523],[120.46702,22.84486],[120.46621,22.8447]]],[[[120.4666,22.84751],[120.46689,22.84693],[120.46629,22.8468],[120.4666,22.84751]]],[[[120.4662,22.84687],[120.4658,22.84764],[120.46649,22.84753],[120.4662,22.84687]]],[[[120.47306,22.85246],[120.47284,22.85252],[120.47315,22.85248],[120.47306,22.85246]]],[[[120.4727,22.85252],[120.4727,22.85253],[120.47279,22.85252],[120.4727,22.85252]]],[[[120.47334,22.85245],[120.47283,22.85285],[120.47335,22.85351],[120.47301,22.85363],[120.47326,22.85494],[120.47271,22.85485],[120.47283,22.85577],[120.47331,22.85578],[120.47329,22.85493],[120.47375,22.85483],[120.47384,22.85374],[120.47432,22.85345],[120.47385,22.85362],[120.47334,22.85245]]],[[[120.47783,22.85687],[120.47679,22.85801],[120.47583,22.85791],[120.47574,22.85875],[120.47484,22.85852],[120.47426,22.8575],[120.47317,22.85782],[120.47186,22.85851],[120.47169,22.85974],[120.47082,22.85985],[120.46985,22.86053],[120.47025,22.8608],[120.46873,22.86134],[120.46959,22.86125],[120.4698,22.86272],[120.47228,22.8634],[120.47279,22.86277],[120.47324,22.86415],[120.47302,22.86265],[120.47352,22.86271],[120.47329,22.8622],[120.47457,22.86097],[120.47448,22.85924],[120.47559,22.85921],[120.47621,22.86021],[120.47722,22.85998],[120.47783,22.85687]],[[120.47034,22.86112],[120.47037,22.86077],[120.4704,22.86111],[120.47034,22.86112]],[[120.47209,22.8604],[120.47259,22.86021],[120.47261,22.86055],[120.47209,22.8604]]],[[[120.46897,22.86077],[120.46881,22.86088],[120.46941,22.86053],[120.46897,22.86077]]],[[[120.46838,22.86153],[120.46853,22.86123],[120.46865,22.86099],[120.46838,22.86153]]],[[[120.46844,22.86212],[120.46878,22.86177],[120.46866,22.86147],[120.46835,22.86165],[120.46844,22.86212]]],[[[120.47407,22.86506],[120.47389,22.86501],[120.47411,22.86545],[120.47407,22.86506]]],[[[120.47333,22.86444],[120.47369,22.86639],[120.47429,22.86691],[120.47414,22.86778],[120.4724,22.86816],[120.47381,22.87092],[120.47509,22.87003],[120.47455,22.86999],[120.47454,22.86842],[120.47413,22.86837],[120.47537,22.86813],[120.4745,22.86682],[120.47412,22.86675],[120.47416,22.8658],[120.47333,22.86444]],[[120.474,22.8661],[120.47401,22.86601],[120.47406,22.86621],[120.474,22.8661]]],[[[120.49268,22.8356],[120.48547,22.83574],[120.48207,22.83647],[120.48457,22.84019],[120.48616,22.84024],[120.48768,22.83942],[120.48814,22.83832],[120.48934,22.83825],[120.49038,22.83837],[120.49268,22.8356]]],[[[120.48083,22.83785],[120.48134,22.8387],[120.48148,22.83698],[120.48083,22.83785]]],[[[120.47632,22.83881],[120.47684,22.83838],[120.47675,22.83833],[120.47632,22.83881]]],[[[120.47569,22.83881],[120.47569,22.83892],[120.4758,22.83884],[120.47569,22.83881]]],[[[120.48133,22.83929],[120.48027,22.83854],[120.48034,22.83955],[120.48133,22.83929]]],[[[120.47609,22.83927],[120.47627,22.83895],[120.47599,22.83919],[120.47609,22.83927]]],[[[120.48173,22.8373],[120.48134,22.83962],[120.4816,22.8401],[120.48228,22.84008],[120.48308,22.8413],[120.48404,22.84036],[120.48238,22.83927],[120.48327,22.83947],[120.48173,22.8373]]],[[[120.48262,22.84286],[120.48271,22.84229],[120.48237,22.84246],[120.48262,22.84286]]],[[[120.47899,22.84369],[120.47896,22.84369],[120.47899,22.84376],[120.47899,22.84369]]],[[[120.48634,22.84978],[120.48622,22.84978],[120.48621,22.84984],[120.48634,22.84978]]],[[[120.48839,22.85097],[120.48828,22.85133],[120.48863,22.85115],[120.48839,22.85097]]],[[[120.48663,22.85005],[120.48214,22.85144],[120.48133,22.85123],[120.48092,22.85684],[120.48232,22.85697],[120.48231,22.85748],[120.48404,22.85589],[120.48469,22.85587],[120.48444,22.85565],[120.48495,22.85525],[120.48576,22.85562],[120.48703,22.85539],[120.4854,22.85506],[120.4859,22.8548],[120.48762,22.85528],[120.48949,22.85674],[120.48866,22.85786],[120.48889,22.85859],[120.48954,22.85879],[120.4913,22.8609],[120.49396,22.86163],[120.49059,22.85886],[120.48984,22.85553],[120.49,22.85431],[120.48906,22.85233],[120.48828,22.85133],[120.48715,22.85101],[120.48663,22.85005]]],[[[120.47524,22.85986],[120.47464,22.85984],[120.47483,22.86035],[120.47483,22.86035],[120.47524,22.85986]]],[[[120.47556,22.86008],[120.47561,22.86038],[120.47562,22.86013],[120.47556,22.86008]]],[[[120.47646,22.8607],[120.47649,22.86075],[120.47658,22.86069],[120.47646,22.8607]]],[[[120.47532,22.8604],[120.47463,22.86174],[120.47386,22.86196],[120.47446,22.86248],[120.47519,22.8619],[120.47504,22.86144],[120.47633,22.8608],[120.47532,22.8604]]],[[[120.47979,22.86262],[120.47996,22.86606],[120.48136,22.86592],[120.4815,22.86492],[120.48015,22.86329],[120.48006,22.86274],[120.48071,22.86266],[120.47993,22.8622],[120.47999,22.86176],[120.47979,22.86262]]],[[[120.48244,22.87048],[120.48225,22.87071],[120.48292,22.87063],[120.48244,22.87048]]],[[[120.47606,22.86979],[120.47579,22.87102],[120.47502,22.87029],[120.47468,22.87048],[120.47541,22.87082],[120.47511,22.87113],[120.47545,22.87141],[120.47611,22.87117],[120.47601,22.87226],[120.47738,22.87153],[120.47606,22.86979]]],[[[120.4844,22.87162],[120.48441,22.87165],[120.48443,22.87165],[120.4844,22.87162]]],[[[120.48719,22.87248],[120.48742,22.87272],[120.48769,22.87299],[120.48719,22.87248]]],[[[120.4875,22.88226],[120.4875,22.88224],[120.48746,22.88225],[120.4875,22.88226]]],[[[120.4878,22.8823],[120.48806,22.88232],[120.48808,22.88225],[120.4878,22.8823]]],[[[120.48825,22.88249],[120.48832,22.88242],[120.48815,22.88244],[120.48825,22.88249]]],[[[120.47909,22.89985],[120.47912,22.89834],[120.47908,22.89798],[120.47903,22.89917],[120.47909,22.89985]]],[[[120.4883,22.9192],[120.48837,22.92007],[120.48878,22.91937],[120.4883,22.9192]]],[[[120.48868,22.93211],[120.48856,22.93232],[120.48867,22.93233],[120.48868,22.93211]]],[[[120.48849,22.83832],[120.48886,22.8384],[120.48896,22.83833],[120.48888,22.83833],[120.48849,22.83832]]],[[[120.48823,22.87327],[120.48901,22.87407],[120.48924,22.87412],[120.4892,22.87359],[120.48823,22.87327]]],[[[120.49757,22.8835],[120.49799,22.87846],[120.49647,22.87895],[120.49531,22.88279],[120.49757,22.8835]]],[[[120.49082,22.88499],[120.49098,22.88765],[120.49181,22.88941],[120.49082,22.88499]]],[[[120.49087,22.88976],[120.4909,22.89074],[120.4913,22.88941],[120.49087,22.88976]]],[[[120.49061,22.89179],[120.48978,22.89387],[120.49135,22.89624],[120.49188,22.89602],[120.49204,22.89425],[120.4915,22.8919],[120.49178,22.89056],[120.49061,22.89179]]],[[[120.49215,22.89585],[120.4922,22.89594],[120.49221,22.89586],[120.49215,22.89585]]],[[[120.48996,22.8964],[120.49144,22.90034],[120.49193,22.8989],[120.49201,22.90016],[120.49277,22.90073],[120.49409,22.9003],[120.48996,22.8964]]],[[[120.4929,22.90253],[120.49655,22.90607],[120.50612,22.91229],[120.50629,22.91431],[120.50838,22.9163],[120.50982,22.91691],[120.51026,22.91657],[120.51024,22.91568],[120.50849,22.91375],[120.51093,22.91525],[120.51233,22.91456],[120.51123,22.91358],[120.51057,22.91381],[120.51056,22.913],[120.50818,22.91128],[120.50828,22.91077],[120.50777,22.91041],[120.50472,22.9109],[120.50089,22.90882],[120.49989,22.90761],[120.49994,22.90598],[120.49882,22.90433],[120.49872,22.9032],[120.49795,22.90349],[120.49785,22.90281],[120.49772,22.90328],[120.4964,22.90264],[120.49412,22.90315],[120.4929,22.90253]]],[[[120.49415,22.91123],[120.4943,22.91086],[120.49378,22.91141],[120.49415,22.91123]]],[[[120.50021,22.91193],[120.50027,22.91142],[120.49972,22.91084],[120.49942,22.91121],[120.50021,22.91193]]],[[[120.50147,22.91226],[120.50272,22.91282],[120.50126,22.91162],[120.50094,22.91012],[120.50051,22.91053],[120.50082,22.91202],[120.50124,22.91263],[120.50147,22.91226]]],[[[120.50286,22.91513],[120.50313,22.9174],[120.50638,22.91811],[120.50586,22.91734],[120.50689,22.91741],[120.50536,22.91557],[120.50345,22.91468],[120.50286,22.91513]]],[[[120.51283,22.91659],[120.51307,22.91706],[120.51386,22.91715],[120.51283,22.91659]]],[[[120.4892,22.91574],[120.4888,22.91758],[120.48799,22.91792],[120.48816,22.91894],[120.4888,22.91934],[120.4894,22.9175],[120.48979,22.91751],[120.48966,22.91611],[120.4892,22.91574]]],[[[120.52076,22.92022],[120.52034,22.9197],[120.51897,22.91961],[120.52009,22.92157],[120.5206,22.92137],[120.52076,22.92022]]],[[[120.51468,22.92135],[120.51592,22.92402],[120.5167,22.9244],[120.51669,22.92534],[120.51765,22.92601],[120.51781,22.92697],[120.51707,22.92895],[120.51791,22.92902],[120.5179,22.92975],[120.51798,22.93036],[120.51792,22.9296],[120.51972,22.92945],[120.51979,22.92875],[120.51916,22.92555],[120.51791,22.9235],[120.51787,22.92136],[120.51607,22.92047],[120.5141,22.92035],[120.51482,22.92052],[120.51468,22.92135]]],[[[120.50986,22.92626],[120.50868,22.92511],[120.5105,22.92705],[120.50986,22.92626]]],[[[120.49253,22.92722],[120.4932,22.92854],[120.49229,22.92818],[120.49218,22.9275],[120.49174,22.92955],[120.49271,22.93168],[120.49337,22.9311],[120.4935,22.92863],[120.49253,22.92722]]],[[[120.49144,22.92575],[120.48957,22.92699],[120.4901,22.9283],[120.4896,22.92948],[120.48888,22.92974],[120.48831,22.9294],[120.48892,22.93052],[120.48856,22.93195],[120.4889,22.93123],[120.48991,22.93138],[120.49013,22.93317],[120.49053,22.93334],[120.49216,22.93153],[120.49138,22.92992],[120.49181,22.92614],[120.49144,22.92575]],[[120.48912,22.93029],[120.48932,22.93035],[120.48915,22.93042],[120.48912,22.93029]],[[120.4888,22.92992],[120.48868,22.92973],[120.48886,22.92977],[120.4888,22.92992]],[[120.4897,22.92998],[120.4898,22.92936],[120.48989,22.92941],[120.4897,22.92998]],[[120.49042,22.92781],[120.49018,22.92829],[120.4901,22.92811],[120.49042,22.92781]]],[[[120.4899,22.93219],[120.48967,22.9316],[120.48909,22.93174],[120.48907,22.93247],[120.4899,22.93219]]],[[[120.48878,22.93295],[120.4889,22.93283],[120.48864,22.93239],[120.48878,22.93295]]],[[[120.51152,22.94743],[120.5115,22.94893],[120.51183,22.94738],[120.51152,22.94743]]],[[[120.51732,22.93621],[120.51598,22.93621],[120.51546,22.93782],[120.51532,22.94299],[120.51662,22.94251],[120.51677,22.94335],[120.51569,22.94683],[120.51671,22.9485],[120.51648,22.94965],[120.51777,22.95148],[120.51751,22.95171],[120.51627,22.95067],[120.51335,22.94947],[120.51791,22.95748],[120.51831,22.95719],[120.51927,22.95888],[120.51989,22.95761],[120.52047,22.96084],[120.52018,22.96098],[120.52082,22.96118],[120.52136,22.96104],[120.52152,22.9596],[120.52104,22.95835],[120.52037,22.95009],[120.5185,22.94899],[120.51773,22.94779],[120.51806,22.94527],[120.51928,22.94494],[120.51813,22.94249],[120.51871,22.94241],[120.51731,22.94201],[120.51667,22.93958],[120.51717,22.93728],[120.51687,22.9374],[120.5175,22.93657],[120.51738,22.93586],[120.51732,22.93621]],[[120.52103,22.96082],[120.52086,22.96082],[120.52094,22.96074],[120.52103,22.96082]]],[[[120.52112,22.96315],[120.52099,22.96252],[120.52075,22.96253],[120.52071,22.96331],[120.52112,22.96315]]],[[[120.52002,22.96494],[120.51966,22.96674],[120.52049,22.96773],[120.52033,22.96694],[120.52061,22.96791],[120.52083,22.96957],[120.52103,22.96988],[120.52233,22.9695],[120.52266,22.96767],[120.52227,22.96648],[120.52122,22.96634],[120.52124,22.96372],[120.52002,22.96494]]]]}},{"type":"Feature","properties":{"zone":"山坡地保育區","town":"旗山區"},"geometry":{"type":"MultiPolygon","coordinates":[[[[120.42922,22.79763],[120.42986,22.79702],[120.42799,22.79716],[120.42873,22.79731],[120.42922,22.79763]]],[[[120.42724,22.79739],[120.42693,22.79723],[120.42689,22.79731],[120.42724,22.79739]]],[[[120.43298,22.79777],[120.43227,22.79733],[120.43209,22.79692],[120.43195,22.79748],[120.43298,22.79777]]],[[[120.46003,22.80312],[120.46001,22.80299],[120.45999,22.803],[120.46003,22.80312]]],[[[120.4311,22.80348],[120.43139,22.80341],[120.43132,22.80334],[120.4311,22.80348]]],[[[120.42791,22.80498],[120.42776,22.8048],[120.42769,22.80495],[120.42791,22.80498]]],[[[120.43057,22.80627],[120.43134,22.80594],[120.43091,22.8059],[120.43057,22.80627]]],[[[120.43148,22.80629],[120.4315,22.80589],[120.43131,22.80624],[120.43148,22.80629]]],[[[120.42468,22.8195],[120.42408,22.81896],[120.424,22.81875],[120.42386,22.81883],[120.42437,22.81966],[120.42468,22.8195]]],[[[120.46195,22.82128],[120.4621,22.82114],[120.46202,22.82086],[120.46195,22.82128]]],[[[120.44326,22.7728],[120.44169,22.77346],[120.43921,22.77296],[120.43527,22.77388],[120.43461,22.77332],[120.43189,22.77428],[120.43106,22.77408],[120.4277,22.77877],[120.42871,22.77956],[120.42939,22.78124],[120.4303,22.78208],[120.43049,22.78356],[120.431,22.78387],[120.43083,22.78484],[120.43171,22.78653],[120.42991,22.78703],[120.42917,22.78812],[120.42913,22.78926],[120.42681,22.79135],[120.42555,22.79132],[120.42525,22.79201],[120.42468,22.79178],[120.42334,22.79226],[120.4224,22.79315],[120.42195,22.7938],[120.42235,22.79656],[120.42403,22.79649],[120.42368,22.79606],[120.42404,22.79521],[120.42512,22.79494],[120.42573,22.79529],[120.42403,22.79535],[120.42374,22.79612],[120.42415,22.79648],[120.42415,22.79678],[120.42475,22.79628],[120.42614,22.79646],[120.42628,22.79688],[120.42701,22.7967],[120.42707,22.7962],[120.42705,22.79715],[120.42967,22.79677],[120.43,22.797],[120.42994,22.79746],[120.43034,22.79768],[120.43147,22.79749],[120.43191,22.79668],[120.43309,22.79769],[120.43296,22.79799],[120.43354,22.79682],[120.43465,22.79709],[120.43487,22.79741],[120.4344,22.7977],[120.43502,22.79834],[120.43695,22.79799],[120.4366,22.79931],[120.43606,22.79891],[120.43541,22.79956],[120.43562,22.80038],[120.43493,22.80059],[120.43516,22.79996],[120.43468,22.79991],[120.43372,22.80048],[120.43335,22.80139],[120.43331,22.80097],[120.43276,22.80137],[120.43308,22.80209],[120.43173,22.80372],[120.43203,22.80446],[120.43098,22.80404],[120.43144,22.80479],[120.43239,22.80511],[120.43207,22.80538],[120.43162,22.80496],[120.43168,22.80738],[120.43112,22.80856],[120.43045,22.80856],[120.43127,22.80945],[120.43138,22.81038],[120.43056,22.81121],[120.43107,22.81295],[120.42833,22.81439],[120.42618,22.81419],[120.42565,22.81503],[120.42641,22.81632],[120.42585,22.81734],[120.42472,22.81656],[120.42524,22.81558],[120.42298,22.81134],[120.4229,22.81174],[120.42219,22.81168],[120.42126,22.8136],[120.42359,22.81861],[120.42401,22.81872],[120.42411,22.81797],[120.42423,22.81769],[120.42424,22.81755],[120.42405,22.81739],[120.42375,22.8168],[120.42426,22.81753],[120.42405,22.81885],[120.42469,22.81947],[120.42523,22.81961],[120.42565,22.81886],[120.42684,22.81937],[120.42821,22.82254],[120.42752,22.8242],[120.42978,22.82493],[120.43041,22.826],[120.4304,22.82734],[120.43205,22.82836],[120.43305,22.83086],[120.43296,22.8317],[120.43547,22.83351],[120.43756,22.83629],[120.439,22.83661],[120.43982,22.83803],[120.44384,22.84006],[120.44459,22.84278],[120.44678,22.84378],[120.44775,22.84666],[120.44948,22.84791],[120.44803,22.85015],[120.4473,22.85046],[120.44668,22.85188],[120.4469,22.85324],[120.44773,22.85399],[120.44717,22.8546],[120.44721,22.85605],[120.44485,22.85756],[120.44414,22.85858],[120.44436,22.8598],[120.44322,22.86146],[120.44353,22.86297],[120.44493,22.8636],[120.44524,22.86434],[120.44425,22.86514],[120.44494,22.86629],[120.44464,22.86734],[120.44416,22.86806],[120.44322,22.86828],[120.44291,22.86906],[120.44331,22.86997],[120.44439,22.87013],[120.44489,22.87124],[120.44696,22.87222],[120.44884,22.87431],[120.44646,22.87531],[120.44519,22.87775],[120.44418,22.87876],[120.44286,22.87904],[120.44309,22.88045],[120.44251,22.88247],[120.44322,22.88408],[120.44292,22.88553],[120.44395,22.88643],[120.44631,22.88708],[120.44846,22.88683],[120.44929,22.88729],[120.4503,22.8865],[120.45207,22.88654],[120.45231,22.88747],[120.45326,22.88818],[120.45524,22.88848],[120.45753,22.88846],[120.45803,22.88862],[120.45826,22.88836],[120.45846,22.88828],[120.45805,22.88866],[120.45676,22.88858],[120.45691,22.88909],[120.46032,22.89137],[120.46205,22.89334],[120.4642,22.89356],[120.46717,22.89138],[120.46787,22.89167],[120.47016,22.89489],[120.46968,22.89586],[120.47009,22.89685],[120.46952,22.89844],[120.46994,22.89931],[120.46969,22.89993],[120.47065,22.90194],[120.47139,22.90235],[120.47175,22.90307],[120.47145,22.90359],[120.47275,22.90576],[120.47383,22.90612],[120.47421,22.90659],[120.4744,22.90641],[120.475,22.90603],[120.4756,22.90581],[120.47657,22.90494],[120.47704,22.90475],[120.47784,22.9046],[120.47797,22.90472],[120.4779,22.90346],[120.4782,22.90285],[120.47817,22.90258],[120.47825,22.9022],[120.47832,22.90211],[120.47821,22.90189],[120.47813,22.90121],[120.47837,22.90206],[120.478,22.90476],[120.47658,22.90497],[120.4757,22.90577],[120.47426,22.90659],[120.47542,22.90653],[120.47589,22.90664],[120.47682,22.90594],[120.47714,22.906],[120.47591,22.90669],[120.47422,22.90664],[120.4737,22.90634],[120.47355,22.90722],[120.47521,22.90734],[120.47728,22.90638],[120.47886,22.90618],[120.48041,22.90647],[120.48056,22.90657],[120.48052,22.90671],[120.48057,22.90662],[120.4809,22.90646],[120.48096,22.90648],[120.48096,22.90637],[120.48126,22.90626],[120.48259,22.9063],[120.48331,22.9066],[120.48221,22.90507],[120.48044,22.90452],[120.47932,22.90234],[120.4789,22.89433],[120.47836,22.89365],[120.47693,22.89422],[120.47616,22.89352],[120.47572,22.89374],[120.47484,22.89327],[120.47459,22.89242],[120.47312,22.89188],[120.47185,22.89021],[120.47271,22.88799],[120.47162,22.88769],[120.47325,22.88488],[120.47315,22.88371],[120.4731,22.88399],[120.4726,22.88362],[120.47341,22.88304],[120.47309,22.88254],[120.47601,22.88175],[120.47498,22.8763],[120.47316,22.87423],[120.4722,22.87482],[120.47164,22.87302],[120.47069,22.87238],[120.47125,22.87246],[120.47232,22.87375],[120.47218,22.87457],[120.473,22.87402],[120.47396,22.87462],[120.47296,22.87383],[120.47267,22.8705],[120.47237,22.87023],[120.47241,22.87092],[120.47222,22.87125],[120.47237,22.87089],[120.47225,22.87065],[120.47235,22.87021],[120.47242,22.87018],[120.471,22.86626],[120.47066,22.86558],[120.47024,22.86599],[120.47064,22.86554],[120.47031,22.86491],[120.46932,22.86424],[120.46843,22.86282],[120.46766,22.86327],[120.46648,22.86162],[120.46449,22.86192],[120.46461,22.86305],[120.46398,22.86325],[120.465,22.86397],[120.46428,22.86445],[120.46479,22.86505],[120.46413,22.86446],[120.46473,22.86396],[120.46384,22.86333],[120.46435,22.86289],[120.46419,22.86222],[120.46464,22.86168],[120.46652,22.86143],[120.46761,22.86297],[120.46826,22.86264],[120.46851,22.86064],[120.46799,22.86033],[120.46854,22.86002],[120.46895,22.8587],[120.46797,22.85404],[120.4658,22.84993],[120.46519,22.84929],[120.46481,22.8494],[120.46429,22.84919],[120.46416,22.84892],[120.46495,22.84925],[120.46412,22.84885],[120.46436,22.84832],[120.46343,22.8475],[120.46216,22.84466],[120.46089,22.84323],[120.46028,22.83674],[120.45944,22.83688],[120.45886,22.83657],[120.45843,22.83734],[120.45779,22.83766],[120.45752,22.83729],[120.45838,22.83726],[120.45881,22.8365],[120.45986,22.83659],[120.46058,22.8368],[120.46137,22.83751],[120.46165,22.83747],[120.4624,22.83821],[120.46183,22.83758],[120.46158,22.8328],[120.46034,22.83235],[120.46041,22.83117],[120.46118,22.83121],[120.46098,22.83189],[120.46156,22.83219],[120.4609,22.82725],[120.4617,22.82217],[120.46219,22.8218],[120.46183,22.82155],[120.46183,22.81708],[120.46095,22.81405],[120.46146,22.81402],[120.4618,22.81287],[120.46129,22.80711],[120.45826,22.79793],[120.45738,22.7934],[120.4555,22.78869],[120.45461,22.78377],[120.45022,22.77462],[120.4489,22.77594],[120.44838,22.77433],[120.44882,22.77353],[120.44822,22.7734],[120.4477,22.77351],[120.44861,22.77361],[120.44821,22.77437],[120.44633,22.77448],[120.44716,22.77325],[120.44861,22.7734],[120.44916,22.77371],[120.44843,22.77301],[120.44972,22.77285],[120.44326,22.7728]],[[120.43189,22.77428],[120.43193,22.77435],[120.43189,22.77435],[120.43189,22.77428]],[[120.44978,22.88671],[120.44979,22.8867],[120.44981,22.88671],[120.44978,22.88671]],[[120.4785,22.90568],[120.47851,22.90573],[120.47825,22.90586],[120.4785,22.90568]],[[120.46176,22.89089],[120.46269,22.89106],[120.46296,22.89125],[120.46266,22.89108],[120.46238,22.8911],[120.46176,22.89089]],[[120.45985,22.88968],[120.46055,22.89073],[120.46051,22.89089],[120.46106,22.89076],[120.4611,22.89091],[120.46144,22.89098],[120.46173,22.89131],[120.46201,22.89123],[120.46234,22.89123],[120.46411,22.89157],[120.46443,22.89174],[120.4647,22.89145],[120.46486,22.8914],[120.46508,22.89138],[120.46445,22.89178],[120.46171,22.89138],[120.46046,22.89092],[120.45985,22.88968]],[[120.46106,22.89075],[120.46094,22.89028],[120.4607,22.89025],[120.46034,22.88995],[120.45969,22.88895],[120.46098,22.89024],[120.46109,22.89068],[120.46132,22.89073],[120.46175,22.89089],[120.46106,22.89075]],[[120.45908,22.88896],[120.45954,22.88909],[120.45887,22.88888],[120.45908,22.88896]],[[120.45914,22.88861],[120.45941,22.88877],[120.45966,22.88875],[120.45914,22.88861]],[[120.45877,22.88825],[120.45889,22.88835],[120.45858,22.88822],[120.45877,22.88825]],[[120.46366,22.88802],[120.46408,22.88877],[120.46368,22.88999],[120.46327,22.89037],[120.46326,22.89057],[120.46358,22.89052],[120.46398,22.8908],[120.46354,22.89127],[120.46394,22.8908],[120.46325,22.89063],[120.4632,22.89045],[120.46403,22.88877],[120.46366,22.88802]],[[120.46027,22.88783],[120.46035,22.88799],[120.46026,22.88817],[120.46027,22.88783]],[[120.46028,22.88783],[120.46067,22.88755],[120.46116,22.88747],[120.46028,22.88783]],[[120.46136,22.88778],[120.46186,22.88804],[120.46134,22.88787],[120.46136,22.88778]],[[120.45442,22.88778],[120.45481,22.88806],[120.45469,22.88819],[120.45476,22.88832],[120.45465,22.88834],[120.45442,22.88778]],[[120.46257,22.88771],[120.46345,22.88775],[120.46352,22.8878],[120.46277,22.88781],[120.46257,22.88771]],[[120.46172,22.88734],[120.46197,22.88741],[120.46153,22.88736],[120.46172,22.88734]],[[120.46108,22.88723],[120.46152,22.88736],[120.46082,22.88741],[120.46108,22.88723]],[[120.46417,22.88687],[120.46395,22.88755],[120.46407,22.88702],[120.46368,22.88709],[120.46382,22.88743],[120.46369,22.88762],[120.4632,22.88749],[120.46246,22.88712],[120.4637,22.88759],[120.46365,22.88707],[120.46417,22.88687]],[[120.46507,22.88632],[120.466,22.88622],[120.46529,22.88638],[120.46508,22.88635],[120.46466,22.88703],[120.46456,22.88703],[120.46507,22.88632]],[[120.46655,22.88556],[120.46657,22.88555],[120.46654,22.88558],[120.46655,22.88556]],[[120.47201,22.88399],[120.47215,22.88391],[120.47203,22.88401],[120.47201,22.88399]],[[120.46125,22.883],[120.46153,22.88363],[120.46163,22.88351],[120.46172,22.88353],[120.46194,22.88376],[120.46199,22.88401],[120.46273,22.88399],[120.46325,22.88507],[120.46325,22.88563],[120.46229,22.88696],[120.46321,22.88511],[120.46269,22.88404],[120.46194,22.88406],[120.46149,22.88366],[120.46125,22.883]],[[120.45582,22.88258],[120.45583,22.88257],[120.45583,22.88258],[120.45582,22.88258]],[[120.4548,22.88148],[120.4548,22.88147],[120.45482,22.88148],[120.4548,22.88148]],[[120.45104,22.87621],[120.45091,22.87611],[120.45102,22.87609],[120.45104,22.87621]],[[120.4665,22.87493],[120.46568,22.87553],[120.46505,22.87548],[120.46494,22.87593],[120.46479,22.87599],[120.46306,22.87611],[120.46315,22.87635],[120.46315,22.87651],[120.46267,22.87711],[120.46212,22.87698],[120.46268,22.87691],[120.46252,22.8765],[120.4637,22.87559],[120.4649,22.87584],[120.46502,22.87539],[120.46522,22.8752],[120.46565,22.87539],[120.46594,22.87493],[120.4665,22.87493]],[[120.46803,22.87364],[120.46763,22.87357],[120.46733,22.87312],[120.46692,22.87338],[120.46709,22.87386],[120.46656,22.87431],[120.46684,22.87514],[120.46641,22.87418],[120.46706,22.87381],[120.46688,22.87332],[120.46731,22.87304],[120.46765,22.87309],[120.46803,22.87364]],[[120.45962,22.86679],[120.459,22.86786],[120.45998,22.86844],[120.46267,22.86737],[120.46308,22.86768],[120.46184,22.86786],[120.46181,22.86822],[120.46151,22.86843],[120.4613,22.87076],[120.46123,22.86893],[120.46178,22.86785],[120.46027,22.86858],[120.45919,22.86838],[120.45888,22.86782],[120.45962,22.86679]],[[120.46392,22.86589],[120.46395,22.86579],[120.46393,22.86598],[120.46392,22.86589]],[[120.46354,22.86567],[120.46498,22.86546],[120.46397,22.86572],[120.46381,22.86591],[120.46418,22.86688],[120.46382,22.86702],[120.46354,22.86567]],[[120.44753,22.86127],[120.44819,22.86162],[120.449,22.86184],[120.44914,22.86213],[120.45014,22.86174],[120.4504,22.86202],[120.4506,22.86308],[120.45126,22.86277],[120.45132,22.86368],[120.45212,22.86327],[120.45253,22.86347],[120.45238,22.86414],[120.45312,22.86301],[120.45372,22.86325],[120.45486,22.86457],[120.4549,22.86408],[120.45534,22.86375],[120.45588,22.86392],[120.45605,22.86471],[120.4571,22.86421],[120.45732,22.86441],[120.45736,22.86486],[120.4587,22.86533],[120.45885,22.86637],[120.45936,22.86629],[120.45876,22.86641],[120.45831,22.86581],[120.45661,22.86763],[120.45557,22.86725],[120.45548,22.8682],[120.45422,22.87006],[120.45442,22.87078],[120.45383,22.87124],[120.45319,22.87139],[120.45298,22.87165],[120.45308,22.87244],[120.45301,22.87276],[120.45289,22.87285],[120.45281,22.87288],[120.45286,22.87167],[120.45327,22.87129],[120.45433,22.87078],[120.45415,22.87005],[120.4554,22.86816],[120.45551,22.8672],[120.45657,22.86754],[120.45664,22.86694],[120.45866,22.86543],[120.45733,22.86518],[120.45699,22.86433],[120.45595,22.86481],[120.45548,22.86381],[120.45519,22.86389],[120.45505,22.86436],[120.45489,22.86458],[120.45478,22.86462],[120.45367,22.86415],[120.45319,22.86491],[120.45347,22.86424],[120.45371,22.8641],[120.45402,22.86413],[120.45329,22.86309],[120.45281,22.86428],[120.45225,22.86422],[120.45228,22.86467],[120.45208,22.865],[120.45149,22.86524],[120.45143,22.86612],[120.45117,22.86671],[120.44928,22.86805],[120.44832,22.86794],[120.44768,22.86731],[120.44896,22.868],[120.45109,22.86666],[120.45136,22.86529],[120.45217,22.86471],[120.4521,22.86422],[120.45243,22.86356],[120.45118,22.86374],[120.45108,22.86304],[120.45057,22.86327],[120.45045,22.86306],[120.45019,22.86188],[120.44909,22.8623],[120.44889,22.86199],[120.44803,22.86179],[120.44761,22.8615],[120.44761,22.86138],[120.4464,22.86144],[120.44753,22.86127]],[[120.45635,22.83817],[120.45588,22.83818],[120.45506,22.83771],[120.45397,22.83814],[120.45384,22.83932],[120.45333,22.83983],[120.45313,22.83986],[120.45288,22.83965],[120.45275,22.83974],[120.45307,22.83991],[120.45285,22.84043],[120.45314,22.84017],[120.45329,22.84026],[120.45326,22.84035],[120.45295,22.84071],[120.45245,22.84053],[120.45298,22.84243],[120.45218,22.84239],[120.45228,22.84301],[120.45201,22.84373],[120.45152,22.84393],[120.45161,22.84407],[120.45121,22.8443],[120.45079,22.84418],[120.45052,22.84455],[120.45017,22.84469],[120.45065,22.84416],[120.45198,22.84367],[120.45213,22.84232],[120.45294,22.84237],[120.45238,22.84057],[120.45251,22.84039],[120.45295,22.84065],[120.45319,22.8404],[120.45273,22.84045],[120.4527,22.83973],[120.4529,22.83956],[120.45316,22.83982],[120.45366,22.83938],[120.45344,22.8387],[120.4539,22.83807],[120.455,22.83762],[120.45626,22.83815],[120.45676,22.83737],[120.45635,22.83817]],[[120.44836,22.82364],[120.44986,22.8237],[120.45021,22.82394],[120.44873,22.82382],[120.44836,22.82364]],[[120.44904,22.82148],[120.4485,22.82188],[120.4485,22.82148],[120.44904,22.82148]],[[120.44666,22.82108],[120.44732,22.82227],[120.44646,22.82114],[120.44666,22.82108]],[[120.44598,22.82128],[120.44585,22.821],[120.44604,22.82099],[120.44598,22.82128]],[[120.42347,22.81631],[120.42309,22.81613],[120.42343,22.81607],[120.42347,22.81631]],[[120.42274,22.81242],[120.42225,22.81288],[120.42259,22.81237],[120.42274,22.81242]],[[120.44827,22.81117],[120.44828,22.81115],[120.44828,22.81117],[120.44827,22.81117]],[[120.44841,22.81094],[120.44867,22.81067],[120.4487,22.8109],[120.44841,22.81094]],[[120.44063,22.80317],[120.44122,22.80453],[120.4412,22.80457],[120.44063,22.80317]],[[120.45928,22.80321],[120.45906,22.80337],[120.45905,22.80313],[120.45928,22.80321]],[[120.45832,22.80211],[120.45774,22.80224],[120.45829,22.80206],[120.45832,22.80211]],[[120.45873,22.80203],[120.45912,22.80266],[120.45786,22.80259],[120.45873,22.80203]],[[120.45623,22.80178],[120.45559,22.80241],[120.45544,22.80241],[120.45623,22.80178]],[[120.43323,22.80208],[120.43294,22.80231],[120.43316,22.80207],[120.43289,22.80161],[120.43295,22.80137],[120.43323,22.80208]],[[120.45866,22.80176],[120.45836,22.80208],[120.45799,22.80154],[120.4583,22.80131],[120.45866,22.80176]],[[120.45754,22.80066],[120.45747,22.80101],[120.45731,22.80063],[120.45754,22.80066]],[[120.45685,22.80001],[120.4562,22.80011],[120.45609,22.8],[120.45654,22.79963],[120.45685,22.80001]],[[120.45794,22.79948],[120.45848,22.80058],[120.45727,22.80034],[120.45729,22.79979],[120.45794,22.79986],[120.45794,22.79948]],[[120.44291,22.79701],[120.44229,22.79721],[120.44173,22.79722],[120.4411,22.79752],[120.43998,22.79777],[120.43997,22.79776],[120.44173,22.7972],[120.44291,22.79701]],[[120.45207,22.79585],[120.45163,22.79583],[120.45154,22.79567],[120.45207,22.79585]],[[120.42648,22.79524],[120.42695,22.7954],[120.427,22.79556],[120.42674,22.79552],[120.42648,22.79524]],[[120.45775,22.79575],[120.45773,22.79524],[120.45779,22.79603],[120.45775,22.79575]],[[120.42648,22.79511],[120.42648,22.79517],[120.42641,22.79512],[120.42648,22.79511]],[[120.43935,22.78873],[120.43958,22.78901],[120.43931,22.78901],[120.43935,22.78873]],[[120.45159,22.78876],[120.45153,22.78856],[120.4517,22.78864],[120.45159,22.78876]],[[120.44077,22.78888],[120.44024,22.78852],[120.44115,22.78862],[120.44077,22.78888]],[[120.43525,22.78744],[120.43526,22.78744],[120.43525,22.78745],[120.43525,22.78744]],[[120.44982,22.7848],[120.44971,22.78519],[120.44967,22.78448],[120.44982,22.7848]],[[120.4447,22.77966],[120.44451,22.78119],[120.4437,22.78245],[120.44334,22.78274],[120.44295,22.78273],[120.44276,22.78335],[120.44255,22.78347],[120.44232,22.78338],[120.44202,22.78374],[120.44179,22.78382],[120.44161,22.78377],[120.44149,22.78442],[120.44066,22.78519],[120.44162,22.78372],[120.44232,22.78334],[120.44273,22.78334],[120.44293,22.78271],[120.44367,22.78241],[120.4447,22.77966]],[[120.4404,22.77936],[120.44049,22.77922],[120.4404,22.77936],[120.4404,22.77936]],[[120.44503,22.77914],[120.44461,22.77943],[120.44525,22.77902],[120.44503,22.77914]],[[120.44815,22.77622],[120.44871,22.7765],[120.44802,22.77659],[120.44815,22.77622]],[[120.45023,22.77488],[120.44996,22.77508],[120.44992,22.77493],[120.45023,22.77488]],[[120.43181,22.77431],[120.4317,22.77433],[120.43163,22.77429],[120.43181,22.77431]],[[120.43345,22.77415],[120.43341,22.77407],[120.43345,22.77406],[120.43345,22.77415]],[[120.4341,22.77409],[120.43407,22.774],[120.4341,22.774],[120.4341,22.77409]],[[120.43458,22.77413],[120.43895,22.77348],[120.43662,22.774],[120.43458,22.77413]],[[120.44824,22.77311],[120.44792,22.77326],[120.44785,22.77317],[120.44781,22.77325],[120.44728,22.77317],[120.44824,22.77311]]],[[[120.46871,22.86325],[120.46872,22.86318],[120.46867,22.86317],[120.46871,22.86325]]],[[[120.46259,22.87658],[120.4628,22.87646],[120.4627,22.87639],[120.46259,22.87658]]],[[[120.47279,22.88366],[120.47295,22.88369],[120.47305,22.8837],[120.47279,22.88366]]],[[[120.48833,22.91922],[120.48845,22.91897],[120.48802,22.91893],[120.48833,22.91922]]],[[[120.48052,22.90675],[120.4773,22.90642],[120.4766,22.90692],[120.47615,22.90694],[120.47521,22.90738],[120.47427,22.90754],[120.47539,22.90889],[120.47499,22.90987],[120.47705,22.91158],[120.47703,22.91302],[120.47985,22.91472],[120.47987,22.91697],[120.48109,22.91757],[120.48112,22.91868],[120.48156,22.91889],[120.48192,22.92015],[120.48132,22.92098],[120.48144,22.92178],[120.47967,22.92338],[120.47973,22.924],[120.48277,22.92527],[120.48333,22.92762],[120.48323,22.92873],[120.48113,22.93033],[120.48087,22.93203],[120.48174,22.93465],[120.48135,22.93566],[120.48285,22.93824],[120.48457,22.9394],[120.48528,22.93695],[120.48733,22.93323],[120.48849,22.93319],[120.4885,22.93248],[120.48876,22.93301],[120.48905,22.93323],[120.48924,22.93292],[120.48922,22.93265],[120.48994,22.93245],[120.49013,22.93307],[120.48991,22.93138],[120.4889,22.93123],[120.48856,22.93195],[120.48892,22.93052],[120.48831,22.9294],[120.48888,22.92974],[120.48964,22.92932],[120.4886,22.9289],[120.4881,22.92721],[120.4878,22.92275],[120.48837,22.92007],[120.48813,22.91989],[120.48726,22.92124],[120.48694,22.9208],[120.48808,22.91755],[120.48888,22.91738],[120.48899,22.91685],[120.48831,22.91687],[120.48888,22.91623],[120.48909,22.91576],[120.48927,22.9146],[120.48919,22.91414],[120.48828,22.91329],[120.4877,22.91185],[120.48808,22.9119],[120.48844,22.91079],[120.48965,22.91043],[120.49027,22.90965],[120.49002,22.91153],[120.49046,22.90921],[120.49106,22.90935],[120.48759,22.9075],[120.48761,22.90785],[120.48684,22.90751],[120.48588,22.90812],[120.48364,22.90648],[120.48258,22.90731],[120.4829,22.90667],[120.48259,22.90634],[120.48052,22.90675]],[[120.48808,22.91755],[120.48808,22.91731],[120.48817,22.91736],[120.48808,22.91755]],[[120.48917,22.9144],[120.48909,22.9143],[120.48919,22.91425],[120.48917,22.9144]],[[120.4887,22.93235],[120.48907,22.93307],[120.48861,22.93268],[120.4887,22.93235]],[[120.48868,22.93211],[120.48856,22.93232],[120.48855,22.93204],[120.48868,22.93211]],[[120.48909,22.93174],[120.4899,22.93219],[120.48907,22.93247],[120.48909,22.93174]],[[120.48824,22.91684],[120.48779,22.91716],[120.48751,22.9171],[120.48824,22.91684]],[[120.48897,22.91582],[120.48881,22.9162],[120.48896,22.91582],[120.48897,22.91582]]],[[[120.48989,22.92941],[120.48951,22.92989],[120.48962,22.93003],[120.48989,22.92941]]],[[[120.4888,22.92992],[120.48868,22.92973],[120.48865,22.92991],[120.4888,22.92992]]],[[[120.48932,22.93035],[120.48912,22.93029],[120.48915,22.93042],[120.48932,22.93035]]],[[[120.49039,22.88206],[120.49088,22.88316],[120.49154,22.88322],[120.49103,22.88289],[120.49039,22.88206]]],[[[120.49229,22.88376],[120.49257,22.88377],[120.49247,22.88363],[120.49229,22.88376]]],[[[120.49665,22.8866],[120.49606,22.88671],[120.49576,22.88668],[120.4964,22.88702],[120.49665,22.8866]]],[[[120.49183,22.88989],[120.4915,22.8919],[120.49203,22.89323],[120.49188,22.89602],[120.49135,22.89624],[120.48978,22.89387],[120.48969,22.89476],[120.49012,22.89674],[120.49245,22.89875],[120.49491,22.89761],[120.49183,22.88989]],[[120.49215,22.89585],[120.4922,22.89594],[120.49215,22.89594],[120.49215,22.89585]]],[[[120.49327,22.89955],[120.49385,22.89967],[120.49347,22.89931],[120.49327,22.89955]]],[[[120.49193,22.8989],[120.49144,22.90034],[120.49245,22.90194],[120.49208,22.90071],[120.49193,22.8989]]],[[[120.49255,22.90208],[120.4929,22.90253],[120.49326,22.90267],[120.49311,22.90255],[120.49255,22.90208]]],[[[120.49459,22.90178],[120.49435,22.90247],[120.49333,22.90269],[120.49428,22.90317],[120.4968,22.90272],[120.49459,22.90178]]],[[[120.49772,22.90328],[120.49769,22.90296],[120.49725,22.90293],[120.49772,22.90328]]],[[[120.49794,22.90338],[120.49779,22.90333],[120.49793,22.9034],[120.49794,22.90338]]],[[[120.5006,22.90537],[120.49904,22.90449],[120.49994,22.90598],[120.49989,22.90761],[120.50135,22.90918],[120.50238,22.90944],[120.50077,22.90742],[120.5006,22.90537]]],[[[120.49642,22.9295],[120.4951,22.92832],[120.49466,22.92843],[120.49418,22.92842],[120.49506,22.92891],[120.49653,22.93026],[120.49642,22.9295]]],[[[120.49313,22.93158],[120.49324,22.93166],[120.49331,22.93109],[120.49313,22.93158]]],[[[120.49216,22.93153],[120.49074,22.9327],[120.49067,22.93331],[120.49005,22.93322],[120.49054,22.93348],[120.49112,22.93319],[120.49086,22.93281],[120.49178,22.93244],[120.49229,22.93167],[120.49216,22.93153]]],[[[120.49469,22.927],[120.49277,22.92724],[120.4935,22.92854],[120.49333,22.93096],[120.49355,22.92899],[120.49363,22.9287],[120.49329,22.93164],[120.49485,22.93205],[120.49612,22.93365],[120.49736,22.93291],[120.4987,22.93514],[120.49856,22.93578],[120.49775,22.93611],[120.49772,22.94031],[120.49878,22.94176],[120.4998,22.94199],[120.4992,22.94356],[120.49938,22.94544],[120.50016,22.94585],[120.49937,22.94796],[120.49979,22.94949],[120.50027,22.94964],[120.50103,22.94858],[120.50053,22.9495],[120.50109,22.95015],[120.50056,22.95055],[120.50196,22.95172],[120.50259,22.95157],[120.50319,22.95047],[120.50368,22.95018],[120.50323,22.95098],[120.50427,22.95107],[120.50355,22.95206],[120.50665,22.95544],[120.50729,22.95567],[120.50772,22.95634],[120.50849,22.95672],[120.5104,22.95718],[120.51061,22.9585],[120.50926,22.96091],[120.50996,22.96219],[120.5096,22.96319],[120.50867,22.96359],[120.50846,22.96449],[120.50946,22.96559],[120.51014,22.96758],[120.50942,22.97001],[120.51019,22.97091],[120.51014,22.97244],[120.51119,22.97503],[120.51159,22.97539],[120.51272,22.97492],[120.51395,22.9755],[120.5146,22.97534],[120.51538,22.97644],[120.51529,22.97705],[120.51686,22.97781],[120.51813,22.97762],[120.51912,22.97815],[120.51933,22.97968],[120.51998,22.98017],[120.52202,22.978],[120.52346,22.97836],[120.52526,22.97749],[120.52011,22.9731],[120.5186,22.97395],[120.51838,22.9753],[120.51816,22.97448],[120.5187,22.97326],[120.51991,22.97279],[120.51835,22.96849],[120.51666,22.9666],[120.51644,22.96704],[120.51601,22.96691],[120.51603,22.96628],[120.51574,22.96682],[120.51529,22.96643],[120.51525,22.9653],[120.51359,22.96384],[120.51343,22.9615],[120.51116,22.95928],[120.5111,22.95486],[120.51058,22.95418],[120.50976,22.95468],[120.50964,22.95452],[120.51035,22.95399],[120.50973,22.95327],[120.50921,22.95358],[120.50883,22.95268],[120.50917,22.95264],[120.50704,22.94928],[120.50635,22.94738],[120.50649,22.94462],[120.50571,22.94447],[120.50505,22.94516],[120.50519,22.94407],[120.50621,22.94369],[120.50583,22.9428],[120.50545,22.94234],[120.50468,22.94312],[120.50514,22.94198],[120.50486,22.94113],[120.50415,22.94059],[120.50268,22.93734],[120.50173,22.93676],[120.50082,22.93726],[120.50041,22.93721],[120.50116,22.9368],[120.50133,22.93626],[120.50129,22.93615],[120.50107,22.93678],[120.50036,22.93712],[120.50012,22.93753],[120.49998,22.93691],[120.5011,22.93641],[120.50098,22.93388],[120.49949,22.93052],[120.49865,22.92972],[120.4965,22.92911],[120.49526,22.92816],[120.49469,22.927]],[[120.51369,22.96469],[120.51398,22.96534],[120.51375,22.96558],[120.51369,22.96469]],[[120.50865,22.95661],[120.50884,22.95655],[120.50888,22.95654],[120.50865,22.95661]],[[120.50865,22.95661],[120.5083,22.95654],[120.50808,22.95632],[120.50865,22.95661]],[[120.50787,22.95627],[120.50778,22.95631],[120.50763,22.95594],[120.50787,22.95627]],[[120.5075,22.95584],[120.50746,22.95577],[120.50763,22.95594],[120.5075,22.95584]],[[120.50746,22.95577],[120.50727,22.95558],[120.50697,22.95549],[120.50746,22.95577]],[[120.50896,22.95653],[120.509,22.95656],[120.50892,22.95654],[120.50896,22.95653]],[[120.50556,22.95281],[120.50741,22.95313],[120.50494,22.95288],[120.50511,22.95353],[120.50485,22.9529],[120.50487,22.95283],[120.50556,22.95281]],[[120.50743,22.95155],[120.50842,22.95229],[120.50869,22.95261],[120.50782,22.95214],[120.50764,22.95196],[120.50743,22.95155]],[[120.50108,22.94001],[120.50262,22.94043],[120.50339,22.94117],[120.50316,22.94253],[120.50301,22.94286],[120.50417,22.94354],[120.50454,22.94414],[120.50447,22.94484],[120.50355,22.94542],[120.5036,22.9458],[120.50313,22.9466],[120.50352,22.94732],[120.5031,22.94869],[120.5039,22.94923],[120.504,22.94954],[120.50395,22.94965],[120.50253,22.94811],[120.50334,22.94603],[120.5011,22.94572],[120.50222,22.94578],[120.5018,22.94539],[120.50188,22.94479],[120.50144,22.9447],[120.50115,22.94438],[120.50192,22.94475],[120.50209,22.94563],[120.50325,22.94593],[120.50356,22.94536],[120.50449,22.94453],[120.50409,22.9436],[120.50291,22.94285],[120.50334,22.9412],[120.50108,22.94001]],[[120.49659,22.9311],[120.49665,22.93194],[120.49719,22.93228],[120.49622,22.9332],[120.49546,22.93145],[120.49566,22.93101],[120.49659,22.9311]],[[120.49681,22.92946],[120.49791,22.92986],[120.49926,22.93109],[120.49812,22.93007],[120.49695,22.92963],[120.49681,22.92946]],[[120.49654,22.92937],[120.49639,22.92924],[120.49681,22.92946],[120.49654,22.92937]],[[120.4963,22.92921],[120.49674,22.92981],[120.49659,22.93032],[120.49334,22.92816],[120.49502,22.92823],[120.4963,22.92921]]],[[[120.51319,22.95943],[120.51292,22.959],[120.51261,22.95887],[120.51319,22.95943]]],[[[120.51292,22.95963],[120.51304,22.95955],[120.51239,22.95898],[120.51292,22.95963]]],[[[120.51324,22.95939],[120.51331,22.95941],[120.51348,22.95929],[120.51324,22.95939]]]]}},{"type":"Feature","properties":{"zone":"森林區","town":"旗山區"},"geometry":{"type":"MultiPolygon","coordinates":[[[[120.42451,22.79629],[120.42394,22.79671],[120.42432,22.79705],[120.42428,22.79719],[120.42416,22.79734],[120.42409,22.79739],[120.42388,22.79651],[120.42306,22.79667],[120.42134,22.79938],[120.42152,22.7999],[120.41987,22.80173],[120.41981,22.80305],[120.41621,22.80503],[120.41537,22.80632],[120.41596,22.80738],[120.41871,22.80857],[120.42016,22.81046],[120.42171,22.81008],[120.42218,22.81154],[120.42298,22.81134],[120.42524,22.81558],[120.42472,22.81656],[120.42585,22.81734],[120.42641,22.81632],[120.42565,22.81503],[120.42618,22.81419],[120.42833,22.81439],[120.43107,22.81295],[120.43056,22.81121],[120.43138,22.81038],[120.43127,22.80945],[120.43045,22.80856],[120.43112,22.80856],[120.43168,22.80738],[120.43141,22.80659],[120.43188,22.80583],[120.43162,22.80496],[120.43207,22.80538],[120.43239,22.80511],[120.43118,22.80449],[120.43134,22.8032],[120.43072,22.80303],[120.4303,22.80262],[120.42994,22.80269],[120.42961,22.80259],[120.42945,22.80318],[120.42908,22.80342],[120.42909,22.8037],[120.42882,22.80392],[120.42917,22.80418],[120.42914,22.8049],[120.42872,22.80551],[120.42807,22.80585],[120.42911,22.80486],[120.42878,22.80396],[120.42902,22.8034],[120.42959,22.80256],[120.4304,22.8026],[120.43145,22.80319],[120.43226,22.803],[120.43308,22.80209],[120.43276,22.80137],[120.43331,22.80097],[120.43335,22.80139],[120.43372,22.80048],[120.43468,22.79991],[120.43516,22.79996],[120.43493,22.80059],[120.43562,22.80038],[120.43541,22.79956],[120.43606,22.79891],[120.4366,22.79931],[120.43684,22.79803],[120.435,22.79843],[120.43435,22.79775],[120.43462,22.79713],[120.43363,22.79688],[120.43317,22.7981],[120.43195,22.79748],[120.43194,22.79678],[120.4314,22.79754],[120.43034,22.79768],[120.42999,22.79699],[120.42911,22.79765],[120.42816,22.7971],[120.42706,22.7974],[120.42709,22.79667],[120.42622,22.79688],[120.42614,22.79646],[120.42451,22.79629]],[[120.4244,22.79847],[120.42442,22.79986],[120.42308,22.80124],[120.42298,22.80127],[120.42275,22.80117],[120.42271,22.80179],[120.42226,22.80308],[120.42191,22.80317],[120.42177,22.80348],[120.4211,22.80385],[120.41903,22.80444],[120.42108,22.80383],[120.42191,22.80314],[120.42224,22.80306],[120.42273,22.80113],[120.42437,22.79982],[120.4244,22.79847]],[[120.42776,22.8048],[120.42791,22.80498],[120.42769,22.80495],[120.42776,22.8048]],[[120.43057,22.80609],[120.4313,22.80607],[120.43057,22.80627],[120.43057,22.80609]],[[120.43137,22.80601],[120.43148,22.80629],[120.43131,22.80624],[120.43137,22.80601]]],[[[120.49069,22.88286],[120.49183,22.88989],[120.49491,22.89761],[120.49245,22.89875],[120.4937,22.8993],[120.49409,22.9003],[120.4931,22.90084],[120.49202,22.90019],[120.49247,22.90201],[120.49331,22.9027],[120.49435,22.90247],[120.49459,22.90178],[120.49696,22.90288],[120.49785,22.90281],[120.49795,22.90349],[120.49872,22.9032],[120.49882,22.90433],[120.4998,22.90441],[120.5006,22.90537],[120.50109,22.90796],[120.50294,22.90991],[120.50472,22.9109],[120.50777,22.91041],[120.50828,22.91077],[120.50818,22.91128],[120.51056,22.913],[120.51057,22.91381],[120.51123,22.91358],[120.51227,22.91426],[120.511,22.91516],[120.51272,22.9166],[120.51538,22.9175],[120.51711,22.91712],[120.51467,22.91522],[120.51593,22.91418],[120.51713,22.9117],[120.5103,22.90696],[120.51044,22.90643],[120.50967,22.90547],[120.507,22.90518],[120.50419,22.90202],[120.50405,22.90167],[120.50562,22.89976],[120.50525,22.89852],[120.50675,22.89756],[120.50693,22.89663],[120.5039,22.89666],[120.50398,22.89522],[120.50452,22.89458],[120.50379,22.8951],[120.50122,22.89486],[120.50122,22.8928],[120.50082,22.8926],[120.49898,22.89233],[120.49842,22.89296],[120.49666,22.89206],[120.4957,22.8923],[120.49643,22.89075],[120.49758,22.89016],[120.49756,22.8888],[120.49851,22.88782],[120.49862,22.88667],[120.49688,22.88651],[120.49611,22.88702],[120.495,22.8866],[120.4939,22.88737],[120.4929,22.88606],[120.49348,22.88422],[120.49069,22.88286]]]]}},{"type":"Feature","properties":{"zone":"河川區","town":"旗山區"},"geometry":{"type":"MultiPolygon","coordinates":[[[[120.45092,22.77537],[120.45132,22.77556],[120.45061,22.77492],[120.45092,22.77537]]],[[[120.46202,22.81354],[120.46243,22.81356],[120.46295,22.81306],[120.46408,22.81303],[120.46273,22.81293],[120.46202,22.81354]]],[[[120.46394,22.81463],[120.46409,22.81771],[120.46363,22.81796],[120.46352,22.81953],[120.46378,22.82053],[120.46324,22.82076],[120.46374,22.8208],[120.46247,22.82167],[120.46269,22.82609],[120.46335,22.82992],[120.46356,22.82886],[120.46344,22.83005],[120.4652,22.83229],[120.46597,22.832],[120.46466,22.83024],[120.46694,22.82968],[120.46733,22.83034],[120.46703,22.82916],[120.466,22.82802],[120.46499,22.82436],[120.46429,22.8259],[120.46441,22.82695],[120.4637,22.82792],[120.46434,22.82679],[120.4642,22.82588],[120.46496,22.82427],[120.46457,22.82247],[120.4655,22.81829],[120.46394,22.81463]],[[120.4641,22.81782],[120.46385,22.81945],[120.46362,22.81957],[120.46369,22.81798],[120.4641,22.81782]]],[[[120.47176,22.83493],[120.47259,22.83672],[120.47198,22.83713],[120.4726,22.83674],[120.47271,22.83759],[120.47662,22.84098],[120.4794,22.84619],[120.47962,22.85049],[120.47875,22.85449],[120.47738,22.85692],[120.47784,22.85684],[120.47882,22.85459],[120.48129,22.85121],[120.48214,22.85144],[120.48621,22.84988],[120.48591,22.84402],[120.48465,22.84033],[120.48209,22.83653],[120.48148,22.83698],[120.48134,22.8387],[120.48056,22.83807],[120.47844,22.83848],[120.47777,22.83797],[120.47632,22.83881],[120.47675,22.83833],[120.47582,22.83799],[120.47485,22.83684],[120.47537,22.8364],[120.47453,22.83574],[120.47381,22.83593],[120.473,22.83495],[120.47176,22.83493]],[[120.48553,22.84514],[120.48553,22.84512],[120.48596,22.84509],[120.48553,22.84514]],[[120.48594,22.84501],[120.48569,22.84505],[120.48568,22.84503],[120.48594,22.84501]],[[120.47896,22.84369],[120.47899,22.84376],[120.47899,22.84376],[120.47896,22.84369]],[[120.48394,22.8431],[120.4841,22.84261],[120.4846,22.84299],[120.48394,22.8431]],[[120.48237,22.84246],[120.48271,22.84229],[120.48292,22.84266],[120.48262,22.84286],[120.48237,22.84246]],[[120.48468,22.84197],[120.48462,22.84299],[120.48411,22.84259],[120.48468,22.84197]],[[120.47599,22.83919],[120.47639,22.83902],[120.47609,22.83927],[120.47599,22.83919]],[[120.47569,22.83881],[120.47569,22.83892],[120.47562,22.83886],[120.47569,22.83881]],[[120.48031,22.83857],[120.48125,22.83886],[120.48133,22.83929],[120.48034,22.83955],[120.48031,22.83857]],[[120.48191,22.83751],[120.4839,22.84006],[120.48462,22.84179],[120.48383,22.84275],[120.48228,22.84008],[120.4816,22.8401],[120.48134,22.83962],[120.48191,22.83751]]],[[[120.48232,22.85698],[120.48093,22.85684],[120.48046,22.85821],[120.48126,22.85874],[120.48232,22.85698]]],[[[120.47658,22.86069],[120.47656,22.86062],[120.47646,22.8607],[120.47658,22.86069]]],[[[120.47519,22.8619],[120.47549,22.8615],[120.47548,22.86146],[120.47504,22.86144],[120.47519,22.8619]]],[[[120.47528,22.85981],[120.47329,22.8622],[120.47352,22.86271],[120.47302,22.86265],[120.47405,22.86584],[120.47431,22.86501],[120.47411,22.86439],[120.47446,22.86436],[120.47422,22.86398],[120.47514,22.86198],[120.47446,22.86248],[120.47386,22.86196],[120.47463,22.86174],[120.47456,22.86117],[120.47532,22.8604],[120.47592,22.86078],[120.47647,22.86076],[120.47542,22.86034],[120.47528,22.85981]],[[120.47389,22.86501],[120.47407,22.86498],[120.47411,22.86545],[120.47389,22.86501]]],[[[120.48044,22.85825],[120.47896,22.8609],[120.47885,22.86322],[120.47919,22.86798],[120.4798,22.87006],[120.48025,22.87046],[120.48122,22.86999],[120.48141,22.8707],[120.48291,22.87063],[120.48258,22.87074],[120.48301,22.87166],[120.48374,22.87139],[120.48492,22.87221],[120.48486,22.87164],[120.48618,22.87292],[120.48818,22.87335],[120.48447,22.87105],[120.48472,22.87085],[120.4824,22.868],[120.4816,22.86587],[120.47996,22.86606],[120.47983,22.86239],[120.48143,22.85878],[120.48105,22.85873],[120.48044,22.85825]],[[120.48443,22.87165],[120.48441,22.87165],[120.4844,22.87162],[120.48443,22.87165]]],[[[120.474,22.8661],[120.47406,22.86621],[120.47401,22.86601],[120.474,22.8661]]],[[[120.47425,22.86613],[120.47423,22.86612],[120.47424,22.86615],[120.47425,22.86613]]],[[[120.47434,22.86614],[120.47412,22.86675],[120.47527,22.86798],[120.47434,22.86614]]],[[[120.47493,22.86824],[120.47412,22.86842],[120.47517,22.8684],[120.47576,22.86995],[120.47606,22.86979],[120.47859,22.87292],[120.47967,22.87295],[120.48074,22.87441],[120.47843,22.87125],[120.47691,22.87075],[120.47638,22.86853],[120.47493,22.86824]]],[[[120.48101,22.87469],[120.48095,22.87463],[120.48101,22.87471],[120.48101,22.87469]]],[[[120.48121,22.87498],[120.48157,22.87538],[120.48103,22.87473],[120.48121,22.87498]]],[[[120.48632,22.89832],[120.48612,22.89802],[120.48626,22.89843],[120.48632,22.89832]]],[[[120.48529,22.85511],[120.48444,22.85565],[120.48469,22.85587],[120.48266,22.85682],[120.48393,22.8572],[120.48432,22.8562],[120.48625,22.8583],[120.48867,22.85963],[120.49057,22.86143],[120.49308,22.86229],[120.49434,22.86335],[120.493,22.86164],[120.4909,22.86113],[120.48947,22.86009],[120.48868,22.85799],[120.48731,22.85726],[120.48529,22.85511]]],[[[120.4939,22.86334],[120.49561,22.86829],[120.49723,22.86941],[120.49543,22.86635],[120.49549,22.8647],[120.4939,22.86334]]],[[[120.48856,22.8736],[120.49029,22.87687],[120.491,22.87675],[120.49021,22.87494],[120.48889,22.87374],[120.48856,22.8736]],[[120.48924,22.87413],[120.48976,22.87492],[120.48993,22.87521],[120.48924,22.87413]]],[[[120.49085,22.87893],[120.49082,22.87782],[120.49048,22.87779],[120.49085,22.87893]]],[[[120.48698,22.88151],[120.48766,22.88164],[120.4886,22.88079],[120.48861,22.87889],[120.48836,22.87813],[120.48602,22.87652],[120.48553,22.878],[120.48698,22.88151]]],[[[120.49114,22.87924],[120.4907,22.88119],[120.49076,22.8812],[120.49115,22.87981],[120.49114,22.87924]]],[[[120.48743,22.8818],[120.48738,22.88237],[120.48646,22.88229],[120.48737,22.88249],[120.48657,22.88513],[120.48689,22.88497],[120.48754,22.88482],[120.48864,22.88347],[120.4886,22.88185],[120.48751,22.88219],[120.48743,22.8818]],[[120.48825,22.88249],[120.48832,22.88242],[120.48832,22.88245],[120.48825,22.88249]],[[120.4878,22.8823],[120.48806,22.88232],[120.48779,22.88236],[120.4878,22.8823]],[[120.48746,22.88225],[120.4875,22.88224],[120.4875,22.88226],[120.48746,22.88225]]],[[[120.4877,22.8848],[120.4866,22.88517],[120.48756,22.88618],[120.48867,22.88512],[120.48863,22.8836],[120.4877,22.8848]]],[[[120.48633,22.89865],[120.48691,22.90037],[120.48574,22.90074],[120.4882,22.90528],[120.48914,22.90435],[120.4895,22.90476],[120.48831,22.90177],[120.48633,22.89865]]],[[[120.50025,22.9114],[120.50082,22.91202],[120.50082,22.91156],[120.50025,22.9114]]],[[[120.50183,22.91243],[120.5017,22.91234],[120.50168,22.91236],[120.50183,22.91243]]],[[[120.50659,22.91757],[120.50733,22.91765],[120.50727,22.91693],[120.50544,22.91536],[120.50408,22.91297],[120.50201,22.91181],[120.50389,22.91372],[120.50455,22.91514],[120.50655,22.9166],[120.50689,22.91741],[120.50659,22.91757]]],[[[120.4892,22.92879],[120.48968,22.92876],[120.48975,22.92859],[120.4892,22.92879]]],[[[120.52152,22.92886],[120.52128,22.93204],[120.52207,22.93225],[120.52298,22.92895],[120.52152,22.92886]]],[[[120.51972,22.92945],[120.51792,22.9296],[120.51798,22.93036],[120.5179,22.92961],[120.51723,22.92976],[120.51774,22.93464],[120.5197,22.93024],[120.51972,22.92945]]],[[[120.51767,22.93485],[120.51667,22.93958],[120.51731,22.94201],[120.51906,22.94243],[120.51942,22.94391],[120.52003,22.94322],[120.51992,22.94129],[120.51932,22.94048],[120.51908,22.9423],[120.51823,22.93579],[120.51864,22.93584],[120.519,22.93464],[120.51839,22.93559],[120.51786,22.93553],[120.51767,22.93485]]]]}},{"type":"Feature","properties":{"zone":"特定專用區","town":"旗山區"},"geometry":{"type":"MultiPolygon","coordinates":[[[[120.49315,22.85811],[120.49315,22.85811],[120.49315,22.85811],[120.49315,22.85811]]],[[[120.49004,22.87358],[120.49094,22.87482],[120.49059,22.87556],[120.49113,22.87951],[120.49375,22.87909],[120.49337,22.8794],[120.49457,22.87932],[120.49552,22.87945],[120.49589,22.87847],[120.49663,22.87828],[120.49675,22.87798],[120.4944,22.87772],[120.49667,22.87793],[120.49706,22.8771],[120.49355,22.87449],[120.49295,22.87692],[120.49344,22.87442],[120.491,22.87481],[120.49004,22.87358]]],[[[120.49507,22.87942],[120.49554,22.87957],[120.49555,22.87949],[120.49507,22.87942]]],[[[120.49296,22.88183],[120.49294,22.88185],[120.49296,22.88185],[120.49296,22.88183]]],[[[120.49317,22.88195],[120.49102,22.88191],[120.49239,22.88275],[120.49317,22.88195]]],[[[120.49353,22.91333],[120.49358,22.91348],[120.49363,22.9136],[120.49353,22.91333]]],[[[120.49659,22.92144],[120.49407,22.92221],[120.4941,22.92222],[120.49394,22.92234],[120.4936,22.92253],[120.49674,22.92181],[120.49659,22.92144]]],[[[120.49403,22.92222],[120.49274,22.92276],[120.49405,22.92222],[120.49403,22.92222]]],[[[120.49259,22.92259],[120.49209,22.92296],[120.49265,22.92278],[120.49259,22.92259]]],[[[120.49192,22.92278],[120.49178,22.92199],[120.4908,22.92237],[120.4913,22.92349],[120.49071,22.9223],[120.48819,22.92288],[120.48811,22.9249],[120.4919,22.92384],[120.49307,22.92444],[120.49226,22.92375],[120.49194,22.92283],[120.49216,22.92195],[120.49192,22.92278]],[[120.49197,22.92382],[120.49169,22.92376],[120.49161,22.92371],[120.49186,22.92366],[120.49197,22.92382]],[[120.49234,22.924],[120.49204,22.92381],[120.49226,22.92375],[120.49234,22.924]]],[[[120.49341,22.92486],[120.49353,22.92482],[120.4932,22.92455],[120.49341,22.92486]]],[[[120.5047,22.84821],[120.50306,22.84841],[120.50313,22.84902],[120.50473,22.84898],[120.5047,22.84821]]],[[[120.49712,22.87181],[120.49667,22.87032],[120.49568,22.87041],[120.49712,22.87181]]],[[[120.49718,22.87204],[120.49565,22.87041],[120.49554,22.87044],[120.49718,22.87204]]],[[[120.49724,22.87231],[120.49549,22.87045],[120.49444,22.87106],[120.49558,22.87224],[120.49585,22.87392],[120.49724,22.87231]]],[[[120.49719,22.87719],[120.49691,22.87787],[120.49779,22.87795],[120.49719,22.87719]]],[[[120.49687,22.87797],[120.49662,22.87883],[120.49781,22.87853],[120.4978,22.87798],[120.49687,22.87797]]],[[[120.49573,22.9193],[120.49573,22.9193],[120.49571,22.91926],[120.49573,22.9193]]],[[[120.50489,22.92622],[120.50282,22.92657],[120.50151,22.9287],[120.50193,22.92872],[120.50152,22.92882],[120.50554,22.92807],[120.50546,22.92656],[120.50489,22.92622]]],[[[120.50128,22.92862],[120.50122,22.92887],[120.50135,22.92872],[120.50128,22.92862]]],[[[120.49546,22.93145],[120.49622,22.9332],[120.49671,22.93311],[120.49723,22.93198],[120.49667,22.93197],[120.49621,22.93093],[120.49546,22.93145]]],[[[120.5115,22.95302],[120.51095,22.94941],[120.50833,22.95151],[120.51035,22.95389],[120.5115,22.95302]]]]}},{"type":"Feature","properties":{"zone":"特定農業區","town":"旗山區"},"geometry":{"type":"MultiPolygon","coordinates":[[[[120.48327,22.83947],[120.48238,22.83927],[120.48346,22.83981],[120.48327,22.83947]]],[[[120.48404,22.84036],[120.48308,22.8413],[120.48383,22.84275],[120.48466,22.84192],[120.48404,22.84036]]],[[[120.48468,22.84197],[120.48411,22.84259],[120.48499,22.84293],[120.48468,22.84197]]],[[[120.4837,22.84292],[120.4846,22.84299],[120.4841,22.84261],[120.4837,22.84292]]],[[[120.46593,22.84797],[120.46591,22.84802],[120.46595,22.84801],[120.46593,22.84797]]],[[[120.46028,22.83674],[120.46089,22.84323],[120.46216,22.84466],[120.46343,22.8475],[120.46436,22.84832],[120.46412,22.84885],[120.46495,22.84925],[120.46416,22.84892],[120.46429,22.84919],[120.46519,22.84929],[120.4658,22.84993],[120.46668,22.85217],[120.46777,22.8533],[120.46895,22.8587],[120.46854,22.86002],[120.46799,22.86033],[120.46851,22.86064],[120.46818,22.8621],[120.46848,22.86227],[120.46835,22.86165],[120.46904,22.86132],[120.46878,22.86107],[120.47025,22.8608],[120.46985,22.86053],[120.47169,22.85974],[120.47186,22.85851],[120.47317,22.85782],[120.47426,22.8575],[120.47484,22.85852],[120.47574,22.85875],[120.47583,22.85791],[120.47679,22.85801],[120.47783,22.85687],[120.47738,22.85692],[120.47789,22.85281],[120.4758,22.85315],[120.47427,22.85502],[120.47327,22.85504],[120.47385,22.85635],[120.4734,22.85642],[120.47332,22.856],[120.47215,22.85629],[120.47202,22.85506],[120.4726,22.85454],[120.47166,22.85411],[120.47265,22.8538],[120.47316,22.85419],[120.47289,22.85284],[120.47277,22.85333],[120.47206,22.85352],[120.47147,22.85283],[120.47391,22.85204],[120.47298,22.85148],[120.47299,22.84997],[120.47212,22.85056],[120.4718,22.84926],[120.47222,22.84868],[120.47303,22.84892],[120.47376,22.84902],[120.47388,22.84901],[120.47395,22.84702],[120.4739,22.84652],[120.47434,22.84601],[120.47519,22.8462],[120.47513,22.84851],[120.47734,22.84696],[120.47642,22.84546],[120.47574,22.84584],[120.47476,22.84522],[120.47621,22.84474],[120.47675,22.84434],[120.47598,22.84462],[120.47547,22.8436],[120.4732,22.84441],[120.47269,22.84393],[120.47215,22.84433],[120.47208,22.84424],[120.47176,22.84413],[120.47113,22.84369],[120.47079,22.84336],[120.47035,22.84352],[120.47007,22.84301],[120.46952,22.84323],[120.46906,22.84239],[120.46977,22.84214],[120.46603,22.83759],[120.46474,22.83833],[120.46435,22.838],[120.46216,22.83827],[120.46028,22.83674]],[[120.47212,22.84799],[120.47152,22.84872],[120.47112,22.84761],[120.47212,22.84799]],[[120.47077,22.84337],[120.47076,22.84368],[120.4704,22.84351],[120.47077,22.84337]],[[120.46853,22.86123],[120.46838,22.86153],[120.46865,22.86099],[120.46853,22.86123]],[[120.46881,22.86088],[120.46936,22.86053],[120.46941,22.86053],[120.46881,22.86088]],[[120.472,22.85507],[120.47132,22.85665],[120.47029,22.85624],[120.472,22.85507]],[[120.47561,22.8544],[120.47543,22.85527],[120.47474,22.85507],[120.47493,22.85445],[120.47561,22.8544]],[[120.46649,22.84967],[120.46744,22.85195],[120.46667,22.85165],[120.46579,22.84982],[120.46649,22.84967]],[[120.46623,22.84963],[120.46573,22.84922],[120.46564,22.84897],[120.46614,22.84888],[120.46623,22.84963]],[[120.47384,22.84898],[120.47348,22.84873],[120.47388,22.84872],[120.47384,22.84898]],[[120.47293,22.84884],[120.4733,22.84862],[120.47326,22.84891],[120.47293,22.84884]],[[120.4725,22.8484],[120.47223,22.84864],[120.47215,22.84833],[120.4725,22.8484]],[[120.46695,22.84816],[120.46722,22.84826],[120.46694,22.8483],[120.46695,22.84816]],[[120.46614,22.84886],[120.4648,22.84906],[120.46453,22.84875],[120.46569,22.84856],[120.46573,22.84789],[120.46614,22.84886]],[[120.4662,22.84687],[120.46682,22.84831],[120.46608,22.84842],[120.46591,22.8481],[120.46572,22.84751],[120.46575,22.84712],[120.4662,22.84687]],[[120.46523,22.84657],[120.46563,22.84785],[120.46465,22.84834],[120.4635,22.8474],[120.46505,22.84703],[120.46418,22.84669],[120.46523,22.84657]],[[120.4668,22.84653],[120.46809,22.84754],[120.4679,22.84805],[120.46786,22.84793],[120.46726,22.84803],[120.46688,22.84816],[120.46629,22.8468],[120.4668,22.84653]],[[120.47131,22.84546],[120.47214,22.84649],[120.4707,22.84677],[120.47131,22.84546]],[[120.47128,22.84545],[120.47108,22.84582],[120.46997,22.84519],[120.46924,22.84609],[120.46935,22.84543],[120.46849,22.8452],[120.46879,22.84362],[120.46889,22.84356],[120.46955,22.84423],[120.47015,22.84472],[120.47128,22.84545]],[[120.47139,22.84542],[120.47223,22.8458],[120.47217,22.84614],[120.47177,22.84561],[120.47139,22.84542]],[[120.46702,22.84486],[120.46651,22.84523],[120.46609,22.84504],[120.46621,22.8447],[120.46702,22.84486]],[[120.47044,22.84458],[120.47076,22.84509],[120.47028,22.84476],[120.47044,22.84458]],[[120.47013,22.84427],[120.47019,22.8447],[120.46993,22.84448],[120.47013,22.84427]],[[120.47235,22.84468],[120.47178,22.84451],[120.47168,22.84433],[120.47235,22.84468]],[[120.46966,22.8443],[120.46978,22.84427],[120.46973,22.84435],[120.46966,22.8443]],[[120.46976,22.84382],[120.46956,22.84423],[120.46925,22.84391],[120.46976,22.84382]],[[120.47076,22.84386],[120.47146,22.84394],[120.47085,22.84414],[120.47076,22.84386]],[[120.46924,22.84389],[120.46942,22.84368],[120.46953,22.8438],[120.46924,22.84389]],[[120.46876,22.84299],[120.4688,22.84339],[120.46857,22.84311],[120.46876,22.84299]],[[120.46432,22.84352],[120.46383,22.84359],[120.46393,22.84298],[120.46416,22.84293],[120.46432,22.84352]],[[120.46393,22.8422],[120.46397,22.84294],[120.46369,22.84223],[120.46393,22.8422]],[[120.46722,22.8411],[120.46712,22.8414],[120.46699,22.84128],[120.46722,22.8411]],[[120.46756,22.84196],[120.46808,22.84197],[120.46824,22.84276],[120.46876,22.8435],[120.46848,22.84464],[120.46713,22.84453],[120.46751,22.84327],[120.46722,22.84289],[120.46456,22.84313],[120.46454,22.84368],[120.46407,22.8422],[120.46505,22.84211],[120.46513,22.84273],[120.46632,22.84283],[120.46637,22.84178],[120.46495,22.84124],[120.46678,22.84109],[120.46756,22.84196]],[[120.46552,22.83926],[120.46487,22.83929],[120.46544,22.83911],[120.46552,22.83926]],[[120.46548,22.8391],[120.46576,22.83926],[120.46559,22.83931],[120.46548,22.8391]],[[120.46484,22.83897],[120.46466,22.83883],[120.46481,22.83882],[120.46484,22.83897]],[[120.46396,22.83867],[120.46585,22.84039],[120.46638,22.84073],[120.46513,22.84086],[120.4644,22.84009],[120.46479,22.83963],[120.46334,22.83979],[120.46321,22.83943],[120.46375,22.83948],[120.46344,22.83933],[120.46396,22.83867]]],[[[120.47209,22.8604],[120.47251,22.86048],[120.47261,22.86055],[120.47259,22.86021],[120.47209,22.8604]]],[[[120.47029,22.86079],[120.4704,22.86111],[120.47037,22.86077],[120.47029,22.86079]]],[[[120.4695,22.86161],[120.46847,22.86293],[120.471,22.86626],[120.47267,22.8705],[120.47296,22.87383],[120.47392,22.87452],[120.47383,22.87218],[120.47471,22.87254],[120.47433,22.87067],[120.47561,22.8701],[120.47597,22.87063],[120.47589,22.86955],[120.47517,22.8684],[120.47454,22.86842],[120.47455,22.86999],[120.47509,22.87003],[120.4736,22.8709],[120.4724,22.86816],[120.47414,22.86778],[120.47429,22.86691],[120.47369,22.86639],[120.47279,22.86277],[120.47228,22.8634],[120.46958,22.86303],[120.4695,22.86161]],[[120.46867,22.86317],[120.46872,22.86318],[120.46871,22.86325],[120.46867,22.86317]]],[[[120.47734,22.87155],[120.47593,22.87238],[120.47816,22.87317],[120.47859,22.87292],[120.47734,22.87155]]],[[[120.47576,22.87241],[120.47558,22.87244],[120.47558,22.87245],[120.47576,22.87241]]],[[[120.47482,22.87259],[120.47513,22.87249],[120.47477,22.87256],[120.47482,22.87259]]],[[[120.47538,22.87894],[120.47508,22.87632],[120.47476,22.87615],[120.47501,22.87646],[120.47494,22.87758],[120.47502,22.878],[120.47538,22.87894]]],[[[120.47561,22.87958],[120.47559,22.87957],[120.47559,22.87968],[120.47561,22.87958]]],[[[120.47551,22.87978],[120.47569,22.88131],[120.47582,22.88148],[120.47592,22.88159],[120.47601,22.88167],[120.47551,22.87978]]],[[[120.47203,22.88401],[120.47204,22.88383],[120.47201,22.88399],[120.47203,22.88401]]],[[[120.4798,22.90301],[120.47998,22.90305],[120.47988,22.90296],[120.4798,22.90301]]],[[[120.48594,22.84501],[120.48569,22.84505],[120.48594,22.84502],[120.48594,22.84501]]],[[[120.48553,22.84512],[120.48553,22.84514],[120.48596,22.84509],[120.48553,22.84512]]],[[[120.4854,22.85506],[120.48703,22.85539],[120.48576,22.85562],[120.48868,22.85799],[120.48949,22.85674],[120.48898,22.85609],[120.48762,22.85528],[120.4859,22.8548],[120.4854,22.85506]]],[[[120.49098,22.86105],[120.49074,22.86098],[120.4909,22.86113],[120.49098,22.86105]]],[[[120.48993,22.87521],[120.48946,22.87445],[120.48924,22.87413],[120.48993,22.87521]]],[[[120.49048,22.87779],[120.49112,22.87923],[120.49097,22.87675],[120.49029,22.87687],[120.49016,22.87639],[120.48997,22.87593],[120.48977,22.87558],[120.49048,22.87779]]],[[[120.48917,22.9144],[120.48919,22.91425],[120.48909,22.9143],[120.48917,22.9144]]],[[[120.48804,22.91742],[120.48817,22.91736],[120.48808,22.91731],[120.48804,22.91742]]],[[[120.48796,22.91788],[120.4885,22.91775],[120.48808,22.91755],[120.48796,22.91788]]],[[[120.48834,22.91897],[120.48821,22.91903],[120.48832,22.91909],[120.48834,22.91897]]],[[[120.4888,22.91934],[120.48843,22.91927],[120.48878,22.91937],[120.4888,22.91934]]],[[[120.48799,22.91818],[120.48723,22.91947],[120.48718,22.92128],[120.48816,22.9198],[120.48799,22.91818]]],[[[120.48828,22.92334],[120.48818,22.92344],[120.48828,22.9234],[120.48828,22.92334]]],[[[120.48821,22.92376],[120.48836,22.9239],[120.48834,22.9238],[120.48821,22.92376]]],[[[120.48815,22.92423],[120.4882,22.92413],[120.48816,22.92413],[120.48815,22.92423]]],[[[120.4881,22.92445],[120.48825,22.9245],[120.48829,22.92446],[120.4881,22.92445]]],[[[120.49018,22.92829],[120.49048,22.92804],[120.49042,22.92781],[120.4901,22.92811],[120.49018,22.92829]]],[[[120.50034,22.83091],[120.49871,22.83116],[120.49671,22.83374],[120.4943,22.83553],[120.49438,22.83689],[120.49288,22.83695],[120.49275,22.8374],[120.49163,22.83714],[120.4903,22.8384],[120.48934,22.83825],[120.48814,22.83832],[120.48768,22.83942],[120.48616,22.84024],[120.48457,22.84019],[120.48609,22.84496],[120.48621,22.84988],[120.48715,22.85101],[120.48838,22.85142],[120.48968,22.85342],[120.49059,22.85886],[120.49228,22.86056],[120.4949,22.86194],[120.49438,22.86202],[120.49621,22.86523],[120.49835,22.86501],[120.49969,22.86396],[120.50283,22.86336],[120.5054,22.86404],[120.50758,22.86316],[120.51045,22.86304],[120.51116,22.86252],[120.5173,22.86239],[120.51786,22.85946],[120.51975,22.85908],[120.5186,22.84509],[120.51572,22.84545],[120.51657,22.84515],[120.51588,22.8436],[120.51436,22.84259],[120.51409,22.84287],[120.51475,22.84351],[120.51017,22.842],[120.50477,22.84205],[120.5046,22.83965],[120.51102,22.83953],[120.51096,22.83614],[120.50797,22.83531],[120.50517,22.83146],[120.50308,22.8317],[120.50034,22.83091]],[[120.48828,22.85133],[120.48839,22.85097],[120.48863,22.85115],[120.48828,22.85133]],[[120.49315,22.85811],[120.49315,22.85811],[120.49315,22.85811],[120.49315,22.85811]],[[120.50492,22.85575],[120.50647,22.85631],[120.50653,22.85587],[120.50839,22.8561],[120.50837,22.85643],[120.50489,22.85623],[120.50492,22.85575]],[[120.50489,22.8563],[120.50882,22.85652],[120.50879,22.85694],[120.50643,22.85677],[120.50565,22.85813],[120.50477,22.858],[120.50483,22.85713],[120.50468,22.85799],[120.50355,22.85794],[120.50368,22.85671],[120.5043,22.85593],[120.50485,22.85574],[120.50489,22.8563]],[[120.50473,22.84898],[120.50313,22.84902],[120.50306,22.84841],[120.5047,22.84821],[120.50473,22.84898]],[[120.48849,22.83832],[120.48888,22.83833],[120.48896,22.83833],[120.48886,22.8384],[120.48849,22.83832]]],[[[120.48395,22.85714],[120.48304,22.85693],[120.48205,22.85751],[120.48147,22.85874],[120.48465,22.85822],[120.48523,22.85825],[120.48554,22.85837],[120.4857,22.85867],[120.48653,22.85905],[120.48705,22.85934],[120.48792,22.86],[120.48838,22.86008],[120.48791,22.86004],[120.48567,22.85869],[120.48525,22.85827],[120.48143,22.85878],[120.47993,22.8622],[120.48071,22.86266],[120.48006,22.86274],[120.48008,22.86314],[120.4815,22.86492],[120.48136,22.86592],[120.48287,22.86875],[120.48536,22.87143],[120.4892,22.87359],[120.49059,22.87556],[120.49094,22.87482],[120.49004,22.87358],[120.491,22.87481],[120.49344,22.87442],[120.49295,22.87692],[120.49355,22.87449],[120.49706,22.8771],[120.49667,22.87793],[120.4944,22.87772],[120.49675,22.87798],[120.4965,22.87887],[120.4969,22.87789],[120.4978,22.87798],[120.49799,22.87846],[120.49757,22.8835],[120.49556,22.88287],[120.4951,22.88414],[120.49254,22.88292],[120.49442,22.88388],[120.49413,22.88475],[120.49502,22.88502],[120.49408,22.88729],[120.495,22.8866],[120.49732,22.88646],[120.49875,22.88692],[120.49756,22.8888],[120.49758,22.89016],[120.49643,22.89075],[120.4957,22.8923],[120.49666,22.89206],[120.49842,22.89296],[120.49898,22.89233],[120.50082,22.8926],[120.50128,22.8934],[120.50095,22.8945],[120.50142,22.89491],[120.50215,22.89474],[120.50274,22.89356],[120.50165,22.89279],[120.50278,22.89354],[120.50237,22.89493],[120.50379,22.8951],[120.50452,22.89458],[120.50398,22.89522],[120.5039,22.89666],[120.50662,22.89665],[120.50721,22.89606],[120.50782,22.8965],[120.50878,22.89487],[120.5075,22.89194],[120.50734,22.89042],[120.49865,22.88601],[120.50744,22.89038],[120.50782,22.8869],[120.50568,22.88608],[120.50572,22.88497],[120.50352,22.88478],[120.50353,22.88521],[120.50384,22.88518],[120.50395,22.88522],[120.50541,22.88615],[120.50554,22.88638],[120.50539,22.88694],[120.50492,22.88686],[120.50452,22.88666],[120.5039,22.88808],[120.50465,22.88848],[120.50384,22.88809],[120.50433,22.88654],[120.50475,22.88576],[120.50351,22.88523],[120.50349,22.88478],[120.50008,22.88448],[120.4977,22.88359],[120.50015,22.88442],[120.50578,22.8849],[120.5052,22.88298],[120.50436,22.88245],[120.50327,22.88033],[120.50362,22.87849],[120.50331,22.8774],[120.50211,22.87749],[120.50366,22.87473],[120.50279,22.8732],[120.50209,22.87326],[120.50199,22.87237],[120.50245,22.8719],[120.49877,22.87075],[120.49827,22.87123],[120.4973,22.86898],[120.49723,22.86941],[120.4967,22.86924],[120.49555,22.86819],[120.49345,22.86255],[120.49061,22.86146],[120.48867,22.85963],[120.48625,22.8583],[120.48432,22.8562],[120.48395,22.85714]],[[120.50822,22.89405],[120.50818,22.89392],[120.50862,22.895],[120.50822,22.89405]],[[120.50551,22.89327],[120.50541,22.89327],[120.50548,22.89314],[120.50551,22.89327]],[[120.50491,22.88957],[120.50666,22.89051],[120.50488,22.88961],[120.50491,22.88957]],[[120.50658,22.88664],[120.50606,22.88917],[120.50655,22.88663],[120.50658,22.88664]],[[120.49866,22.88656],[120.49864,22.88611],[120.49869,22.8861],[120.49866,22.88656]],[[120.50079,22.87838],[120.50078,22.87779],[120.50111,22.87729],[120.50083,22.87779],[120.50079,22.87838]],[[120.49719,22.87719],[120.49779,22.87795],[120.49691,22.87787],[120.49719,22.87719]],[[120.49752,22.87407],[120.49688,22.87415],[120.49661,22.8741],[120.4959,22.87428],[120.49752,22.87407]],[[120.4978,22.87392],[120.49779,22.87473],[120.49773,22.87469],[120.4978,22.87392]],[[120.48553,22.87072],[120.48567,22.8707],[120.48553,22.87074],[120.48553,22.87072]],[[120.49549,22.87045],[120.49725,22.87242],[120.49585,22.87392],[120.49558,22.87224],[120.49444,22.87106],[120.49549,22.87045]],[[120.49554,22.87044],[120.49714,22.87186],[120.49718,22.87204],[120.49554,22.87044]],[[120.49667,22.87032],[120.49694,22.87134],[120.49712,22.87181],[120.49568,22.87041],[120.49667,22.87032]],[[120.48065,22.86143],[120.48079,22.8617],[120.48053,22.86133],[120.48065,22.86143]]],[[[120.49115,22.87981],[120.49113,22.87945],[120.49112,22.8798],[120.49115,22.87981]]],[[[120.4959,22.87987],[120.49585,22.88019],[120.49609,22.87962],[120.4959,22.87987]]],[[[120.49413,22.88475],[120.49389,22.88507],[120.49403,22.8851],[120.49413,22.88475]]],[[[120.50496,22.88685],[120.50549,22.88645],[120.5048,22.88581],[120.50441,22.88657],[120.50496,22.88685]]],[[[120.49575,22.91939],[120.49589,22.91971],[120.4957,22.91966],[120.49545,22.91968],[120.49591,22.91975],[120.49575,22.91939]]],[[[120.49193,22.92371],[120.49161,22.92371],[120.49197,22.92382],[120.49193,22.92371]]],[[[120.49226,22.92375],[120.49204,22.92381],[120.49234,22.924],[120.49226,22.92375]]],[[[120.49674,22.92981],[120.49639,22.92924],[120.4959,22.92893],[120.49669,22.92981],[120.49653,22.93026],[120.49506,22.92891],[120.49418,22.92842],[120.49466,22.92843],[120.49504,22.9283],[120.49587,22.9289],[120.49548,22.9285],[120.49502,22.92823],[120.49334,22.92816],[120.49659,22.93032],[120.49674,22.92981]]],[[[120.49654,22.92937],[120.4968,22.92945],[120.49639,22.92924],[120.49654,22.92937]]],[[[120.49791,22.92986],[120.49681,22.92946],[120.49695,22.92963],[120.49812,22.93007],[120.49879,22.93091],[120.49926,22.93109],[120.49791,22.92986]]],[[[120.48574,22.90074],[120.4838,22.90192],[120.48369,22.90291],[120.48031,22.90363],[120.48055,22.90448],[120.48231,22.90502],[120.48304,22.90638],[120.48588,22.90812],[120.48684,22.90751],[120.48761,22.90785],[120.48759,22.9075],[120.49106,22.90935],[120.49046,22.90921],[120.49002,22.91153],[120.49027,22.90965],[120.48965,22.91043],[120.48844,22.91079],[120.48767,22.912],[120.48814,22.9124],[120.48828,22.91329],[120.48919,22.91414],[120.48927,22.9146],[120.48831,22.91687],[120.48899,22.91685],[120.4892,22.91574],[120.48982,22.91689],[120.48973,22.91855],[120.48841,22.92078],[120.48818,22.92283],[120.49071,22.9223],[120.4911,22.92326],[120.4913,22.92349],[120.4908,22.92237],[120.49178,22.92199],[120.49192,22.92278],[120.49216,22.92195],[120.49194,22.92283],[120.49226,22.92375],[120.49235,22.92373],[120.49246,22.92407],[120.49307,22.92444],[120.4919,22.92384],[120.48811,22.9249],[120.48849,22.9274],[120.48924,22.92878],[120.48965,22.92863],[120.48914,22.92721],[120.48945,22.92661],[120.49183,22.92544],[120.49245,22.92833],[120.4932,22.92854],[120.49253,22.92722],[120.49391,22.92734],[120.49455,22.9269],[120.49526,22.92816],[120.4965,22.92911],[120.49865,22.92972],[120.49947,22.93041],[120.50121,22.9338],[120.50131,22.93582],[120.50104,22.93471],[120.5011,22.93641],[120.49998,22.93691],[120.50008,22.93744],[120.50033,22.93752],[120.50029,22.93718],[120.50107,22.93678],[120.50129,22.93615],[120.50116,22.9368],[120.50041,22.93721],[120.50179,22.93677],[120.5029,22.9376],[120.50514,22.94198],[120.50468,22.94312],[120.50545,22.94234],[120.50621,22.94369],[120.50519,22.94407],[120.50505,22.94516],[120.50571,22.94447],[120.50649,22.94462],[120.50638,22.94755],[120.50794,22.95106],[120.50917,22.95264],[120.50883,22.95268],[120.50921,22.95358],[120.50977,22.95323],[120.50833,22.95151],[120.50957,22.95076],[120.51094,22.94938],[120.50956,22.95072],[120.50832,22.95148],[120.50792,22.95076],[120.50918,22.94987],[120.50965,22.95052],[120.51097,22.94923],[120.51004,22.9471],[120.51149,22.95019],[120.51126,22.9498],[120.5115,22.95302],[120.50964,22.95452],[120.51059,22.95416],[120.51154,22.95512],[120.511,22.95869],[120.51343,22.9615],[120.51359,22.96384],[120.51509,22.96506],[120.51568,22.96682],[120.51588,22.96628],[120.51615,22.967],[120.51666,22.9666],[120.51835,22.96849],[120.51991,22.97279],[120.5187,22.97326],[120.51816,22.97448],[120.51838,22.9753],[120.5186,22.97395],[120.52011,22.9731],[120.52319,22.97554],[120.52341,22.97327],[120.52083,22.96957],[120.52061,22.96791],[120.52033,22.96694],[120.52049,22.96773],[120.51966,22.96674],[120.52002,22.96494],[120.521,22.96414],[120.52082,22.96118],[120.52018,22.96098],[120.52047,22.96084],[120.51989,22.95761],[120.51927,22.95888],[120.51831,22.95719],[120.51791,22.95748],[120.51335,22.94947],[120.51627,22.95067],[120.51751,22.95171],[120.51777,22.95148],[120.51648,22.94965],[120.51671,22.9485],[120.51569,22.94683],[120.51677,22.94335],[120.51662,22.94251],[120.51532,22.94299],[120.51546,22.93782],[120.51598,22.93621],[120.51732,22.93621],[120.51774,22.93464],[120.51721,22.92989],[120.5179,22.92961],[120.51791,22.92902],[120.51707,22.92895],[120.51781,22.92697],[120.51746,22.92573],[120.51669,22.92534],[120.5167,22.9244],[120.51592,22.92402],[120.51532,22.92274],[120.51468,22.92135],[120.51482,22.92052],[120.51151,22.91998],[120.50901,22.91879],[120.50313,22.9174],[120.50338,22.91663],[120.50197,22.91501],[120.50203,22.91424],[120.49823,22.91153],[120.49869,22.9115],[120.49785,22.91096],[120.49852,22.91106],[120.49792,22.91016],[120.49337,22.90821],[120.4944,22.91065],[120.49278,22.91248],[120.49287,22.91163],[120.49407,22.91072],[120.49395,22.90999],[120.4894,22.90449],[120.4882,22.90528],[120.48574,22.90074]],[[120.51623,22.96043],[120.51637,22.9608],[120.51621,22.96044],[120.51623,22.96043]],[[120.5163,22.96084],[120.51577,22.96064],[120.51606,22.96031],[120.5163,22.96084]],[[120.51584,22.95963],[120.51626,22.95982],[120.51654,22.9604],[120.51584,22.95963]],[[120.51326,22.95945],[120.5134,22.95927],[120.51348,22.95929],[120.51326,22.95945]],[[120.51319,22.95943],[120.51261,22.95887],[120.51292,22.959],[120.51319,22.95943]],[[120.51584,22.95918],[120.51582,22.95959],[120.51566,22.95921],[120.51584,22.95918]],[[120.51504,22.95916],[120.51594,22.96005],[120.51555,22.96041],[120.51566,22.95982],[120.5143,22.95976],[120.51504,22.95916]],[[120.51292,22.95963],[120.51254,22.95898],[120.51304,22.95955],[120.51292,22.95963]],[[120.51784,22.95886],[120.51776,22.95929],[120.51763,22.95896],[120.51784,22.95886]],[[120.51566,22.95872],[120.51565,22.95917],[120.51549,22.95881],[120.51566,22.95872]],[[120.51157,22.94734],[120.51145,22.94891],[120.51144,22.9499],[120.51061,22.94806],[120.51144,22.94798],[120.51157,22.94734]],[[120.51271,22.94551],[120.51269,22.94677],[120.51195,22.94758],[120.51213,22.94648],[120.51173,22.94626],[120.51271,22.94551]],[[120.51277,22.94516],[120.51223,22.94554],[120.51218,22.94476],[120.51277,22.94516]],[[120.51081,22.9382],[120.51066,22.93786],[120.51068,22.93786],[120.51081,22.9382]],[[120.51123,22.93698],[120.51188,22.93795],[120.51085,22.93822],[120.51123,22.93698]],[[120.51121,22.93679],[120.51069,22.9378],[120.51066,22.93781],[120.5105,22.93731],[120.51121,22.93679]],[[120.51284,22.93418],[120.51311,22.93535],[120.51318,22.93551],[120.51329,22.93585],[120.5131,22.93537],[120.51299,22.93501],[120.51284,22.93418]],[[120.50397,22.93339],[120.50494,22.93414],[120.50435,22.93428],[120.50397,22.93339]],[[120.50336,22.93403],[120.50283,22.93365],[120.50264,22.93325],[120.50336,22.93403]],[[120.51127,22.9326],[120.51125,22.93258],[120.51135,22.93258],[120.51127,22.9326]],[[120.50498,22.93163],[120.50479,22.93279],[120.5037,22.93299],[120.50315,22.93207],[120.50498,22.93163]],[[120.5006,22.93002],[120.50129,22.93107],[120.50108,22.93148],[120.5006,22.93002]],[[120.50184,22.92929],[120.50197,22.93024],[120.50152,22.93041],[120.50128,22.92953],[120.50184,22.92929]],[[120.50232,22.92914],[120.50224,22.92966],[120.50186,22.92919],[120.50232,22.92914]],[[120.50122,22.92887],[120.50128,22.92862],[120.50135,22.92872],[120.50122,22.92887]],[[120.50093,22.9279],[120.50113,22.92821],[120.50092,22.92791],[120.50093,22.9279]],[[120.50139,22.92746],[120.50139,22.92747],[120.50139,22.92746],[120.50139,22.92746]],[[120.50516,22.92618],[120.50554,22.92807],[120.50161,22.9289],[120.50147,22.92876],[120.50282,22.92657],[120.50516,22.92618]],[[120.49341,22.92486],[120.4932,22.92455],[120.49353,22.92482],[120.49341,22.92486]],[[120.50806,22.92271],[120.50952,22.92308],[120.50915,22.92374],[120.50951,22.92458],[120.50899,22.92465],[120.5103,22.92567],[120.50999,22.92623],[120.50947,22.92586],[120.50986,22.92626],[120.5105,22.92705],[120.50918,22.92603],[120.50841,22.92471],[120.50806,22.92271]],[[120.49265,22.92278],[120.49199,22.92269],[120.49263,22.92263],[120.49265,22.92278]],[[120.49405,22.92222],[120.49274,22.92276],[120.49266,22.92258],[120.49405,22.92222]],[[120.49663,22.92212],[120.49757,22.92312],[120.49731,22.92326],[120.49663,22.92212]],[[120.49822,22.92211],[120.49803,22.92229],[120.49807,22.92194],[120.49822,22.92211]],[[120.49787,22.92341],[120.49732,22.92189],[120.49754,22.92224],[120.4976,22.9223],[120.4978,22.92235],[120.4982,22.92333],[120.49787,22.92341]],[[120.49684,22.9217],[120.49707,22.92157],[120.4971,22.92161],[120.49684,22.9217]],[[120.49716,22.92154],[120.49711,22.9216],[120.49708,22.92157],[120.49716,22.92154]],[[120.49674,22.92181],[120.49522,22.92211],[120.4936,22.92253],[120.49659,22.92144],[120.49674,22.92181]],[[120.49679,22.9216],[120.49682,22.92126],[120.49702,22.92152],[120.49679,22.9216]],[[120.49691,22.92032],[120.49756,22.92154],[120.49808,22.92156],[120.49792,22.92252],[120.49785,22.92235],[120.49762,22.92227],[120.49724,22.92172],[120.49739,22.9213],[120.49661,22.92121],[120.49629,22.92038],[120.49691,22.92032]],[[120.49657,22.91912],[120.49586,22.9193],[120.49574,22.91902],[120.49635,22.91861],[120.49657,22.91912]],[[120.49542,22.91845],[120.49653,22.92124],[120.49565,22.9198],[120.49439,22.91963],[120.49531,22.91968],[120.49488,22.91865],[120.49542,22.91845]],[[120.49533,22.91824],[120.49461,22.91873],[120.49428,22.91752],[120.49493,22.91724],[120.49533,22.91824]],[[120.50125,22.91661],[120.50222,22.91735],[120.50232,22.91747],[120.50305,22.91992],[120.50222,22.91737],[120.50146,22.91687],[120.50081,22.91733],[120.50033,22.91701],[120.50125,22.91661]],[[120.48972,22.91511],[120.48983,22.91474],[120.48988,22.91474],[120.48972,22.91511]],[[120.49364,22.9136],[120.49354,22.9134],[120.49353,22.91333],[120.49364,22.9136]]],[[[120.51227,22.94717],[120.51224,22.9472],[120.51227,22.94719],[120.51227,22.94717]]],[[[120.51019,22.9537],[120.51014,22.95364],[120.51015,22.95368],[120.51019,22.9537]]],[[[120.52103,22.96082],[120.52094,22.96074],[120.52086,22.96082],[120.52103,22.96082]]],[[[120.51371,22.9647],[120.51373,22.96556],[120.51381,22.96558],[120.51422,22.96475],[120.51371,22.9647]]]]}},{"type":"Feature","properties":{"zone":"鄉村區","town":"旗山區"},"geometry":{"type":"MultiPolygon","coordinates":[[[[120.4482,22.773],[120.44766,22.77322],[120.44728,22.77317],[120.44781,22.77325],[120.44785,22.77317],[120.44792,22.77326],[120.4482,22.773]]],[[[120.44843,22.77305],[120.44916,22.77371],[120.44861,22.7734],[120.44716,22.77325],[120.44633,22.77448],[120.44821,22.77437],[120.44861,22.77361],[120.44759,22.77365],[120.44876,22.7735],[120.44849,22.77513],[120.44927,22.77592],[120.44951,22.77499],[120.45022,22.77462],[120.45058,22.77492],[120.44999,22.77304],[120.44843,22.77305]]],[[[120.44992,22.77493],[120.45007,22.77506],[120.45023,22.77488],[120.44992,22.77493]]],[[[120.44849,22.77621],[120.44802,22.77659],[120.44885,22.77634],[120.44849,22.77621]]],[[[120.45654,22.79963],[120.4562,22.80011],[120.4569,22.80003],[120.45654,22.79963]]],[[[120.45728,22.79979],[120.45731,22.8004],[120.45848,22.80058],[120.45816,22.79959],[120.45728,22.79979]]],[[[120.45747,22.80101],[120.45754,22.80066],[120.45731,22.80063],[120.45747,22.80101]]],[[[120.4583,22.80131],[120.45836,22.80208],[120.45866,22.80176],[120.4583,22.80131]]],[[[120.45799,22.80205],[120.45799,22.80232],[120.45832,22.80211],[120.45799,22.80205]]],[[[120.45912,22.80208],[120.45786,22.80259],[120.45912,22.80266],[120.45912,22.80208]]],[[[120.45906,22.80337],[120.45928,22.80321],[120.45905,22.80313],[120.45906,22.80337]]],[[[120.46174,22.81349],[120.46139,22.81411],[120.46095,22.81405],[120.46131,22.81432],[120.46101,22.81461],[120.46135,22.81628],[120.46174,22.81349]]],[[[120.46265,22.8301],[120.46275,22.83086],[120.46294,22.83105],[120.46307,22.8301],[120.46265,22.8301]]],[[[120.46274,22.83186],[120.46302,22.8321],[120.46311,22.83192],[120.46274,22.83186]]],[[[120.46041,22.83117],[120.4605,22.8327],[120.46158,22.8328],[120.46149,22.8319],[120.46098,22.83189],[120.46118,22.83121],[120.46041,22.83117]]],[[[120.46269,22.83232],[120.463,22.83237],[120.46323,22.8326],[120.46321,22.83215],[120.46269,22.83232]]],[[[120.46196,22.83047],[120.46229,22.83198],[120.46156,22.83295],[120.46196,22.83436],[120.4623,22.83436],[120.46268,22.83162],[120.46265,22.83069],[120.46234,22.8307],[120.46264,22.83088],[120.46218,22.83099],[120.46229,22.83056],[120.46196,22.83047]],[[120.46213,22.83077],[120.46215,22.83087],[120.4621,22.83071],[120.46213,22.83077]],[[120.46261,22.83199],[120.46258,22.83207],[120.46258,22.83198],[120.46261,22.83199]]],[[[120.4628,22.83284],[120.46259,22.83347],[120.46291,22.83354],[120.46311,22.83379],[120.46327,22.83288],[120.4628,22.83284]]],[[[120.46259,22.83331],[120.46259,22.83319],[120.46257,22.83347],[120.46259,22.83331]]],[[[120.46249,22.83391],[120.4631,22.83394],[120.46255,22.8335],[120.46249,22.83391]]],[[[120.46484,22.83897],[120.46466,22.83883],[120.46469,22.83897],[120.46484,22.83897]]],[[[120.46559,22.83931],[120.46565,22.83905],[120.46548,22.8391],[120.46559,22.83931]]],[[[120.46544,22.83911],[120.46501,22.83948],[120.46552,22.83926],[120.46544,22.83911]]],[[[120.46373,22.83929],[120.46321,22.83943],[120.46334,22.83979],[120.46479,22.83963],[120.4644,22.84009],[120.46513,22.84086],[120.46638,22.84073],[120.46525,22.8398],[120.46491,22.83939],[120.46466,22.839],[120.46462,22.83884],[120.46374,22.83871],[120.46373,22.83929]]],[[[120.46393,22.8422],[120.46397,22.84294],[120.46415,22.8429],[120.46393,22.8422]]],[[[120.46416,22.84293],[120.46383,22.84359],[120.46432,22.84352],[120.46416,22.84293]]],[[[120.46367,22.84723],[120.46465,22.84834],[120.46567,22.84779],[120.46527,22.84658],[120.46418,22.84669],[120.46505,22.84703],[120.46367,22.84723]]],[[[120.46555,22.84859],[120.46487,22.84841],[120.46453,22.84875],[120.46614,22.84886],[120.46573,22.84789],[120.46555,22.84859]]],[[[120.46573,22.83612],[120.46631,22.83809],[120.46692,22.83844],[120.46695,22.83718],[120.46573,22.83612]]],[[[120.46699,22.84128],[120.46731,22.84121],[120.46722,22.8411],[120.46699,22.84128]]],[[[120.46959,22.84163],[120.46975,22.84212],[120.47056,22.84183],[120.47027,22.84142],[120.46959,22.84163]]],[[[120.46637,22.84178],[120.46632,22.84283],[120.46586,22.84285],[120.46513,22.84273],[120.46505,22.84211],[120.46407,22.8422],[120.46454,22.84368],[120.46456,22.84313],[120.46722,22.84289],[120.46816,22.84381],[120.46859,22.84322],[120.46808,22.84197],[120.46762,22.84168],[120.46757,22.842],[120.46678,22.84109],[120.46495,22.84124],[120.46637,22.84178]]],[[[120.4703,22.84198],[120.46906,22.84239],[120.46952,22.84323],[120.47007,22.84301],[120.47035,22.84352],[120.47079,22.84336],[120.47243,22.84425],[120.47247,22.84365],[120.4713,22.8429],[120.47226,22.84235],[120.4715,22.84261],[120.4703,22.84198]],[[120.46991,22.84235],[120.47004,22.84222],[120.47009,22.84229],[120.46991,22.84235]]],[[[120.46857,22.84311],[120.46887,22.84334],[120.46876,22.84299],[120.46857,22.84311]]],[[[120.4704,22.84352],[120.47076,22.84368],[120.47091,22.8435],[120.47077,22.84337],[120.4704,22.84352]]],[[[120.46879,22.84362],[120.46882,22.84378],[120.46923,22.8439],[120.46889,22.84356],[120.46879,22.84362]]],[[[120.46936,22.8438],[120.46953,22.8438],[120.46942,22.84368],[120.46919,22.84385],[120.46936,22.8438]]],[[[120.46861,22.84417],[120.46871,22.84341],[120.46849,22.84415],[120.46861,22.84417]]],[[[120.47098,22.84409],[120.47146,22.84394],[120.47076,22.84386],[120.47098,22.84409]]],[[[120.46963,22.84429],[120.46976,22.84382],[120.46925,22.84391],[120.46963,22.84429]]],[[[120.46978,22.84427],[120.46966,22.8443],[120.46973,22.84435],[120.46978,22.84427]]],[[[120.47202,22.84472],[120.47202,22.84423],[120.47168,22.84433],[120.47202,22.84472]]],[[[120.46993,22.84448],[120.47026,22.84454],[120.47013,22.84427],[120.46993,22.84448]]],[[[120.47076,22.84509],[120.47044,22.84458],[120.47028,22.84476],[120.47076,22.84509]]],[[[120.46924,22.84391],[120.46944,22.84477],[120.46875,22.8449],[120.4693,22.84514],[120.46924,22.84609],[120.46997,22.84519],[120.47108,22.84582],[120.47128,22.84545],[120.47135,22.84544],[120.47025,22.84479],[120.46955,22.84423],[120.46924,22.84391]]],[[[120.47135,22.84544],[120.47177,22.84561],[120.47217,22.84614],[120.47223,22.8458],[120.47151,22.8454],[120.47135,22.84544]]],[[[120.4707,22.84677],[120.47217,22.84618],[120.47131,22.84546],[120.4707,22.84677]]],[[[120.46649,22.8465],[120.46689,22.84693],[120.46688,22.84816],[120.46818,22.84775],[120.46709,22.84661],[120.46649,22.8465]]],[[[120.46582,22.84779],[120.46591,22.8481],[120.46608,22.84842],[120.46682,22.84831],[120.46649,22.84753],[120.46582,22.84779]],[[120.46591,22.84802],[120.46593,22.84797],[120.46595,22.84801],[120.46591,22.84802]]],[[[120.47196,22.84795],[120.47138,22.84768],[120.47112,22.84761],[120.47152,22.84872],[120.47211,22.8487],[120.47196,22.84795]]],[[[120.46722,22.84826],[120.46723,22.84806],[120.46694,22.84829],[120.46722,22.84826]]],[[[120.47215,22.84833],[120.47248,22.84873],[120.4725,22.8484],[120.47215,22.84833]]],[[[120.46569,22.84894],[120.46618,22.84966],[120.46643,22.84953],[120.46614,22.84888],[120.46569,22.84894]]],[[[120.46623,22.84972],[120.46579,22.84982],[120.46615,22.8508],[120.46744,22.85195],[120.46623,22.84972]]],[[[120.47334,22.85246],[120.47148,22.8527],[120.47147,22.85283],[120.47206,22.85352],[120.47277,22.85333],[120.47275,22.85285],[120.47334,22.85246]]],[[[120.47186,22.85516],[120.47113,22.8555],[120.47121,22.85594],[120.47067,22.8558],[120.47031,22.85629],[120.47132,22.85665],[120.47186,22.85516]]],[[[120.47434,22.84601],[120.47388,22.84901],[120.47376,22.84902],[120.47321,22.84893],[120.47353,22.84932],[120.47513,22.84851],[120.47519,22.8462],[120.47434,22.84601]]],[[[120.47293,22.84884],[120.4733,22.84862],[120.47297,22.8486],[120.47293,22.84884]]],[[[120.47348,22.84873],[120.47384,22.84898],[120.47388,22.84872],[120.47348,22.84873]]],[[[120.47465,22.84895],[120.47475,22.84929],[120.47484,22.84882],[120.47465,22.84895]]],[[[120.47192,22.84914],[120.47229,22.84906],[120.4718,22.84926],[120.47212,22.85056],[120.4732,22.84982],[120.47251,22.84923],[120.47301,22.84891],[120.47211,22.8487],[120.47192,22.84914]]],[[[120.47305,22.85003],[120.47387,22.85026],[120.47377,22.84953],[120.47305,22.85003]]],[[[120.47717,22.85013],[120.47725,22.85096],[120.47806,22.85092],[120.47836,22.85111],[120.47809,22.85038],[120.47729,22.85057],[120.47717,22.85013]]],[[[120.47832,22.85084],[120.47836,22.85091],[120.47837,22.85082],[120.47832,22.85084]]],[[[120.47291,22.85107],[120.4735,22.85201],[120.47384,22.85191],[120.47302,22.85003],[120.47291,22.85107]]],[[[120.47782,22.85112],[120.47769,22.85097],[120.47768,22.85112],[120.47782,22.85112]]],[[[120.47805,22.85115],[120.47743,22.85134],[120.47735,22.85162],[120.478,22.85174],[120.47805,22.85115]]],[[[120.47366,22.85148],[120.47393,22.85152],[120.47404,22.85133],[120.47366,22.85148]]],[[[120.47754,22.851],[120.47693,22.85177],[120.47716,22.85204],[120.47754,22.851]]],[[[120.47393,22.85184],[120.474,22.8518],[120.47405,22.85171],[120.47393,22.85184]]],[[[120.47448,22.84996],[120.47461,22.85094],[120.47399,22.85197],[120.47343,22.85237],[120.47385,22.85362],[120.47398,22.85351],[120.47432,22.85345],[120.47331,22.8552],[120.47427,22.85502],[120.47559,22.8533],[120.47726,22.85262],[120.47658,22.85217],[120.4757,22.85186],[120.47526,22.85156],[120.47559,22.85175],[120.47591,22.85103],[120.47677,22.85091],[120.47646,22.85048],[120.47697,22.84953],[120.47631,22.84993],[120.47425,22.84921],[120.4738,22.84951],[120.47448,22.84996]]],[[[120.47691,22.85209],[120.47726,22.85255],[120.47734,22.85226],[120.47691,22.85209]]],[[[120.47302,22.85276],[120.47301,22.85363],[120.47335,22.85351],[120.47302,22.85276]]],[[[120.47561,22.8544],[120.47474,22.85507],[120.47543,22.85527],[120.47561,22.8544]]],[[[120.47192,22.85425],[120.4726,22.85454],[120.47202,22.85506],[120.47215,22.85629],[120.47332,22.856],[120.4734,22.85642],[120.47385,22.85635],[120.47346,22.85548],[120.47283,22.85577],[120.4727,22.85546],[120.47271,22.85485],[120.47326,22.85494],[120.47316,22.85419],[120.47265,22.8538],[120.47192,22.85425]]],[[[120.4751,22.87018],[120.47576,22.87102],[120.47587,22.87082],[120.47561,22.8701],[120.4751,22.87018]]],[[[120.47433,22.87067],[120.47469,22.87251],[120.47593,22.87236],[120.47631,22.87186],[120.47601,22.87104],[120.47545,22.87141],[120.47511,22.87113],[120.47541,22.87082],[120.475,22.87049],[120.47433,22.87067]]],[[[120.4961,22.87833],[120.49552,22.87945],[120.49507,22.8794],[120.49554,22.87957],[120.49337,22.87944],[120.49375,22.87909],[120.49125,22.87951],[120.49037,22.88198],[120.49103,22.88289],[120.49348,22.88422],[120.4929,22.88606],[120.4939,22.88737],[120.49502,22.88502],[120.49413,22.88475],[120.49442,22.88388],[120.49254,22.88292],[120.4951,22.88414],[120.49663,22.87828],[120.4961,22.87833]],[[120.49399,22.88471],[120.49403,22.8851],[120.49389,22.88507],[120.49399,22.88471]],[[120.49262,22.88223],[120.49291,22.88238],[120.49239,22.88275],[120.49102,22.88191],[120.49317,22.88195],[120.49262,22.88223]],[[120.49296,22.88183],[120.49294,22.88185],[120.49294,22.88183],[120.49296,22.88183]],[[120.49585,22.88019],[120.4959,22.87987],[120.49609,22.87962],[120.49602,22.87979],[120.49585,22.88019]]],[[[120.49472,22.91732],[120.49428,22.91752],[120.49461,22.91873],[120.49541,22.91843],[120.49472,22.91732]]],[[[120.49635,22.91861],[120.49586,22.9193],[120.49657,22.91912],[120.49635,22.91861]]],[[[120.49542,22.91845],[120.49488,22.91865],[120.49531,22.91968],[120.49442,22.9197],[120.49565,22.9198],[120.49653,22.92124],[120.49542,22.91845]],[[120.49591,22.91975],[120.49543,22.91965],[120.49589,22.91971],[120.49562,22.91917],[120.49576,22.91936],[120.49591,22.91975]]],[[[120.49672,22.92148],[120.49702,22.92152],[120.49662,22.92124],[120.49672,22.92148]]],[[[120.49707,22.92157],[120.49684,22.9217],[120.4971,22.92161],[120.49707,22.92157]]],[[[120.49682,22.922],[120.49731,22.92326],[120.49757,22.92312],[120.49682,22.922]]],[[[120.50492,22.85575],[120.50489,22.85623],[120.50837,22.85643],[120.50839,22.8561],[120.50653,22.85587],[120.50647,22.85631],[120.50492,22.85575]]],[[[120.50475,22.85582],[120.50368,22.85671],[120.50355,22.85794],[120.50468,22.85799],[120.50483,22.85713],[120.50477,22.858],[120.50565,22.85813],[120.50643,22.85677],[120.50879,22.85694],[120.50882,22.85652],[120.50489,22.8563],[120.50475,22.85582]]],[[[120.49629,22.92038],[120.49661,22.92121],[120.49739,22.9213],[120.49724,22.92172],[120.49762,22.92227],[120.49785,22.92235],[120.49792,22.92252],[120.49808,22.92156],[120.49756,22.92154],[120.49684,22.92009],[120.49629,22.92038]]],[[[120.49716,22.92154],[120.49708,22.92157],[120.49718,22.92158],[120.49716,22.92154]]],[[[120.49822,22.92211],[120.49803,22.92229],[120.49823,22.92226],[120.49822,22.92211]]],[[[120.49692,22.92186],[120.49787,22.92341],[120.4982,22.92333],[120.4978,22.92235],[120.4976,22.9223],[120.49754,22.92224],[120.49732,22.92189],[120.49692,22.92186]]],[[[120.50812,22.92267],[120.50854,22.92507],[120.51021,22.92617],[120.5103,22.92567],[120.50899,22.92465],[120.50951,22.92458],[120.50915,22.92374],[120.50952,22.92308],[120.50812,22.92267]]],[[[120.50903,22.92551],[120.50918,22.92603],[120.50951,22.92593],[120.50903,22.92551]]],[[[120.50191,22.92919],[120.50224,22.92966],[120.50239,22.92961],[120.50232,22.92914],[120.50191,22.92919]]],[[[120.50135,22.92978],[120.50152,22.93041],[120.50216,22.92967],[120.50184,22.92929],[120.50135,22.92978]]],[[[120.50086,22.92988],[120.50092,22.93137],[120.50109,22.93148],[120.50126,22.9301],[120.50086,22.92988]]],[[[120.50341,22.93202],[120.5037,22.93299],[120.50479,22.93279],[120.50512,22.93198],[120.50498,22.93163],[120.50341,22.93202]]],[[[120.50283,22.93365],[120.50336,22.93403],[120.50264,22.93325],[120.50283,22.93365]]],[[[120.50445,22.93326],[120.50435,22.93428],[120.50494,22.93414],[120.50445,22.93326]]],[[[120.51123,22.9369],[120.5105,22.93731],[120.51066,22.93781],[120.51123,22.9369]]],[[[120.51123,22.93698],[120.51085,22.93822],[120.51188,22.93795],[120.51123,22.93698]]],[[[120.51081,22.9382],[120.51066,22.93786],[120.51065,22.9382],[120.51081,22.9382]]],[[[120.51228,22.94474],[120.51227,22.94557],[120.5128,22.94536],[120.51228,22.94474]]],[[[120.51271,22.94551],[120.51173,22.94626],[120.51213,22.94648],[120.51195,22.94758],[120.51269,22.94677],[120.51271,22.94551]],[[120.51224,22.9472],[120.51223,22.94696],[120.51227,22.94719],[120.51224,22.9472]]],[[[120.51144,22.94798],[120.51079,22.94843],[120.51144,22.9499],[120.51144,22.94798]]],[[[120.51007,22.94709],[120.51097,22.94923],[120.50965,22.95052],[120.50927,22.94987],[120.50811,22.95041],[120.50832,22.95148],[120.50956,22.95072],[120.51094,22.94938],[120.51149,22.95019],[120.51007,22.94709]]],[[[120.51549,22.95881],[120.51583,22.95914],[120.51566,22.95872],[120.51549,22.95881]]],[[[120.51808,22.95919],[120.51763,22.95896],[120.51776,22.95929],[120.51808,22.95919]]],[[[120.51566,22.95921],[120.51592,22.95955],[120.51584,22.95918],[120.51566,22.95921]]],[[[120.51432,22.95975],[120.51566,22.95982],[120.51555,22.96041],[120.51594,22.96005],[120.51556,22.95921],[120.51432,22.95975]]],[[[120.51595,22.95959],[120.51634,22.96036],[120.51654,22.9604],[120.51595,22.95959]]],[[[120.51621,22.96044],[120.51655,22.96065],[120.51623,22.96043],[120.51621,22.96044]]],[[[120.51577,22.96064],[120.5163,22.96084],[120.51606,22.96031],[120.51577,22.96064]]]]}},{"type":"Feature","properties":{"zone":"一般農業區","town":"杉林區"},"geometry":{"type":"MultiPolygon","coordinates":[[[[120.53006,22.93256],[120.53061,22.93217],[120.53009,22.932],[120.52994,22.93215],[120.53006,22.93256]],[[120.53004,22.93232],[120.53023,22.93214],[120.53035,22.9323],[120.53004,22.93232]]],[[[120.52455,22.92668],[120.52385,22.92736],[120.52387,22.93045],[120.52263,22.9338],[120.52465,22.94514],[120.52561,22.94367],[120.52618,22.94122],[120.5267,22.94049],[120.52715,22.94098],[120.52765,22.94056],[120.52753,22.93959],[120.52844,22.93672],[120.53036,22.93442],[120.53101,22.93454],[120.52982,22.93296],[120.52998,22.9317],[120.52955,22.93081],[120.52752,22.92845],[120.5271,22.92728],[120.52572,22.92653],[120.52508,22.92773],[120.52455,22.92668]],[[120.52409,22.94063],[120.5242,22.94036],[120.52421,22.94067],[120.52409,22.94063]],[[120.52736,22.93633],[120.52769,22.93772],[120.52698,22.93877],[120.52736,22.93633]]],[[[120.52265,22.93778],[120.52189,22.93803],[120.52216,22.93845],[120.52248,22.93809],[120.52273,22.93868],[120.523,22.9383],[120.52265,22.93778]]],[[[120.53008,22.94235],[120.53008,22.94214],[120.53005,22.9422],[120.53008,22.94235]]],[[[120.5493,22.98051],[120.54883,22.98042],[120.54945,22.98067],[120.5493,22.98051]]],[[[120.55068,22.98165],[120.55066,22.9816],[120.5506,22.98203],[120.55068,22.98165]]],[[[120.54254,22.98165],[120.53847,22.9804],[120.53859,22.98076],[120.53783,22.98087],[120.54053,22.98313],[120.54444,22.98356],[120.54425,22.98291],[120.54254,22.98165]]],[[[120.56274,22.9825],[120.56348,22.9824],[120.56268,22.98213],[120.56274,22.9825]]],[[[120.56049,22.9831],[120.56119,22.9831],[120.56092,22.98268],[120.56049,22.9831]]],[[[120.54649,22.98326],[120.54465,22.98372],[120.54717,22.98414],[120.55065,22.98686],[120.54649,22.98326]]],[[[120.56474,22.98717],[120.56497,22.98734],[120.56454,22.98715],[120.56474,22.98717]]],[[[120.55106,22.98721],[120.55124,22.98729],[120.551,22.98713],[120.55106,22.98721]]],[[[120.55238,22.98833],[120.55314,22.98956],[120.55351,22.98932],[120.55386,22.98942],[120.5534,22.98983],[120.5573,22.99143],[120.55238,22.98833]]],[[[120.55777,22.99172],[120.55768,22.99175],[120.5579,22.9919],[120.55777,22.99172]]],[[[120.56647,22.97602],[120.56621,22.97629],[120.56661,22.97621],[120.56647,22.97602]]],[[[120.56544,22.98463],[120.56491,22.9846],[120.56487,22.9847],[120.56507,22.98486],[120.56544,22.98463]]],[[[120.56654,22.98558],[120.56589,22.98621],[120.56595,22.98626],[120.56654,22.98558]]],[[[120.56807,22.98635],[120.56782,22.98658],[120.56811,22.98656],[120.56807,22.98635]]],[[[120.56741,22.98729],[120.56713,22.98761],[120.56735,22.98773],[120.56741,22.98729]]],[[[120.56357,22.97745],[120.56195,22.97826],[120.56215,22.9785],[120.56147,22.97872],[120.56124,22.97934],[120.5591,22.97885],[120.55943,22.97937],[120.55914,22.97975],[120.5587,22.97915],[120.559,22.97899],[120.5567,22.97867],[120.55694,22.97918],[120.55648,22.97967],[120.55565,22.97909],[120.55534,22.97949],[120.55594,22.98051],[120.55569,22.98173],[120.55473,22.98154],[120.55401,22.98252],[120.55235,22.98207],[120.5512,22.98268],[120.55206,22.98254],[120.55639,22.9886],[120.56035,22.99142],[120.55846,22.99208],[120.5585,22.99269],[120.56493,22.99556],[120.56481,22.99699],[120.56597,22.99864],[120.56617,22.99801],[120.56813,22.9997],[120.57015,22.99966],[120.57179,23.00027],[120.56903,22.99748],[120.56843,22.9965],[120.56851,22.99631],[120.56779,22.99585],[120.56781,22.99522],[120.56929,22.99599],[120.56922,22.99704],[120.57068,22.99865],[120.5719,22.99954],[120.57278,22.99955],[120.57195,23.00029],[120.57513,23.00019],[120.57963,23.00087],[120.57986,23.0003],[120.57936,22.99997],[120.58,22.99949],[120.57936,22.99804],[120.57975,22.9973],[120.58083,22.99625],[120.57991,22.9965],[120.57847,22.99604],[120.57828,22.99563],[120.57899,22.99601],[120.57951,22.99549],[120.57923,22.99514],[120.57683,22.99522],[120.5774,22.995],[120.57645,22.99398],[120.57712,22.99386],[120.57597,22.99344],[120.57528,22.99376],[120.57518,22.99281],[120.57442,22.99309],[120.57504,22.99273],[120.57544,22.99291],[120.57553,22.9931],[120.57547,22.99243],[120.57617,22.99173],[120.57706,22.99165],[120.57679,22.99084],[120.57549,22.99047],[120.57476,22.99132],[120.5747,22.99082],[120.57469,22.99179],[120.57434,22.99206],[120.574,22.99165],[120.57367,22.99267],[120.57316,22.99257],[120.57347,22.99205],[120.57306,22.99215],[120.57297,22.9916],[120.5745,22.9909],[120.57431,22.99034],[120.57377,22.98981],[120.57225,22.99023],[120.57202,22.99081],[120.57137,22.98936],[120.56999,22.98876],[120.57002,22.98766],[120.56956,22.9882],[120.56913,22.98832],[120.5697,22.98779],[120.56839,22.98752],[120.56818,22.98809],[120.56809,22.98729],[120.56717,22.9887],[120.56778,22.99012],[120.56643,22.9901],[120.56451,22.9883],[120.56192,22.98731],[120.56326,22.98685],[120.56318,22.98735],[120.5636,22.9871],[120.56427,22.98758],[120.56452,22.987],[120.56477,22.98683],[120.56531,22.98703],[120.56503,22.98742],[120.56595,22.98737],[120.56628,22.98783],[120.56688,22.98723],[120.56539,22.98604],[120.56554,22.98536],[120.56392,22.98454],[120.56248,22.98238],[120.5622,22.98277],[120.56423,22.98557],[120.56338,22.98579],[120.56271,22.98438],[120.5602,22.98524],[120.55965,22.98483],[120.56045,22.9843],[120.55904,22.9849],[120.55936,22.98353],[120.56059,22.98331],[120.56176,22.98394],[120.56156,22.98357],[120.56192,22.98353],[120.56103,22.98325],[120.55901,22.98309],[120.55892,22.98227],[120.55824,22.98236],[120.5581,22.98179],[120.55798,22.98208],[120.55781,22.98215],[120.55776,22.98243],[120.55779,22.98212],[120.558,22.98199],[120.55728,22.98176],[120.55739,22.98129],[120.55802,22.98054],[120.55859,22.98117],[120.55885,22.98063],[120.55929,22.98158],[120.5603,22.98167],[120.56044,22.98219],[120.56136,22.98143],[120.56239,22.98195],[120.56321,22.98179],[120.56367,22.98128],[120.56325,22.98161],[120.56228,22.98063],[120.56238,22.97992],[120.56344,22.97984],[120.56421,22.97915],[120.56411,22.97831],[120.56332,22.97766],[120.56357,22.97745]],[[120.57148,22.99999],[120.57126,22.99997],[120.57112,22.99973],[120.57148,22.99999]],[[120.57285,22.99998],[120.57259,22.99976],[120.57285,22.99975],[120.57285,22.99998]],[[120.57418,22.99965],[120.5734,22.99948],[120.57296,22.99997],[120.57279,22.99949],[120.57269,22.99942],[120.5735,22.9993],[120.57418,22.99965]],[[120.57652,22.99881],[120.57638,22.99912],[120.57634,22.99885],[120.57652,22.99881]],[[120.5731,22.99894],[120.57517,22.9986],[120.57691,22.99972],[120.5733,22.99917],[120.57263,22.99938],[120.57211,22.99883],[120.57306,22.9985],[120.5731,22.99894]],[[120.57662,22.99875],[120.57642,22.99844],[120.5763,22.99846],[120.57628,22.99839],[120.57664,22.99829],[120.57662,22.99875]],[[120.57433,22.99818],[120.57472,22.9986],[120.57427,22.99852],[120.57433,22.99818]],[[120.57474,22.99265],[120.57368,22.99284],[120.57413,22.99205],[120.57474,22.99265]],[[120.56769,22.99061],[120.56856,22.99067],[120.56863,22.99077],[120.56769,22.99061]],[[120.56897,22.99051],[120.5696,22.98988],[120.5696,22.98989],[120.56897,22.99051]],[[120.56002,22.98889],[120.56096,22.99027],[120.55929,22.98914],[120.56002,22.98889]],[[120.56404,22.98689],[120.5638,22.98719],[120.56358,22.98685],[120.56404,22.98689]],[[120.56104,22.98655],[120.56166,22.98715],[120.5607,22.98683],[120.56104,22.98655]],[[120.55747,22.9805],[120.55732,22.98058],[120.55757,22.98037],[120.55747,22.9805]],[[120.56222,22.97905],[120.56192,22.97887],[120.56215,22.97877],[120.56222,22.97905]]],[[[120.57265,22.99894],[120.57252,22.99888],[120.57265,22.99895],[120.57265,22.99894]]],[[[120.5784,22.98983],[120.57861,22.98979],[120.57855,22.98972],[120.5784,22.98983]]],[[[120.57772,22.99085],[120.57702,22.99096],[120.57713,22.99133],[120.57766,22.99145],[120.57772,22.99085]]],[[[120.57756,22.99187],[120.57907,22.99074],[120.57879,22.99046],[120.57852,22.9911],[120.57785,22.99102],[120.57786,22.99156],[120.57756,22.99187]]],[[[120.57752,22.99185],[120.57774,22.99149],[120.57719,22.9915],[120.57752,22.99185]]],[[[120.56854,22.9964],[120.56876,22.99694],[120.5688,22.99693],[120.56854,22.9964]]],[[[120.57953,22.99798],[120.58016,22.99902],[120.58012,22.99733],[120.57953,22.99798]]],[[[120.57304,22.99879],[120.57301,22.99885],[120.57306,22.99885],[120.57304,22.99879]]],[[[120.57299,22.9989],[120.57298,22.99906],[120.57304,22.9989],[120.57299,22.9989]]]]}},{"type":"Feature","properties":{"zone":"山坡地保育區","town":"杉林區"},"geometry":{"type":"MultiPolygon","coordinates":[[[[120.52885,22.97948],[120.5278,22.97882],[120.52683,22.97869],[120.5291,22.9802],[120.52885,22.97948]]],[[[120.52824,22.98135],[120.52818,22.98113],[120.52807,22.98117],[120.52824,22.98135]]],[[[120.5295,22.98147],[120.52881,22.98182],[120.52952,22.98181],[120.5295,22.98147]]],[[[120.52835,22.98136],[120.52864,22.98201],[120.52876,22.98222],[120.52922,22.9835],[120.52999,22.98317],[120.52993,22.98203],[120.52884,22.98198],[120.52835,22.98136]]],[[[120.52925,22.98357],[120.52983,22.9842],[120.53001,22.98495],[120.53041,22.98497],[120.53001,22.9845],[120.52986,22.98392],[120.52925,22.98357]]],[[[120.52999,22.98501],[120.5291,22.98586],[120.52943,22.98618],[120.53025,22.98623],[120.531,22.98675],[120.53027,22.98615],[120.52999,22.98501]]],[[[120.53105,22.98689],[120.53057,22.98776],[120.52989,22.98791],[120.53049,22.98826],[120.53057,22.98858],[120.5312,22.98854],[120.53098,22.98745],[120.53061,22.98774],[120.53105,22.98689]]],[[[120.53062,22.98979],[120.53045,22.9904],[120.53111,22.99044],[120.53071,22.99018],[120.53062,22.98979]]],[[[120.53109,22.99117],[120.5308,22.99098],[120.53076,22.99127],[120.53097,22.99139],[120.53109,22.99117]]],[[[120.52951,22.99211],[120.52949,22.99229],[120.52964,22.99218],[120.52951,22.99211]]],[[[120.52092,23.01865],[120.52107,23.0185],[120.521,23.01839],[120.52092,23.01865]]],[[[120.52043,23.01927],[120.52042,23.01874],[120.52003,23.01916],[120.52043,23.01927]]],[[[120.51931,23.01985],[120.5196,23.01985],[120.5194,23.01968],[120.51931,23.01985]]],[[[120.51986,23.01988],[120.51976,23.02033],[120.52027,23.01975],[120.51986,23.01988]]],[[[120.51518,23.02045],[120.51517,23.02077],[120.51533,23.02065],[120.51518,23.02045]]],[[[120.52105,23.01864],[120.51995,23.02174],[120.52092,23.02166],[120.52067,23.02209],[120.52169,23.0224],[120.5221,23.02301],[120.5223,23.0223],[120.52354,23.02199],[120.52354,23.02065],[120.52315,23.02031],[120.52357,23.02006],[120.52105,23.01864]]],[[[120.5191,23.0209],[120.51907,23.0214],[120.5193,23.02159],[120.5191,23.0209]]],[[[120.5193,23.02208],[120.51928,23.02162],[120.51902,23.02162],[120.5193,23.02208]]],[[[120.51769,23.02234],[120.51787,23.02258],[120.51775,23.02232],[120.51769,23.02234]]],[[[120.52158,23.02271],[120.52134,23.02254],[120.52115,23.02263],[120.52158,23.02271]]],[[[120.51781,23.02279],[120.51788,23.0226],[120.51777,23.02265],[120.51781,23.02279]]],[[[120.52258,23.02259],[120.52252,23.02288],[120.52272,23.02285],[120.52258,23.02259]]],[[[120.5122,23.02301],[120.51197,23.02311],[120.51232,23.02321],[120.5122,23.02301]]],[[[120.52311,23.02306],[120.52218,23.02309],[120.52185,23.02291],[120.52244,23.02329],[120.52311,23.02306]]],[[[120.52293,23.02386],[120.52302,23.02371],[120.52298,23.0236],[120.52293,23.02386]]],[[[120.52319,23.02378],[120.52299,23.02419],[120.52319,23.02416],[120.52319,23.02378]]],[[[120.52218,23.02405],[120.52271,23.02456],[120.52281,23.02358],[120.52247,23.02361],[120.52218,23.02405]]],[[[120.52242,23.02477],[120.52226,23.0246],[120.52226,23.02478],[120.52242,23.02477]]],[[[120.52316,23.02418],[120.52289,23.02476],[120.52392,23.02534],[120.52316,23.02418]]],[[[120.53055,23.02843],[120.52917,23.0287],[120.52977,23.0294],[120.53052,23.02937],[120.53055,23.02843]]],[[[120.51625,23.03292],[120.51623,23.03332],[120.5167,23.03327],[120.51625,23.03292]]],[[[120.51248,23.03106],[120.51279,23.03231],[120.51226,23.03106],[120.50945,23.0318],[120.50898,23.03324],[120.50964,23.03275],[120.50964,23.03329],[120.51031,23.03371],[120.51046,23.03311],[120.51124,23.03325],[120.51359,23.03534],[120.51382,23.03483],[120.51299,23.03416],[120.51425,23.03343],[120.51427,23.0329],[120.51288,23.03234],[120.51387,23.03184],[120.51503,23.03207],[120.5152,23.0326],[120.51549,23.03227],[120.51527,23.03173],[120.51335,23.03103],[120.51248,23.03106]],[[120.50999,23.03306],[120.51013,23.03281],[120.51021,23.0329],[120.50999,23.03306]],[[120.51054,23.0326],[120.51096,23.03249],[120.51115,23.03239],[120.51104,23.03262],[120.51054,23.0326]],[[120.50993,23.0324],[120.51019,23.03231],[120.51022,23.03249],[120.50993,23.0324]]],[[[120.51482,23.03528],[120.51656,23.03407],[120.51607,23.03386],[120.51554,23.03438],[120.51505,23.03388],[120.51482,23.03528]]],[[[120.51409,23.03796],[120.5144,23.03718],[120.51373,23.03773],[120.51409,23.03796]]],[[[120.51744,23.03779],[120.51736,23.038],[120.51771,23.03806],[120.51744,23.03779]]],[[[120.51232,23.03751],[120.51335,23.03845],[120.51377,23.03803],[120.51308,23.03777],[120.51316,23.03735],[120.51232,23.03751]]],[[[120.51462,23.038],[120.51506,23.03845],[120.51494,23.03752],[120.51462,23.038]]],[[[120.51669,23.03979],[120.51721,23.03982],[120.5171,23.03921],[120.51669,23.03979]]],[[[120.51919,23.03989],[120.51981,23.03981],[120.52016,23.03912],[120.51957,23.03912],[120.51919,23.03989]]],[[[120.52061,23.03915],[120.51984,23.03982],[120.51959,23.03996],[120.51904,23.03987],[120.51874,23.03974],[120.51971,23.04075],[120.51976,23.0403],[120.52021,23.04061],[120.52064,23.03983],[120.52154,23.03964],[120.52138,23.03916],[120.52061,23.03915]]],[[[120.52155,23.0406],[120.52134,23.04004],[120.52099,23.04031],[120.52155,23.0406]]],[[[120.5157,23.0389],[120.51413,23.0394],[120.51582,23.04168],[120.51746,23.04228],[120.51591,23.04106],[120.51661,23.03991],[120.51542,23.03974],[120.5157,23.0389]]],[[[120.51994,23.04085],[120.52028,23.04122],[120.52094,23.04075],[120.52056,23.04055],[120.51994,23.04085]],[[120.52044,23.04075],[120.52022,23.04088],[120.52025,23.04071],[120.52044,23.04075]]],[[[120.52045,23.04165],[120.5203,23.04167],[120.52037,23.04178],[120.52045,23.04165]]],[[[120.52162,23.04223],[120.52111,23.04206],[120.52104,23.04221],[120.52116,23.04234],[120.52162,23.04223]]],[[[120.51801,23.0387],[120.51795,23.04067],[120.51703,23.041],[120.51853,23.04165],[120.51745,23.04283],[120.5181,23.04309],[120.51769,23.04313],[120.51809,23.04358],[120.51897,23.04363],[120.51936,23.04475],[120.52175,23.04592],[120.52334,23.04461],[120.5223,23.04273],[120.52128,23.04339],[120.52083,23.04317],[120.52054,23.04187],[120.52018,23.04306],[120.51866,23.042],[120.51914,23.04112],[120.51997,23.0413],[120.51878,23.04019],[120.51841,23.03881],[120.51801,23.0387]],[[120.52057,23.04362],[120.52045,23.04411],[120.5203,23.04363],[120.52057,23.04362]],[[120.52006,23.04355],[120.52008,23.04314],[120.5203,23.04344],[120.52006,23.04355]]],[[[120.52216,23.04268],[120.52213,23.04244],[120.52191,23.04237],[120.52216,23.04268]]],[[[120.52236,23.04135],[120.52229,23.04184],[120.52329,23.04233],[120.52276,23.04256],[120.52281,23.04342],[120.52369,23.04474],[120.52433,23.04338],[120.52349,23.04256],[120.52448,23.04194],[120.52391,23.04199],[120.52314,23.04105],[120.52275,23.04136],[120.52209,23.04072],[120.52168,23.04133],[120.52236,23.04135]]],[[[120.52888,23.0497],[120.5286,23.0491],[120.52777,23.04901],[120.52783,23.0501],[120.52888,23.0497]]],[[[120.52964,23.0518],[120.52925,23.05216],[120.52922,23.05282],[120.5301,23.05242],[120.52964,23.0518]]],[[[120.54153,22.95862],[120.54196,22.95914],[120.5422,22.95885],[120.54153,22.95862]]],[[[120.53135,22.98888],[120.53146,22.98871],[120.53125,22.98865],[120.53135,22.98888]]],[[[120.53094,22.98938],[120.5309,22.98957],[120.53112,22.98916],[120.53094,22.98938]]],[[[120.54325,22.99161],[120.54239,22.99055],[120.54203,22.98946],[120.54325,22.99161]]],[[[120.53255,22.99294],[120.53204,22.9926],[120.53231,22.99294],[120.53255,22.99294]]],[[[120.54579,22.99714],[120.54333,22.99183],[120.54324,22.99235],[120.54355,22.99317],[120.54579,22.99714]]],[[[120.54346,22.99764],[120.54359,22.99797],[120.54373,22.99753],[120.54346,22.99764]]],[[[120.54383,22.9982],[120.54332,22.99902],[120.54339,22.99949],[120.54315,22.99958],[120.5437,22.99972],[120.54383,22.9982]]],[[[120.54352,23.00047],[120.54372,23.00047],[120.54355,23.00026],[120.54352,23.00047]]],[[[120.54259,23.00449],[120.54236,23.00472],[120.54212,23.00484],[120.54204,23.00514],[120.54169,23.00538],[120.54168,23.00645],[120.54209,23.00631],[120.54237,23.00488],[120.54334,23.00479],[120.54284,23.00413],[120.54259,23.00449]]],[[[120.54167,23.00664],[120.54208,23.00635],[120.54166,23.00663],[120.54167,23.00664]]],[[[120.54117,23.00669],[120.54161,23.00645],[120.54112,23.00664],[120.54117,23.00669]]],[[[120.53893,23.00652],[120.53878,23.00655],[120.53864,23.00654],[120.53857,23.00647],[120.53854,23.00639],[120.53803,23.0066],[120.53779,23.0066],[120.53761,23.00652],[120.53787,23.00695],[120.53894,23.00658],[120.5392,23.00669],[120.53893,23.00652]]],[[[120.54111,23.00676],[120.54079,23.00694],[120.54082,23.00699],[120.54111,23.00676]]],[[[120.52992,22.98132],[120.52954,22.98172],[120.53024,22.98218],[120.53015,22.98299],[120.53003,22.98323],[120.5295,22.98356],[120.52991,22.98385],[120.5305,22.98494],[120.53036,22.98509],[120.53003,22.98502],[120.5303,22.98616],[120.53102,22.98664],[120.53119,22.98641],[120.5314,22.98641],[120.53163,22.98653],[120.53108,22.98657],[120.531,22.9875],[120.53122,22.98855],[120.53187,22.98862],[120.53196,22.98876],[120.53074,22.98983],[120.5313,22.99055],[120.53068,22.99065],[120.53117,22.99118],[120.53108,22.99159],[120.53152,22.99162],[120.53286,22.99323],[120.53246,22.99394],[120.53309,22.99452],[120.53311,22.99465],[120.53362,22.99454],[120.53296,22.9951],[120.53306,22.99469],[120.53238,22.99487],[120.53307,22.99457],[120.53243,22.99394],[120.53244,22.99324],[120.53137,22.99176],[120.53079,22.99168],[120.5295,22.99235],[120.52935,22.99231],[120.52897,22.99296],[120.52836,22.99346],[120.52951,22.992],[120.53095,22.99144],[120.53073,22.99127],[120.53044,22.9905],[120.53044,22.99033],[120.53057,22.98972],[120.53077,22.98956],[120.53033,22.9893],[120.53082,22.9895],[120.5313,22.98886],[120.53052,22.98866],[120.52974,22.98798],[120.53096,22.98694],[120.52899,22.98598],[120.52923,22.98506],[120.52874,22.98514],[120.52858,22.98563],[120.52806,22.98612],[120.52782,22.98609],[120.52771,22.98672],[120.52716,22.98784],[120.52772,22.98604],[120.5284,22.9857],[120.52822,22.98551],[120.52845,22.98561],[120.52857,22.98518],[120.52902,22.98499],[120.52998,22.98495],[120.52779,22.98092],[120.52822,22.9811],[120.52862,22.98149],[120.52948,22.98137],[120.52904,22.98024],[120.52714,22.979],[120.52887,22.98119],[120.52851,22.98107],[120.52532,22.97745],[120.52346,22.97836],[120.52202,22.978],[120.51988,22.98029],[120.52069,22.98106],[120.51995,22.98178],[120.52018,22.9825],[120.52195,22.98586],[120.52257,22.98621],[120.52211,22.98877],[120.52478,22.99107],[120.52496,22.99354],[120.52586,22.99397],[120.52669,22.99524],[120.52705,22.99642],[120.52606,22.9976],[120.52612,22.99831],[120.52702,22.99926],[120.52715,23.00011],[120.52962,23.00112],[120.52965,23.00234],[120.5311,23.0027],[120.52955,23.00273],[120.52983,23.00513],[120.52928,23.0058],[120.5304,23.0074],[120.53265,23.00773],[120.53252,23.00871],[120.53312,23.01027],[120.5344,23.01144],[120.53382,23.01123],[120.53336,23.01189],[120.53544,23.01518],[120.53525,23.01771],[120.53611,23.01857],[120.53606,23.0197],[120.53703,23.02167],[120.53665,23.02362],[120.53764,23.02437],[120.53659,23.0258],[120.53424,23.02633],[120.53355,23.02719],[120.53381,23.0307],[120.53258,23.0316],[120.53262,23.03249],[120.53101,23.03403],[120.53142,23.03463],[120.53006,23.03556],[120.52976,23.03645],[120.52994,23.03749],[120.53107,23.03781],[120.53136,23.03694],[120.53134,23.03738],[120.53202,23.0374],[120.53219,23.036],[120.53276,23.03608],[120.53306,23.0357],[120.53347,23.03625],[120.53397,23.03593],[120.53418,23.03601],[120.53351,23.03629],[120.53342,23.03626],[120.53319,23.03594],[120.53342,23.03629],[120.53385,23.03653],[120.53444,23.03662],[120.53499,23.03688],[120.53539,23.03671],[120.53558,23.03627],[120.5364,23.03532],[120.53577,23.03577],[120.5354,23.03569],[120.53543,23.03605],[120.5351,23.03611],[120.5351,23.03645],[120.53484,23.03657],[120.53481,23.03649],[120.53535,23.03564],[120.53654,23.03508],[120.53618,23.03483],[120.53612,23.03449],[120.53622,23.03436],[120.53681,23.03434],[120.53717,23.03376],[120.53753,23.03337],[120.53719,23.03328],[120.53743,23.03296],[120.53708,23.03274],[120.53748,23.03293],[120.53723,23.03326],[120.53758,23.03332],[120.53817,23.0316],[120.53765,23.03221],[120.53731,23.03219],[120.53724,23.03247],[120.53716,23.03254],[120.53592,23.03318],[120.53549,23.03307],[120.53593,23.03312],[120.53675,23.03242],[120.53713,23.0325],[120.53728,23.03216],[120.53761,23.03214],[120.53714,23.03162],[120.53729,23.03094],[120.53777,23.03067],[120.53825,23.03079],[120.53832,23.03087],[120.53836,23.03066],[120.53786,23.02991],[120.53785,23.02963],[120.53849,23.02842],[120.53871,23.02832],[120.53928,23.02829],[120.53924,23.02776],[120.53945,23.02693],[120.53934,23.0275],[120.53976,23.02771],[120.53972,23.0279],[120.53981,23.02801],[120.53986,23.02812],[120.53987,23.02841],[120.54317,23.02603],[120.54352,23.02509],[120.54302,23.02608],[120.54179,23.02664],[120.54297,23.02601],[120.54376,23.02408],[120.54341,23.02346],[120.54304,23.02381],[120.54258,23.02396],[120.54248,23.02407],[120.54234,23.02429],[120.5423,23.02433],[120.54255,23.02397],[120.54333,23.02344],[120.543,23.02275],[120.5433,23.02234],[120.54265,23.02229],[120.54242,23.02196],[120.54291,23.0218],[120.54301,23.02147],[120.54336,23.02133],[120.54206,23.02141],[120.54183,23.02107],[120.54351,23.02003],[120.5424,23.0197],[120.54282,23.01964],[120.54458,23.02011],[120.54797,23.0189],[120.54749,23.01853],[120.54733,23.01831],[120.54717,23.01822],[120.54684,23.0174],[120.54793,23.01704],[120.54695,23.01756],[120.54799,23.0189],[120.55176,23.01823],[120.55143,23.01796],[120.5513,23.0178],[120.55123,23.01769],[120.55121,23.01764],[120.5512,23.01749],[120.55181,23.01822],[120.55298,23.01812],[120.55396,23.01758],[120.55372,23.01717],[120.5545,23.01653],[120.55457,23.01489],[120.55511,23.01487],[120.55511,23.01464],[120.55604,23.01345],[120.55562,23.01334],[120.55511,23.01419],[120.55465,23.01439],[120.55352,23.01439],[120.55319,23.01433],[120.55304,23.01416],[120.55494,23.01425],[120.55505,23.01377],[120.55529,23.0135],[120.55564,23.01328],[120.55576,23.01329],[120.55534,23.0131],[120.55521,23.01285],[120.5561,23.0134],[120.55678,23.0131],[120.55679,23.01231],[120.55681,23.01317],[120.55657,23.01321],[120.55616,23.01345],[120.55665,23.01338],[120.55881,23.01366],[120.55879,23.01309],[120.55901,23.01281],[120.55958,23.01253],[120.55951,23.01212],[120.55902,23.01233],[120.55886,23.01235],[120.55796,23.01202],[120.5595,23.01207],[120.55951,23.01136],[120.56009,23.0113],[120.55971,23.01124],[120.55967,23.01115],[120.56047,23.01092],[120.56125,23.0111],[120.56196,23.01146],[120.56252,23.01238],[120.56174,23.01143],[120.56021,23.01121],[120.55985,23.0116],[120.55961,23.01161],[120.55962,23.01256],[120.55888,23.01307],[120.55891,23.01367],[120.55632,23.01344],[120.55613,23.01369],[120.55594,23.0138],[120.55586,23.01412],[120.55612,23.01427],[120.55624,23.01486],[120.55623,23.01557],[120.55617,23.01566],[120.55894,23.01402],[120.56012,23.01276],[120.56059,23.01255],[120.56353,23.01255],[120.56389,23.01263],[120.56466,23.01328],[120.56496,23.01301],[120.56408,23.01246],[120.56393,23.01194],[120.56305,23.01206],[120.56341,23.0121],[120.5638,23.01243],[120.56338,23.01212],[120.56315,23.01216],[120.56308,23.0123],[120.56277,23.01241],[120.56302,23.01199],[120.56278,23.01183],[120.56251,23.01103],[120.5628,23.01182],[120.56356,23.01169],[120.56332,23.01142],[120.56378,23.01054],[120.5634,23.01142],[120.56506,23.013],[120.56505,23.01214],[120.56525,23.01099],[120.56548,23.01086],[120.566,23.01102],[120.56632,23.01087],[120.56674,23.01123],[120.56724,23.01061],[120.56829,23.00988],[120.56853,23.0089],[120.56802,23.00748],[120.56856,23.0089],[120.56957,23.00792],[120.56973,23.00636],[120.56878,23.00529],[120.56817,23.00563],[120.56873,23.00525],[120.56574,23.00185],[120.56385,23.0009],[120.56423,23.00126],[120.56418,23.00144],[120.56465,23.00178],[120.56413,23.00144],[120.56394,23.001],[120.56332,23.00069],[120.56322,23.00073],[120.56274,23.00072],[120.56307,23.00108],[120.56308,23.00126],[120.56259,23.00227],[120.56219,23.00214],[120.56239,23.00313],[120.56213,23.00367],[120.56131,23.00417],[120.56201,23.0036],[120.56215,23.0021],[120.56256,23.00213],[120.56301,23.00113],[120.56248,23.00036],[120.56009,22.999],[120.56101,22.99969],[120.56075,23.00013],[120.55986,22.99953],[120.55965,22.9999],[120.55892,23.00028],[120.55905,23.00041],[120.55901,23.00056],[120.55918,23.00066],[120.55925,23.00084],[120.55922,23.00098],[120.55873,23.00161],[120.55919,23.00188],[120.55932,23.0025],[120.55949,23.00259],[120.55967,23.00327],[120.55869,23.00167],[120.55794,23.00279],[120.55816,23.00365],[120.55806,23.00402],[120.55792,23.00282],[120.55751,23.00368],[120.55696,23.00373],[120.55637,23.00334],[120.55644,23.00346],[120.55648,23.00369],[120.55639,23.00383],[120.55632,23.00331],[120.55431,23.00217],[120.55564,23.00416],[120.55609,23.00547],[120.55559,23.00814],[120.55624,23.01015],[120.55614,23.01032],[120.5558,23.01058],[120.55621,23.01015],[120.55556,23.00846],[120.55563,23.00743],[120.5558,23.00688],[120.55579,23.00642],[120.55603,23.00548],[120.55421,23.00211],[120.55292,23.00257],[120.55314,23.0032],[120.55347,23.0031],[120.55426,23.00383],[120.55394,23.00516],[120.55348,23.00537],[120.55379,23.00575],[120.55226,23.00629],[120.55256,23.00591],[120.55192,23.00563],[120.55354,23.0057],[120.55343,23.00531],[120.554,23.00438],[120.55356,23.00339],[120.55328,23.00347],[120.55296,23.00321],[120.55263,23.00226],[120.55262,23.00191],[120.55303,23.0014],[120.55229,23.00058],[120.55235,23.0003],[120.55283,23.00005],[120.55253,22.99963],[120.5513,22.99986],[120.55108,23.00088],[120.55083,23.00094],[120.55139,22.99895],[120.55061,22.99887],[120.54943,23.00035],[120.54837,22.99994],[120.54865,22.99946],[120.5482,22.99916],[120.54387,22.99751],[120.54384,22.9997],[120.54325,22.99983],[120.54481,23.00121],[120.54437,23.0017],[120.54361,23.00145],[120.54394,23.00263],[120.54368,23.00278],[120.54345,23.0013],[120.54457,23.00131],[120.54347,23.0007],[120.54306,22.99972],[120.54296,23.00019],[120.5431,23.00042],[120.54325,23.00098],[120.54339,23.00237],[120.54338,23.00256],[120.54316,23.0028],[120.54328,23.00142],[120.54248,23.00146],[120.54226,23.00164],[120.54229,23.0019],[120.54217,23.00198],[120.5422,23.0016],[120.54256,23.00138],[120.54318,23.00131],[120.54287,22.99977],[120.54205,23.00024],[120.5416,23.00002],[120.54127,23.00022],[120.54101,23.00015],[120.54,23.00028],[120.53877,23.00022],[120.53805,22.99967],[120.54002,23.00025],[120.5391,22.99966],[120.54126,23.00019],[120.54169,22.99989],[120.54336,22.99947],[120.54163,22.99981],[120.54315,22.9994],[120.54352,22.99802],[120.54328,22.9976],[120.54089,22.99723],[120.54331,22.99756],[120.54389,22.99704],[120.54426,22.99703],[120.54366,22.99749],[120.54398,22.9975],[120.54514,22.99782],[120.54359,22.99603],[120.54455,22.99665],[120.54337,22.99562],[120.5432,22.9948],[120.54147,22.99416],[120.54141,22.99376],[120.54244,22.99373],[120.54262,22.99318],[120.54145,22.99253],[120.54082,22.99257],[120.54035,22.99235],[120.54011,22.99272],[120.54037,22.99228],[120.54117,22.9925],[120.54296,22.9917],[120.5395,22.98881],[120.53928,22.98796],[120.53317,22.98366],[120.53458,22.98403],[120.53286,22.98271],[120.53312,22.98186],[120.53156,22.98151],[120.53103,22.98113],[120.53132,22.98067],[120.52937,22.97956],[120.5296,22.98107],[120.52932,22.9808],[120.52955,22.98135],[120.52992,22.98132]],[[120.54697,23.01793],[120.54697,23.01792],[120.54703,23.01791],[120.54697,23.01793]],[[120.56387,23.01241],[120.56387,23.01244],[120.5638,23.01243],[120.56387,23.01241]],[[120.53482,23.03659],[120.53468,23.03665],[120.53435,23.03655],[120.53415,23.03657],[120.53434,23.03653],[120.53477,23.0366],[120.53435,23.03615],[120.53467,23.03631],[120.53482,23.03659]],[[120.53177,23.03596],[120.53138,23.03642],[120.53157,23.03574],[120.53177,23.03596]],[[120.53242,23.03593],[120.5324,23.03565],[120.53258,23.03575],[120.53242,23.03593]],[[120.54124,23.02676],[120.54019,23.02741],[120.54073,23.02694],[120.54102,23.02678],[120.54124,23.02676]],[[120.54299,23.02268],[120.54263,23.02275],[120.54281,23.02247],[120.54299,23.02268]],[[120.54292,23.02176],[120.5425,23.02156],[120.54292,23.02148],[120.54292,23.02176]],[[120.5453,23.01891],[120.54549,23.01913],[120.54546,23.01915],[120.5453,23.01891]],[[120.55025,23.01712],[120.54977,23.0172],[120.54961,23.01696],[120.55025,23.01712]],[[120.54183,23.0154],[120.5415,23.01592],[120.54242,23.01595],[120.54225,23.01641],[120.54157,23.0161],[120.54127,23.01661],[120.54179,23.0175],[120.54076,23.01636],[120.54118,23.01559],[120.54183,23.0154]],[[120.54818,23.01475],[120.54793,23.01513],[120.54629,23.01511],[120.5454,23.01561],[120.54445,23.01537],[120.54441,23.01581],[120.5436,23.01584],[120.54491,23.01494],[120.5472,23.01436],[120.54818,23.01475]],[[120.54908,23.01418],[120.54838,23.01437],[120.54825,23.01435],[120.54908,23.01418]],[[120.53786,23.01224],[120.53803,23.01215],[120.53795,23.01226],[120.53786,23.01224]],[[120.53813,23.01196],[120.53802,23.01193],[120.53816,23.01187],[120.53813,23.01196]],[[120.54275,23.01073],[120.54271,23.01076],[120.54238,23.01089],[120.54233,23.01079],[120.54275,23.01073]],[[120.56617,23.00993],[120.56564,23.01004],[120.56591,23.01035],[120.56574,23.01039],[120.56579,23.01033],[120.56564,23.01023],[120.56563,23.01005],[120.56566,23.00996],[120.56617,23.00993]],[[120.54425,23.00947],[120.54465,23.0099],[120.545,23.01014],[120.54535,23.01108],[120.54538,23.01189],[120.54567,23.01194],[120.5457,23.01247],[120.54535,23.01192],[120.54493,23.01013],[120.54422,23.00992],[120.54418,23.00961],[120.54224,23.01],[120.5421,23.00976],[120.54247,23.01042],[120.54227,23.0104],[120.54227,23.01155],[120.54256,23.0119],[120.54254,23.01215],[120.54265,23.01222],[120.54255,23.01178],[120.54272,23.01167],[120.54268,23.01259],[120.54265,23.01267],[120.54244,23.01277],[120.54223,23.01344],[120.54162,23.01421],[120.5417,23.01472],[120.54166,23.01503],[120.54162,23.01515],[120.54154,23.01521],[120.54157,23.0142],[120.54218,23.01341],[120.54219,23.01313],[120.5424,23.01276],[120.54264,23.01252],[120.54222,23.01164],[120.54224,23.01055],[120.54196,23.01029],[120.54206,23.00954],[120.54425,23.00947]],[[120.5673,23.00699],[120.56741,23.00682],[120.56743,23.00696],[120.5673,23.00699]],[[120.56678,23.00633],[120.56754,23.00637],[120.5669,23.00635],[120.56682,23.00735],[120.56649,23.00768],[120.56678,23.00633]],[[120.53856,23.00592],[120.5384,23.00591],[120.53853,23.00591],[120.53856,23.00592]],[[120.53859,23.00592],[120.53877,23.00592],[120.539,23.00608],[120.53948,23.00692],[120.53985,23.00667],[120.54071,23.00683],[120.54104,23.00663],[120.54159,23.00644],[120.54111,23.00619],[120.5416,23.00611],[120.54167,23.00536],[120.54277,23.00395],[120.54289,23.00399],[120.54292,23.00368],[120.54315,23.00339],[120.54301,23.00314],[120.54307,23.00295],[120.54317,23.00339],[120.54296,23.00392],[120.54347,23.00479],[120.5424,23.00515],[120.54235,23.00659],[120.54134,23.00688],[120.54167,23.00743],[120.54117,23.00796],[120.54166,23.00861],[120.54222,23.00851],[120.54252,23.00939],[120.54151,23.00923],[120.54077,23.00983],[120.5404,23.01001],[120.53973,23.00975],[120.53989,23.00989],[120.53924,23.01107],[120.53885,23.01143],[120.53875,23.01141],[120.53859,23.01121],[120.53851,23.01143],[120.53826,23.01166],[120.53853,23.0112],[120.5392,23.01104],[120.53961,23.00977],[120.53981,23.0097],[120.54006,23.00981],[120.54021,23.00972],[120.54043,23.00998],[120.54157,23.00874],[120.54108,23.00805],[120.54137,23.00713],[120.54075,23.00708],[120.54062,23.00782],[120.53874,23.00736],[120.53898,23.00669],[120.53781,23.00714],[120.53726,23.00654],[120.53712,23.00695],[120.53682,23.00696],[120.53637,23.00736],[120.53584,23.00753],[120.53676,23.00685],[120.53706,23.00687],[120.53705,23.00638],[120.53747,23.0064],[120.53722,23.00576],[120.5378,23.00658],[120.53855,23.00637],[120.53899,23.0065],[120.53889,23.00603],[120.53856,23.00592],[120.53859,23.00592]],[[120.54296,23.00349],[120.5426,23.00307],[120.54275,23.003],[120.54296,23.00349]],[[120.56545,23.00252],[120.56599,23.00295],[120.56613,23.00334],[120.56672,23.00401],[120.5669,23.00435],[120.56726,23.00542],[120.56741,23.0056],[120.56729,23.00563],[120.56688,23.00435],[120.56633,23.00364],[120.56591,23.00398],[120.56599,23.00406],[120.56639,23.00461],[120.56591,23.00502],[120.56569,23.00511],[120.56634,23.00462],[120.56588,23.00394],[120.56631,23.00361],[120.56545,23.00252]],[[120.55214,23.0024],[120.55157,23.00312],[120.55266,23.00264],[120.55265,23.00294],[120.55107,23.00434],[120.55165,23.0021],[120.55214,23.0024]],[[120.53181,23.00213],[120.5327,23.00281],[120.53174,23.00273],[120.53155,23.00227],[120.53147,23.00266],[120.53217,23.00298],[120.53236,23.00313],[120.53064,23.00222],[120.53181,23.00213]],[[120.56339,23.00189],[120.56516,23.00266],[120.56336,23.00534],[120.56396,23.00715],[120.56373,23.00833],[120.56246,23.00842],[120.56268,23.00674],[120.56218,23.00485],[120.56339,23.00189]],[[120.54938,23.00169],[120.54991,23.00106],[120.5495,23.00355],[120.54898,23.00392],[120.54913,23.00354],[120.54811,23.00372],[120.54906,23.00257],[120.54918,23.0016],[120.54868,23.00116],[120.54966,23.00103],[120.54938,23.00169]],[[120.55037,23.00055],[120.55011,23.00085],[120.54993,23.00099],[120.55019,23.00053],[120.55037,23.00055]],[[120.54083,22.99984],[120.54059,22.99992],[120.54112,22.99943],[120.54083,22.99984]],[[120.53813,22.99942],[120.53656,22.99967],[120.53653,22.99943],[120.53813,22.99942]],[[120.53627,22.99943],[120.53504,22.99939],[120.53422,23.00071],[120.53507,22.99926],[120.53627,22.99943]],[[120.54635,22.99877],[120.54712,22.99939],[120.54743,22.99938],[120.5479,22.99959],[120.54812,22.99991],[120.54811,23.00006],[120.54787,22.9996],[120.54713,22.99943],[120.54688,22.99927],[120.54635,22.99877]],[[120.5409,22.99773],[120.54099,22.99779],[120.54097,22.99782],[120.5409,22.99773]],[[120.53281,22.99547],[120.53262,22.99613],[120.53244,22.99621],[120.53281,22.99547]],[[120.54312,22.99556],[120.54343,22.99586],[120.54287,22.99508],[120.54312,22.99556]],[[120.53348,22.99389],[120.53343,22.99422],[120.53372,22.99432],[120.5333,22.99427],[120.53348,22.99389]],[[120.53295,22.99334],[120.53293,22.99351],[120.53289,22.99339],[120.53295,22.99334]],[[120.53675,22.99269],[120.53654,22.99339],[120.53611,22.99399],[120.53567,22.99435],[120.53581,22.99465],[120.53576,22.99498],[120.53553,22.99525],[120.53564,22.99554],[120.53549,22.99579],[120.53575,22.99651],[120.53578,22.99731],[120.5357,22.99772],[120.53556,22.99778],[120.53542,22.99576],[120.53561,22.99438],[120.53675,22.99269]],[[120.53244,22.98247],[120.53293,22.98287],[120.53175,22.98197],[120.53244,22.98247]],[[120.52973,22.98174],[120.53052,22.98212],[120.53053,22.98225],[120.52973,22.98174]],[[120.53037,22.98141],[120.53194,22.98294],[120.53333,22.98332],[120.53316,22.98346],[120.53202,22.98304],[120.53137,22.98268],[120.5308,22.98213],[120.53037,22.98141]]],[[[120.54031,23.0077],[120.54054,23.00682],[120.53948,23.00694],[120.53921,23.00671],[120.53892,23.00724],[120.53986,23.00723],[120.54021,23.00746],[120.54031,23.0077]]],[[[120.54013,23.0075],[120.54011,23.00762],[120.54012,23.00762],[120.54013,23.0075]]],[[[120.54201,23.00905],[120.54217,23.00861],[120.54143,23.0091],[120.54201,23.00905]]],[[[120.54943,23.01868],[120.54835,23.01901],[120.54869,23.01917],[120.54885,23.01934],[120.54943,23.01868]]],[[[120.55165,23.01977],[120.5523,23.0189],[120.55184,23.01827],[120.54947,23.01867],[120.54884,23.01938],[120.54867,23.0192],[120.54819,23.01902],[120.54817,23.01889],[120.54802,23.01893],[120.54811,23.01903],[120.54867,23.01925],[120.54916,23.01978],[120.55015,23.01949],[120.55165,23.01977]]],[[[120.54251,23.02201],[120.54333,23.02229],[120.54307,23.02279],[120.54354,23.02336],[120.54347,23.02316],[120.54399,23.02159],[120.54339,23.02104],[120.54454,23.0202],[120.54406,23.01999],[120.54373,23.02002],[120.54199,23.02106],[120.54346,23.02131],[120.54299,23.0219],[120.54251,23.02201]],[[120.54381,23.0201],[120.54415,23.02025],[120.54396,23.02031],[120.54381,23.0201]]],[[[120.54353,23.02504],[120.54359,23.02483],[120.54345,23.02507],[120.54353,23.02504]]],[[[120.53936,23.02761],[120.53934,23.02836],[120.5386,23.0284],[120.53841,23.02885],[120.53898,23.02931],[120.53983,23.02845],[120.53968,23.0279],[120.53973,23.02771],[120.53936,23.02761]]],[[[120.53875,23.02936],[120.53828,23.02896],[120.5379,23.02969],[120.53804,23.03011],[120.53814,23.0302],[120.53802,23.02994],[120.53801,23.02967],[120.53814,23.02942],[120.53856,23.02935],[120.53875,23.02936]]],[[[120.53817,23.02944],[120.53818,23.03023],[120.53881,23.02943],[120.53817,23.02944]]],[[[120.53814,23.03158],[120.53827,23.03084],[120.53733,23.03098],[120.53725,23.0317],[120.53814,23.03158]]],[[[120.55235,23.01902],[120.55173,23.01982],[120.55151,23.01992],[120.5501,23.01959],[120.54999,23.02023],[120.54995,23.0197],[120.54914,23.0198],[120.54864,23.01959],[120.54799,23.01894],[120.54466,23.02009],[120.54571,23.02048],[120.54586,23.02081],[120.54562,23.02121],[120.54617,23.02126],[120.5456,23.02129],[120.54565,23.02056],[120.54459,23.02023],[120.54441,23.02056],[120.54511,23.02093],[120.5441,23.02146],[120.54353,23.02316],[120.54457,23.02196],[120.54493,23.02211],[120.54551,23.02316],[120.54446,23.02211],[120.54362,23.0234],[120.54382,23.02408],[120.54359,23.02502],[120.54382,23.02477],[120.54439,23.02445],[120.54437,23.02398],[120.5446,23.02381],[120.54559,23.02342],[120.54586,23.0237],[120.54447,23.02393],[120.54449,23.02436],[120.5443,23.02454],[120.54385,23.02479],[120.54358,23.02506],[120.54339,23.02575],[120.54292,23.02643],[120.53987,23.02847],[120.53831,23.03009],[120.53846,23.03071],[120.53777,23.03307],[120.53628,23.0357],[120.53556,23.03638],[120.53607,23.03769],[120.53599,23.03791],[120.53573,23.03811],[120.53607,23.03811],[120.53607,23.03823],[120.53568,23.03813],[120.53603,23.0377],[120.53546,23.03669],[120.53497,23.03691],[120.53392,23.03658],[120.53346,23.03635],[120.53307,23.03593],[120.53253,23.0364],[120.53208,23.03757],[120.53139,23.03797],[120.53218,23.03838],[120.53294,23.03973],[120.53721,23.04037],[120.53692,23.04008],[120.53641,23.03991],[120.5356,23.03949],[120.53518,23.03914],[120.53529,23.03833],[120.53558,23.03793],[120.53595,23.0377],[120.53529,23.0385],[120.53524,23.03912],[120.53691,23.04],[120.53759,23.04055],[120.53714,23.03992],[120.53692,23.03919],[120.53702,23.03908],[120.53767,23.03892],[120.53788,23.03856],[120.53809,23.03862],[120.53811,23.03939],[120.5386,23.03964],[120.53894,23.04009],[120.53805,23.0394],[120.53799,23.03859],[120.53771,23.03897],[120.53703,23.03912],[120.53701,23.03938],[120.53766,23.04058],[120.53815,23.04062],[120.53851,23.04194],[120.53963,23.04116],[120.53939,23.04097],[120.53921,23.04072],[120.53885,23.03932],[120.53955,23.04106],[120.53985,23.04127],[120.54044,23.04039],[120.53993,23.04127],[120.53998,23.04123],[120.54078,23.04098],[120.54098,23.04116],[120.54103,23.04137],[120.54198,23.0417],[120.54232,23.04191],[120.54245,23.04204],[120.54098,23.04135],[120.54011,23.04149],[120.54313,23.04393],[120.54343,23.04459],[120.54382,23.04418],[120.54462,23.04382],[120.54487,23.04061],[120.54418,23.03984],[120.54492,23.03451],[120.54366,23.03597],[120.54358,23.03539],[120.54233,23.03541],[120.54232,23.03645],[120.542,23.03682],[120.54275,23.03816],[120.54305,23.03884],[120.54392,23.03848],[120.54304,23.03887],[120.54331,23.03948],[120.54326,23.03977],[120.54377,23.03997],[120.54384,23.04006],[120.54402,23.04039],[120.54432,23.04141],[120.54429,23.04174],[120.54424,23.04188],[120.5443,23.04209],[120.54428,23.04228],[120.54434,23.04234],[120.54434,23.04238],[120.54428,23.04243],[120.54428,23.04247],[120.54432,23.0425],[120.54435,23.04256],[120.54443,23.04291],[120.5445,23.04341],[120.5445,23.04374],[120.54427,23.04243],[120.54433,23.04238],[120.54426,23.04228],[120.54423,23.04186],[120.5443,23.04142],[120.544,23.04039],[120.54324,23.03981],[120.54302,23.03886],[120.54237,23.03946],[120.54303,23.03884],[120.54203,23.03697],[120.54198,23.03681],[120.54208,23.03668],[120.54176,23.0363],[120.54086,23.03728],[120.54096,23.03832],[120.54023,23.03937],[120.54008,23.03944],[120.53999,23.03943],[120.53994,23.03939],[120.5409,23.03837],[120.5408,23.03725],[120.54223,23.03532],[120.54346,23.03535],[120.54499,23.03429],[120.54574,23.03442],[120.55586,23.03096],[120.55663,23.02984],[120.55638,23.02939],[120.55628,23.02862],[120.55618,23.02854],[120.5556,23.02765],[120.55519,23.02732],[120.55471,23.02679],[120.55512,23.02778],[120.55509,23.02819],[120.555,23.02846],[120.55518,23.02853],[120.55529,23.02877],[120.55493,23.02949],[120.55447,23.03007],[120.55415,23.03027],[120.55398,23.03031],[120.55373,23.03025],[120.55336,23.02994],[120.55294,23.02982],[120.55338,23.02991],[120.55383,23.03026],[120.55412,23.03025],[120.55524,23.02884],[120.55492,23.02845],[120.55509,23.02784],[120.55465,23.02677],[120.55477,23.02626],[120.55449,23.02621],[120.55375,23.02495],[120.55448,23.02454],[120.55534,23.0248],[120.55539,23.02407],[120.55389,23.02319],[120.55538,23.02401],[120.55544,23.02418],[120.55544,23.02452],[120.55536,23.02484],[120.5555,23.02486],[120.55566,23.0238],[120.55633,23.02331],[120.55443,23.02241],[120.55385,23.02303],[120.55274,23.0237],[120.55375,23.02298],[120.55306,23.0221],[120.55317,23.02198],[120.55349,23.02186],[120.55361,23.02164],[120.554,23.01952],[120.55351,23.01979],[120.55314,23.01976],[120.55235,23.02144],[120.55197,23.02172],[120.55051,23.02166],[120.55223,23.02151],[120.55306,23.01973],[120.55412,23.01944],[120.55444,23.01871],[120.55264,23.01824],[120.55235,23.01902]],[[120.54402,23.04373],[120.544,23.04407],[120.54379,23.04354],[120.54389,23.0435],[120.54364,23.04324],[120.54369,23.04319],[120.5439,23.04344],[120.54402,23.04373]],[[120.542,23.04015],[120.54141,23.04051],[120.54089,23.04064],[120.54063,23.04063],[120.54051,23.04088],[120.54041,23.04097],[120.5406,23.04061],[120.54134,23.04051],[120.54162,23.04021],[120.542,23.04015]],[[120.54092,23.03937],[120.54089,23.0394],[120.54072,23.03922],[120.54092,23.03937]],[[120.53898,23.03892],[120.53936,23.03897],[120.53996,23.0391],[120.53917,23.03903],[120.5391,23.03901],[120.53902,23.03896],[120.53898,23.03892]],[[120.5387,23.03877],[120.53894,23.039],[120.53816,23.03867],[120.5387,23.03877]],[[120.53982,23.02937],[120.53969,23.02941],[120.53974,23.02931],[120.53982,23.02937]],[[120.54416,23.02863],[120.54435,23.02849],[120.54416,23.02863],[120.5441,23.02873],[120.54395,23.02886],[120.54416,23.02863]],[[120.54416,23.02749],[120.5427,23.02918],[120.54327,23.02849],[120.54283,23.02857],[120.54245,23.02841],[120.54187,23.02872],[120.5416,23.02877],[120.54141,23.02903],[120.54121,23.02909],[120.54156,23.02878],[120.54244,23.02839],[120.54329,23.02844],[120.54416,23.02749]],[[120.54441,23.02725],[120.54434,23.02725],[120.54449,23.02722],[120.54441,23.02725]],[[120.54478,23.02706],[120.54447,23.02698],[120.54473,23.02702],[120.54478,23.02706]],[[120.54671,23.02545],[120.54652,23.02559],[120.54635,23.02563],[120.54671,23.02545]],[[120.5499,23.02032],[120.54941,23.02087],[120.54921,23.02071],[120.5499,23.02032]]],[[[120.53679,23.03438],[120.53617,23.03471],[120.53662,23.035],[120.53679,23.03438]]],[[[120.55033,23.03502],[120.55069,23.03553],[120.55072,23.03551],[120.55068,23.03503],[120.55033,23.03502]]],[[[120.55027,23.03587],[120.55023,23.03608],[120.55038,23.0359],[120.55027,23.03587]]],[[[120.54783,23.03691],[120.548,23.03676],[120.54767,23.03691],[120.54783,23.03691]]],[[[120.55008,23.03685],[120.55043,23.03743],[120.55026,23.0368],[120.55008,23.03685]]],[[[120.53122,23.03934],[120.53095,23.03947],[120.53101,23.03955],[120.53122,23.03934]]],[[[120.54936,23.03649],[120.54642,23.03799],[120.54568,23.03977],[120.54894,23.04167],[120.54886,23.0426],[120.55027,23.04324],[120.55006,23.04284],[120.55153,23.04178],[120.55472,23.04062],[120.55519,23.04083],[120.55477,23.03935],[120.55339,23.03797],[120.55338,23.03737],[120.55171,23.03823],[120.55174,23.0384],[120.55111,23.03846],[120.55338,23.03731],[120.55327,23.03666],[120.55256,23.03681],[120.55163,23.03668],[120.55141,23.03778],[120.55152,23.03678],[120.55057,23.03685],[120.55067,23.03759],[120.5501,23.03806],[120.54909,23.03745],[120.55005,23.03748],[120.54946,23.03688],[120.5499,23.03651],[120.54936,23.03649]],[[120.54935,23.04123],[120.54933,23.04136],[120.54939,23.04114],[120.54935,23.04123]],[[120.55123,23.03923],[120.5514,23.0391],[120.5509,23.03918],[120.55123,23.03923]],[[120.55101,23.03854],[120.55032,23.03963],[120.551,23.04075],[120.55098,23.0408],[120.55029,23.03964],[120.54997,23.04008],[120.55101,23.03854]],[[120.55221,23.03838],[120.55224,23.03849],[120.55217,23.0384],[120.55221,23.03838]],[[120.55232,23.03797],[120.55228,23.03796],[120.55231,23.03795],[120.55232,23.03797]],[[120.55113,23.03743],[120.55101,23.03722],[120.55118,23.03725],[120.55113,23.03743]],[[120.5491,23.03716],[120.54941,23.0368],[120.5494,23.03704],[120.5491,23.03716]],[[120.54944,23.03679],[120.54932,23.03658],[120.54938,23.03656],[120.54944,23.03679]]],[[[120.53093,23.04],[120.53085,23.0397],[120.53085,23.03998],[120.53093,23.04]]],[[[120.53994,23.04129],[120.54095,23.04132],[120.54096,23.04118],[120.53994,23.04129]]],[[[120.5398,23.0417],[120.53947,23.04169],[120.53942,23.04184],[120.5398,23.0417]]],[[[120.53933,23.04272],[120.53911,23.04306],[120.53914,23.04309],[120.53933,23.04272]]],[[[120.53913,23.04329],[120.53917,23.0435],[120.53921,23.04328],[120.53913,23.04329]]],[[[120.54016,23.04165],[120.53908,23.0422],[120.53972,23.04231],[120.53965,23.04299],[120.54016,23.04293],[120.53919,23.04497],[120.54023,23.04467],[120.53853,23.04518],[120.5384,23.04587],[120.54043,23.04589],[120.5409,23.04542],[120.54095,23.04577],[120.54198,23.0452],[120.54031,23.04529],[120.54207,23.04463],[120.54294,23.04484],[120.54302,23.04462],[120.54316,23.04451],[120.54329,23.04449],[120.54339,23.0446],[120.54308,23.04394],[120.54026,23.04163],[120.53989,23.04138],[120.54016,23.04165]]],[[[120.53928,23.04414],[120.53908,23.04365],[120.53903,23.04427],[120.53928,23.04414]]],[[[120.53871,23.04446],[120.53879,23.04466],[120.5389,23.0444],[120.53871,23.04446]]],[[[120.54378,23.04544],[120.54427,23.04408],[120.54346,23.04465],[120.54378,23.04544]]],[[[120.53905,23.04477],[120.5388,23.04491],[120.53896,23.04496],[120.53905,23.04477]]],[[[120.54302,23.04488],[120.54171,23.04503],[120.54201,23.04517],[120.542,23.0454],[120.54371,23.04559],[120.54325,23.04453],[120.54302,23.04488]]],[[[120.54484,23.04386],[120.54381,23.04548],[120.54454,23.04744],[120.54537,23.04668],[120.54466,23.04491],[120.54484,23.04386]]],[[[120.5439,23.04663],[120.54386,23.04746],[120.54447,23.04737],[120.54383,23.04563],[120.54325,23.04577],[120.5439,23.04663]]],[[[120.5446,23.04781],[120.54445,23.04749],[120.54395,23.04766],[120.5446,23.04781]]],[[[120.54477,23.04804],[120.54488,23.04833],[120.54507,23.04842],[120.54477,23.04804]]],[[[120.54459,23.04745],[120.54529,23.04866],[120.54543,23.04944],[120.54508,23.05044],[120.54539,23.05039],[120.54628,23.04976],[120.54578,23.04702],[120.54533,23.04676],[120.54459,23.04745]]],[[[120.54462,23.04998],[120.54506,23.04985],[120.54518,23.04946],[120.54452,23.04942],[120.54462,23.04998]]],[[[120.53147,23.04994],[120.53052,23.05256],[120.53068,23.05261],[120.53086,23.05273],[120.53145,23.05266],[120.53125,23.05239],[120.53117,23.05196],[120.53123,23.05179],[120.53227,23.05188],[120.53193,23.05196],[120.53194,23.05244],[120.53121,23.05191],[120.53198,23.05333],[120.53133,23.05268],[120.53106,23.05334],[120.53036,23.05255],[120.53028,23.05312],[120.52852,23.05452],[120.52999,23.05577],[120.53315,23.05725],[120.5326,23.05629],[120.5323,23.05338],[120.53357,23.05092],[120.53147,23.04994]],[[120.5324,23.05228],[120.53197,23.05266],[120.53219,23.05204],[120.5324,23.05228]],[[120.53117,23.05174],[120.53088,23.05181],[120.53112,23.05168],[120.53117,23.05174]],[[120.53323,23.05128],[120.53292,23.05158],[120.53271,23.0517],[120.53261,23.05191],[120.53246,23.05202],[120.5327,23.05168],[120.53323,23.05128]]],[[[120.55575,22.97852],[120.55575,22.97818],[120.5555,22.97834],[120.55575,22.97852]]],[[[120.55732,22.98058],[120.55747,22.9805],[120.55757,22.98037],[120.55732,22.98058]]],[[[120.55952,22.98248],[120.55942,22.98272],[120.55979,22.98236],[120.55952,22.98248]]],[[[120.55936,22.98297],[120.55931,22.98304],[120.55937,22.98303],[120.55936,22.98297]]],[[[120.55171,22.99821],[120.5519,22.99862],[120.55187,22.99821],[120.55171,22.99821]]],[[[120.5524,22.999],[120.5521,22.99943],[120.55286,22.99973],[120.5524,22.999]]],[[[120.55131,22.99977],[120.55196,22.99966],[120.55208,22.99899],[120.55139,22.99895],[120.55131,22.99977]]],[[[120.55813,23.00022],[120.55884,23.00028],[120.55953,22.99974],[120.55803,22.99919],[120.55813,23.00022]]],[[[120.55732,23.00058],[120.5578,23.0006],[120.55783,23.00102],[120.55854,23.00124],[120.55871,23.00158],[120.55922,23.00078],[120.55815,23.00034],[120.55796,22.99973],[120.55732,23.00058]]],[[[120.55302,23.00002],[120.55245,23.00073],[120.5531,23.00135],[120.55328,23.00048],[120.55302,23.00002]]],[[[120.55347,22.99965],[120.5543,23.00214],[120.55634,23.00329],[120.55618,23.00275],[120.55671,23.00143],[120.5565,23.00147],[120.55616,23.00129],[120.55526,23.00011],[120.55383,23.0001],[120.55347,22.99965]]],[[[120.55318,23.00149],[120.55272,23.0019],[120.55293,23.00244],[120.5542,23.00209],[120.55331,23.00052],[120.55318,23.00149]]],[[[120.55724,23.00001],[120.55534,23.00011],[120.55678,23.00142],[120.55638,23.00332],[120.55748,23.00365],[120.55752,23.0033],[120.55793,23.00258],[120.55805,23.0025],[120.55782,23.00163],[120.55789,23.00115],[120.55714,23.00045],[120.55724,23.00001]]],[[[120.55866,23.00165],[120.55789,23.00134],[120.55811,23.0025],[120.55866,23.00165]]],[[[120.55796,23.0026],[120.55801,23.00265],[120.55808,23.00254],[120.55796,23.0026]]],[[[120.55309,23.00324],[120.55333,23.00326],[120.55335,23.00319],[120.55309,23.00324]]],[[[120.55161,23.00318],[120.55173,23.0034],[120.552,23.0032],[120.55161,23.00318]]],[[[120.55583,23.01393],[120.55611,23.01344],[120.55539,23.01445],[120.55562,23.01555],[120.55583,23.01393]]],[[[120.55517,23.01465],[120.55531,23.01485],[120.55538,23.01439],[120.55517,23.01465]]],[[[120.55605,23.01566],[120.55622,23.01486],[120.55588,23.01428],[120.55564,23.0156],[120.55605,23.01566]]],[[[120.55535,23.01577],[120.55521,23.01576],[120.55522,23.01584],[120.55535,23.01577]]],[[[120.55522,23.01595],[120.55523,23.01686],[120.55538,23.01598],[120.55559,23.01565],[120.55522,23.01595]]],[[[120.55477,23.01661],[120.55469,23.01651],[120.55459,23.01661],[120.55477,23.01661]]],[[[120.55431,23.01695],[120.5544,23.01693],[120.55436,23.01689],[120.55431,23.01695]]],[[[120.55374,23.01781],[120.553,23.01818],[120.55456,23.01864],[120.55458,23.01853],[120.55473,23.01842],[120.55531,23.01824],[120.5554,23.01805],[120.55536,23.01776],[120.55507,23.01721],[120.55507,23.01695],[120.5548,23.01696],[120.55374,23.01781]],[[120.55441,23.01735],[120.55466,23.01724],[120.55463,23.01744],[120.55441,23.01735]],[[120.5553,23.01768],[120.55469,23.01765],[120.55481,23.01723],[120.55505,23.01725],[120.5553,23.01768]]],[[[120.55443,23.01912],[120.55358,23.02178],[120.55349,23.0219],[120.5531,23.02209],[120.55375,23.02295],[120.55426,23.02071],[120.55512,23.01963],[120.55443,23.01912]]],[[[120.56112,23.02216],[120.561,23.02213],[120.56088,23.02217],[120.56112,23.02216]]],[[[120.56002,23.02253],[120.56,23.02255],[120.56002,23.02255],[120.56002,23.02253]]],[[[120.55549,23.02492],[120.5553,23.02523],[120.5554,23.02526],[120.55549,23.02492]]],[[[120.55537,23.02489],[120.55395,23.0251],[120.55481,23.02579],[120.55479,23.02597],[120.55537,23.02489]]],[[[120.55577,23.02383],[120.55547,23.02534],[120.5552,23.02539],[120.55533,23.02555],[120.55585,23.02694],[120.55584,23.02661],[120.556,23.02625],[120.55588,23.02573],[120.55592,23.02569],[120.55628,23.02784],[120.55651,23.02742],[120.55661,23.02732],[120.55679,23.02726],[120.55686,23.02715],[120.55687,23.02717],[120.55634,23.02789],[120.55666,23.02973],[120.55645,23.03035],[120.5571,23.03002],[120.55665,23.02807],[120.55753,23.02662],[120.55756,23.02542],[120.5565,23.0234],[120.55577,23.02383]]],[[[120.55476,23.02602],[120.55461,23.02616],[120.55487,23.02625],[120.5547,23.02677],[120.55564,23.02764],[120.55625,23.02855],[120.55591,23.0276],[120.55573,23.02663],[120.55529,23.0256],[120.55491,23.02598],[120.55476,23.02602]]],[[[120.55638,23.02851],[120.55632,23.02788],[120.55624,23.02782],[120.55601,23.0271],[120.55589,23.02707],[120.55638,23.02851]]],[[[120.55929,23.0303],[120.55866,23.03228],[120.5592,23.03307],[120.56003,23.0318],[120.55983,23.03015],[120.55929,23.0303]]],[[[120.55934,23.03344],[120.55855,23.03249],[120.55794,23.03309],[120.55851,23.034],[120.55934,23.03344]]],[[[120.55699,23.03654],[120.55759,23.03643],[120.55753,23.03626],[120.55751,23.03599],[120.55693,23.03639],[120.55659,23.03631],[120.55699,23.03654]]],[[[120.55063,23.03591],[120.55074,23.03681],[120.5516,23.0366],[120.55269,23.0367],[120.55278,23.03657],[120.55155,23.0363],[120.55063,23.03591]]],[[[120.55282,23.03652],[120.5534,23.03627],[120.55282,23.03623],[120.55282,23.03652]]],[[[120.55646,23.03666],[120.55591,23.03662],[120.55603,23.03686],[120.55646,23.03666]]],[[[120.55892,23.03743],[120.55933,23.03778],[120.55905,23.03733],[120.55892,23.03743]]],[[[120.55932,23.03804],[120.55854,23.0376],[120.5585,23.03809],[120.55932,23.03804]]],[[[120.55837,23.03789],[120.55838,23.03797],[120.55839,23.03798],[120.55837,23.03789]]],[[[120.55948,23.03827],[120.55815,23.03804],[120.55798,23.03807],[120.5588,23.03878],[120.55948,23.03827]]],[[[120.56047,23.03819],[120.55992,23.03897],[120.56033,23.03898],[120.56047,23.03819]]],[[[120.55883,23.03976],[120.55792,23.03874],[120.55642,23.03928],[120.55676,23.03998],[120.55883,23.03976]]],[[[120.55872,23.03927],[120.55855,23.03944],[120.55862,23.03951],[120.55872,23.03927]]],[[[120.55619,23.04041],[120.5552,23.03858],[120.55504,23.03866],[120.55582,23.0405],[120.55619,23.04041]]],[[[120.55894,23.03994],[120.55906,23.03968],[120.55886,23.0398],[120.55894,23.03994]]],[[[120.55961,23.03963],[120.55954,23.04003],[120.55962,23.04005],[120.55961,23.03963]]],[[[120.56013,23.04011],[120.55971,23.04036],[120.56021,23.04034],[120.56013,23.04011]]],[[[120.56408,22.95008],[120.56445,22.95016],[120.56492,22.94983],[120.56432,22.94966],[120.56408,22.95008]]],[[[120.56375,22.95017],[120.56384,22.95084],[120.56423,22.95024],[120.56375,22.95017]]],[[[120.56368,22.95136],[120.56354,22.95063],[120.56306,22.95069],[120.56319,22.95182],[120.56368,22.95136]]],[[[120.56371,22.95163],[120.56336,22.95184],[120.56361,22.95223],[120.56375,22.95216],[120.56371,22.95163]]],[[[120.56283,22.95219],[120.56317,22.95245],[120.56342,22.95228],[120.56341,22.95219],[120.56283,22.95219]]],[[[120.56251,22.95237],[120.56204,22.95352],[120.56226,22.95351],[120.56258,22.95366],[120.56343,22.95259],[120.56251,22.95237]]],[[[120.56133,22.95348],[120.56189,22.95331],[120.56145,22.95311],[120.56133,22.95348]]],[[[120.52828,22.92767],[120.52925,22.92879],[120.53037,22.9317],[120.5271,22.92728],[120.52752,22.92845],[120.52955,22.93081],[120.52998,22.9317],[120.52982,22.93296],[120.53072,22.93437],[120.53263,22.93534],[120.53306,22.93817],[120.53273,22.93892],[120.53396,22.94058],[120.53615,22.94063],[120.53603,22.94156],[120.53562,22.94146],[120.53633,22.9421],[120.53591,22.94258],[120.53615,22.94321],[120.53551,22.9435],[120.53595,22.94361],[120.53562,22.94433],[120.53594,22.94475],[120.53426,22.94498],[120.53399,22.9452],[120.53453,22.94585],[120.53667,22.9466],[120.53771,22.94851],[120.53934,22.94871],[120.53946,22.95092],[120.54121,22.95216],[120.54055,22.9553],[120.5413,22.95673],[120.54106,22.95767],[120.54194,22.95863],[120.54265,22.95854],[120.54248,22.95896],[120.5437,22.96141],[120.5434,22.96145],[120.54497,22.96229],[120.54477,22.96256],[120.54642,22.96465],[120.54582,22.96492],[120.54622,22.96564],[120.54668,22.9656],[120.54744,22.96671],[120.54781,22.96657],[120.54842,22.96752],[120.54822,22.96791],[120.54885,22.96824],[120.5517,22.96846],[120.55182,22.96906],[120.55239,22.96881],[120.55299,22.97013],[120.55349,22.96984],[120.5538,22.97089],[120.55422,22.97073],[120.55542,22.97152],[120.5553,22.97209],[120.55735,22.97155],[120.55747,22.97211],[120.55822,22.97201],[120.5567,22.97321],[120.55685,22.97368],[120.55631,22.97339],[120.55576,22.97421],[120.55617,22.97443],[120.55512,22.97464],[120.55748,22.97613],[120.55828,22.97723],[120.55803,22.9776],[120.56027,22.97763],[120.56127,22.97851],[120.56214,22.97821],[120.56402,22.97685],[120.56402,22.97547],[120.56472,22.9751],[120.56454,22.97474],[120.56379,22.97459],[120.56338,22.97446],[120.56332,22.97438],[120.56457,22.97472],[120.56522,22.97557],[120.56619,22.97588],[120.56727,22.97521],[120.56815,22.97501],[120.56836,22.9751],[120.56539,22.97651],[120.56597,22.97599],[120.5649,22.97545],[120.56415,22.97574],[120.56483,22.97662],[120.56471,22.97741],[120.56393,22.97803],[120.56348,22.97795],[120.56411,22.97831],[120.56421,22.97915],[120.56344,22.97984],[120.56238,22.97992],[120.56228,22.98063],[120.56325,22.98161],[120.56367,22.98128],[120.56354,22.98158],[120.56239,22.98195],[120.56136,22.98143],[120.56044,22.98219],[120.5603,22.98167],[120.55923,22.98129],[120.55944,22.98201],[120.56016,22.98235],[120.55972,22.98325],[120.56079,22.98321],[120.56192,22.98353],[120.56156,22.98357],[120.56176,22.98394],[120.56059,22.98331],[120.55936,22.98353],[120.55904,22.9849],[120.56045,22.9843],[120.55965,22.98483],[120.5602,22.98524],[120.56271,22.98438],[120.56338,22.98579],[120.56423,22.98557],[120.5622,22.98277],[120.56248,22.98238],[120.56398,22.9846],[120.56554,22.98536],[120.56539,22.98604],[120.56706,22.98736],[120.56799,22.98631],[120.56818,22.98809],[120.56839,22.98752],[120.56891,22.98793],[120.57002,22.98766],[120.56999,22.98876],[120.57137,22.98936],[120.57202,22.99081],[120.57225,22.99023],[120.57377,22.98981],[120.5745,22.9909],[120.57297,22.9916],[120.57306,22.99215],[120.57347,22.99205],[120.57316,22.99257],[120.57367,22.99267],[120.574,22.99165],[120.57434,22.99206],[120.57469,22.99179],[120.5747,22.99082],[120.57476,22.99132],[120.57549,22.99047],[120.57679,22.99084],[120.57706,22.99165],[120.57617,22.99173],[120.57547,22.99243],[120.57553,22.9931],[120.57544,22.99291],[120.57504,22.99273],[120.57442,22.99309],[120.57518,22.99281],[120.57528,22.99376],[120.57597,22.99344],[120.57712,22.99386],[120.57645,22.99398],[120.5774,22.995],[120.57678,22.99504],[120.57683,22.99522],[120.57923,22.99514],[120.57951,22.99549],[120.57899,22.99601],[120.57828,22.99563],[120.57847,22.99604],[120.57991,22.9965],[120.58083,22.99625],[120.57975,22.9973],[120.57936,22.99804],[120.58007,22.99964],[120.57936,23.00023],[120.57986,23.0003],[120.57965,23.00163],[120.5804,23.00312],[120.58131,23.00337],[120.58167,23.00303],[120.58105,23.00318],[120.58087,23.00317],[120.58536,23.00085],[120.5852,23.00031],[120.58522,23.00021],[120.58537,23.00002],[120.58539,23.00086],[120.58602,23.00072],[120.58304,23.00222],[120.58279,23.00262],[120.58334,23.00289],[120.58245,23.0025],[120.58157,23.00351],[120.58227,23.00413],[120.58012,23.00316],[120.57867,23.00119],[120.57813,23.00121],[120.57781,23.00112],[120.57748,23.00117],[120.57705,23.00116],[120.57603,23.001],[120.57543,23.00103],[120.57582,23.00097],[120.5764,23.00104],[120.57593,23.00081],[120.57337,23.00088],[120.57368,23.00144],[120.57419,23.00169],[120.57428,23.00178],[120.57434,23.00251],[120.57542,23.00359],[120.57432,23.00255],[120.57425,23.00179],[120.57366,23.00147],[120.57338,23.00098],[120.56939,23.00037],[120.56597,22.99821],[120.56742,23.00084],[120.57234,23.00305],[120.57214,23.00192],[120.57344,23.00383],[120.57703,23.00594],[120.57784,23.00716],[120.57718,23.0087],[120.5775,23.00963],[120.57819,23.00976],[120.57831,23.00849],[120.57845,23.00856],[120.57861,23.00937],[120.57872,23.00856],[120.57879,23.00886],[120.57901,23.0085],[120.58079,23.00624],[120.57804,23.0047],[120.57715,23.00451],[120.5757,23.00393],[120.57558,23.00378],[120.57809,23.00467],[120.58083,23.00619],[120.58148,23.00522],[120.58215,23.00601],[120.58137,23.00458],[120.5816,23.0049],[120.58155,23.00431],[120.58163,23.00414],[120.58208,23.00427],[120.58158,23.00451],[120.58219,23.006],[120.58313,23.00612],[120.58318,23.00567],[120.58319,23.00618],[120.5829,23.00669],[120.58379,23.00694],[120.58443,23.00852],[120.58377,23.00698],[120.58312,23.0069],[120.58282,23.00663],[120.58275,23.00679],[120.58229,23.00715],[120.58232,23.00727],[120.58218,23.00736],[120.58226,23.00713],[120.5831,23.00615],[120.58217,23.00603],[120.5815,23.00758],[120.58209,23.01027],[120.58251,23.00985],[120.58213,23.01041],[120.5827,23.01271],[120.58269,23.01318],[120.58261,23.01345],[120.58281,23.01407],[120.58285,23.01441],[120.58281,23.0146],[120.58464,23.01472],[120.5858,23.01374],[120.58475,23.01206],[120.58494,23.01101],[120.58543,23.01083],[120.58614,23.00875],[120.58733,23.00768],[120.58713,23.00729],[120.58714,23.00709],[120.587,23.00687],[120.58707,23.00645],[120.58719,23.00628],[120.58733,23.0063],[120.58727,23.006],[120.58741,23.00594],[120.58723,23.00564],[120.58719,23.00521],[120.58698,23.00502],[120.58711,23.00473],[120.58693,23.00472],[120.58689,23.00462],[120.58715,23.00441],[120.5871,23.00431],[120.58666,23.00447],[120.58657,23.00439],[120.58707,23.00427],[120.58709,23.00354],[120.58756,23.0035],[120.58753,23.00305],[120.58805,23.00261],[120.58781,23.00241],[120.58789,23.00221],[120.58829,23.00217],[120.58809,23.0016],[120.58736,23.00168],[120.58795,23.00129],[120.58829,23.00166],[120.58826,23.00195],[120.58841,23.00228],[120.58791,23.00231],[120.58815,23.00266],[120.58756,23.00315],[120.5881,23.00374],[120.58819,23.00416],[120.58942,23.00408],[120.58953,23.00432],[120.59112,23.00403],[120.58953,23.00428],[120.59104,23.00379],[120.59077,23.00359],[120.59011,23.00369],[120.58972,23.00386],[120.58937,23.00384],[120.58909,23.00334],[120.58916,23.00295],[120.58839,23.00221],[120.58827,23.00186],[120.58915,23.00282],[120.58944,23.00264],[120.58975,23.00271],[120.58995,23.00301],[120.59086,23.00258],[120.5909,23.00279],[120.59119,23.00276],[120.59182,23.0031],[120.59223,23.00356],[120.59259,23.00366],[120.59241,23.00312],[120.59234,23.0025],[120.59234,23.00221],[120.59245,23.00189],[120.59161,23.00137],[120.59121,23.00156],[120.59108,23.00129],[120.58857,23.00034],[120.5878,23.00049],[120.5881,23.00085],[120.58798,23.00092],[120.58742,23.00089],[120.58714,23.00075],[120.58685,23.00079],[120.58655,23.00053],[120.58864,22.99999],[120.58866,22.9996],[120.58872,23.0],[120.59167,23.00119],[120.59272,22.99811],[120.5932,22.99464],[120.59569,22.99474],[120.60144,22.99194],[120.60377,22.98834],[120.60672,22.98585],[120.60698,22.98412],[120.60663,22.98341],[120.60403,22.98178],[120.60353,22.98224],[120.60317,22.98241],[120.60243,22.98258],[120.60212,22.98258],[120.60234,22.98301],[120.60226,22.98413],[120.60215,22.98448],[120.60199,22.98475],[120.60229,22.98299],[120.60167,22.98235],[120.60207,22.98248],[120.60241,22.98189],[120.60214,22.98152],[120.60216,22.98105],[120.60165,22.98031],[120.60164,22.9801],[120.60174,22.97989],[120.6014,22.97961],[120.60142,22.97899],[120.60153,22.97889],[120.60114,22.97869],[120.60018,22.97352],[120.59765,22.97273],[120.5931,22.97322],[120.59034,22.97491],[120.58774,22.97353],[120.58698,22.97336],[120.58679,22.97359],[120.58622,22.97349],[120.58502,22.97496],[120.58462,22.9766],[120.58476,22.97707],[120.58477,22.97785],[120.585,22.97829],[120.58584,22.9787],[120.58496,22.97831],[120.58474,22.97785],[120.58462,22.97673],[120.58435,22.97823],[120.58296,22.97904],[120.58293,22.97947],[120.58285,22.97973],[120.58253,22.98031],[120.58294,22.97903],[120.57943,22.97856],[120.57754,22.97765],[120.57603,22.9777],[120.57503,22.9773],[120.57504,22.97692],[120.57222,22.97628],[120.57142,22.97498],[120.56905,22.97481],[120.56849,22.9706],[120.56923,22.96999],[120.57069,22.96634],[120.57048,22.96593],[120.56907,22.96586],[120.56934,22.96539],[120.56894,22.96456],[120.56733,22.9642],[120.56583,22.96277],[120.56691,22.96195],[120.56724,22.96079],[120.56687,22.95976],[120.56294,22.95491],[120.56252,22.95376],[120.56044,22.95348],[120.56032,22.95219],[120.55735,22.95043],[120.55577,22.95071],[120.54889,22.94889],[120.54222,22.9422],[120.53942,22.94001],[120.53799,22.93994],[120.53728,22.93872],[120.53531,22.9388],[120.5358,22.93679],[120.53425,22.93695],[120.53475,22.93661],[120.53425,22.93584],[120.5343,22.93471],[120.53298,22.93293],[120.53238,22.93242],[120.53056,22.9327],[120.53078,22.93178],[120.53,22.92979],[120.52828,22.92739],[120.52853,22.92489],[120.52784,22.92633],[120.52828,22.92767]],[[120.58007,22.99971],[120.58008,22.99978],[120.58001,22.99985],[120.58007,22.99971]],[[120.59082,23.00381],[120.59023,23.00397],[120.59012,23.00371],[120.59056,23.00365],[120.59082,23.00381]],[[120.58324,23.01159],[120.58306,23.012],[120.58299,23.01141],[120.58324,23.01159]],[[120.58132,23.00452],[120.58096,23.00462],[120.58118,23.00445],[120.58132,23.00452]],[[120.58653,23.00408],[120.58599,23.00469],[120.58636,23.00503],[120.58634,23.00536],[120.58506,23.0062],[120.58352,23.00628],[120.58323,23.00619],[120.58351,23.00624],[120.58401,23.0061],[120.58378,23.00578],[120.58374,23.00611],[120.58334,23.00617],[120.58377,23.00572],[120.58504,23.00616],[120.5863,23.00532],[120.58596,23.00466],[120.58629,23.00418],[120.58653,23.00408]],[[120.58991,23.00381],[120.5902,23.00396],[120.59,23.00401],[120.58991,23.00381]],[[120.58337,23.00288],[120.58424,23.00427],[120.5848,23.00427],[120.58516,23.00432],[120.58424,23.00429],[120.58391,23.00404],[120.58352,23.00336],[120.58337,23.00288]],[[120.57432,23.00296],[120.5742,23.00259],[120.5744,23.00269],[120.57432,23.00296]],[[120.57548,23.00174],[120.57526,23.00205],[120.57506,23.00223],[120.57509,23.00186],[120.57518,23.00175],[120.57548,23.00174]],[[120.59057,23.00196],[120.59057,23.00172],[120.59064,23.00166],[120.59057,23.00196]],[[120.59079,23.00134],[120.5905,23.0018],[120.59043,23.00192],[120.59035,23.00179],[120.59079,23.00134]],[[120.59062,23.00135],[120.59065,23.00139],[120.59054,23.00132],[120.59062,23.00135]],[[120.59054,23.00132],[120.59047,23.0013],[120.59047,23.0013],[120.59054,23.00132]],[[120.57619,23.00133],[120.57556,23.00133],[120.57465,23.00143],[120.57537,23.00127],[120.57619,23.00133]],[[120.57511,23.00123],[120.57403,23.00156],[120.57385,23.0015],[120.57422,23.00121],[120.57511,23.00123]],[[120.58582,23.00115],[120.58694,23.00175],[120.5861,23.00152],[120.58582,23.00115]],[[120.5809,23.00052],[120.58087,23.00054],[120.58089,23.00052],[120.5809,23.00052]],[[120.58922,22.9979],[120.58874,22.99873],[120.58877,22.99888],[120.58871,22.99902],[120.58872,22.99848],[120.58922,22.9979]],[[120.57998,22.99747],[120.57985,22.99811],[120.58023,22.99828],[120.58006,22.99904],[120.57953,22.99798],[120.57998,22.99747]],[[120.58851,22.99656],[120.58891,22.99698],[120.5889,22.99718],[120.58843,22.99681],[120.58851,22.99656]],[[120.58859,22.99552],[120.58891,22.99634],[120.58867,22.99644],[120.58859,22.99552]],[[120.58837,22.99514],[120.58813,22.99489],[120.58811,22.99475],[120.58834,22.99491],[120.58837,22.99514]],[[120.58736,22.99441],[120.58716,22.99417],[120.58746,22.99442],[120.58736,22.99441]],[[120.58792,22.99326],[120.5879,22.99314],[120.58792,22.9931],[120.58792,22.99326]],[[120.57752,22.99185],[120.57732,22.9915],[120.57774,22.99149],[120.57752,22.99185]],[[120.59195,22.99074],[120.59133,22.99094],[120.59117,22.99102],[120.59164,22.99073],[120.59195,22.99074]],[[120.57771,22.99137],[120.57702,22.99096],[120.57762,22.99058],[120.57777,22.99069],[120.57771,22.99137]],[[120.579,22.99093],[120.578,22.99188],[120.57756,22.99187],[120.57786,22.99156],[120.57801,22.99091],[120.57852,22.9911],[120.57879,22.99046],[120.579,22.99093]],[[120.59313,22.98998],[120.5932,22.98993],[120.5931,22.99018],[120.59313,22.98998]],[[120.58954,22.98999],[120.58954,22.99009],[120.58936,22.9902],[120.58961,22.99025],[120.58944,22.99068],[120.58927,22.99018],[120.58949,22.99001],[120.58929,22.99003],[120.58905,22.98982],[120.58954,22.98999]],[[120.57855,22.98972],[120.57841,22.98994],[120.57837,22.98989],[120.57855,22.98972]],[[120.59579,22.98926],[120.59571,22.98941],[120.59566,22.98937],[120.59579,22.98926]],[[120.59829,22.98701],[120.5984,22.98702],[120.59836,22.98709],[120.59829,22.98701]],[[120.5984,22.98677],[120.59851,22.9868],[120.59838,22.98684],[120.5984,22.98677]],[[120.56595,22.98626],[120.56621,22.98564],[120.56654,22.98558],[120.56595,22.98626]],[[120.56542,22.98475],[120.56491,22.9846],[120.56544,22.98463],[120.56542,22.98475]],[[120.56085,22.98272],[120.56113,22.98314],[120.56052,22.98322],[120.56085,22.98272]],[[120.56348,22.9824],[120.56274,22.9825],[120.56268,22.98213],[120.56319,22.98209],[120.56348,22.9824]],[[120.58709,22.97765],[120.58736,22.97794],[120.5868,22.97745],[120.58709,22.97765]],[[120.55665,22.9754],[120.55692,22.97549],[120.5568,22.97559],[120.55665,22.9754]],[[120.55988,22.97193],[120.55914,22.97199],[120.55951,22.97166],[120.55954,22.97189],[120.55988,22.97193]],[[120.56054,22.97179],[120.56075,22.97154],[120.56106,22.97165],[120.56094,22.9718],[120.56054,22.97179]],[[120.56076,22.97142],[120.56009,22.97173],[120.55955,22.97179],[120.55985,22.97127],[120.56076,22.97142]],[[120.56215,22.9694],[120.56263,22.96917],[120.56284,22.96966],[120.56251,22.96975],[120.56215,22.9694]],[[120.54631,22.9584],[120.54684,22.95817],[120.54722,22.9583],[120.54652,22.95866],[120.54631,22.9584]],[[120.54743,22.95616],[120.54804,22.95629],[120.54787,22.9566],[120.54743,22.95616]],[[120.54344,22.95589],[120.5432,22.95558],[120.54404,22.95519],[120.54407,22.95547],[120.54344,22.95589]],[[120.54054,22.94813],[120.53934,22.94838],[120.5393,22.94827],[120.54046,22.94773],[120.54054,22.94813]],[[120.5406,22.94766],[120.54083,22.94768],[120.54075,22.94774],[120.5406,22.94766]],[[120.53922,22.94533],[120.53787,22.94629],[120.53757,22.94585],[120.53885,22.94485],[120.53922,22.94533]],[[120.53439,22.93833],[120.53389,22.93739],[120.53415,22.93702],[120.53538,22.9377],[120.53439,22.93833]],[[120.52994,22.93215],[120.53061,22.93217],[120.53006,22.93256],[120.52994,22.93215]]],[[[120.56332,22.97766],[120.56408,22.97779],[120.56446,22.97742],[120.56332,22.97766]]],[[[120.56905,22.9904],[120.56903,22.99051],[120.5696,22.98989],[120.56905,22.9904]]],[[[120.56863,22.99077],[120.56774,22.99044],[120.56769,22.99061],[120.56863,22.99077]]],[[[120.57413,22.99205],[120.57388,22.9923],[120.57368,22.99284],[120.57474,22.99265],[120.57413,22.99205]]],[[[120.56929,22.99599],[120.56781,22.99522],[120.56779,22.99585],[120.56851,22.99631],[120.56843,22.9965],[120.56903,22.99748],[120.57178,22.99997],[120.57116,22.99959],[120.57163,23.00018],[120.57283,22.99973],[120.57068,22.99865],[120.56922,22.99704],[120.56929,22.99599]],[[120.56876,22.99694],[120.56854,22.9964],[120.5688,22.99693],[120.56876,22.99694]]],[[[120.5747,22.99838],[120.57464,22.99861],[120.57472,22.9986],[120.5747,22.99838]]],[[[120.57143,22.99996],[120.57126,22.99997],[120.57148,22.99999],[120.57143,22.99996]]],[[[120.56279,23.0005],[120.56272,23.00035],[120.5627,23.00043],[120.56279,23.0005]]],[[[120.56276,23.00063],[120.56321,23.00071],[120.56329,23.00067],[120.56276,23.00063]]],[[[120.56534,23.0016],[120.56526,23.00156],[120.56537,23.00161],[120.56534,23.0016]]],[[[120.566,23.00111],[120.56559,23.00143],[120.56608,23.00222],[120.56878,23.00522],[120.5693,23.0049],[120.56888,23.0043],[120.56854,23.00338],[120.566,23.00111]]],[[[120.56914,23.00434],[120.56932,23.00413],[120.56898,23.00428],[120.56914,23.00434]]],[[[120.56926,23.00459],[120.56951,23.00441],[120.56946,23.00435],[120.56926,23.00459]]],[[[120.57012,23.00476],[120.56975,23.00468],[120.57007,23.00485],[120.57012,23.00476]]],[[[120.56994,23.00411],[120.57033,23.00493],[120.56949,23.00477],[120.56887,23.00531],[120.57153,23.00827],[120.57318,23.00882],[120.57251,23.0061],[120.5716,23.00519],[120.56994,23.00411]]],[[[120.56925,23.00835],[120.56849,23.00963],[120.56862,23.00992],[120.56925,23.00835]]],[[[120.56978,23.00641],[120.56962,23.00795],[120.56865,23.00995],[120.56898,23.01079],[120.56925,23.01048],[120.56965,23.01026],[120.56901,23.01101],[120.5677,23.01139],[120.56737,23.01229],[120.56695,23.01285],[120.56607,23.01338],[120.56941,23.0131],[120.56923,23.01422],[120.57,23.01421],[120.57005,23.01299],[120.56956,23.01307],[120.5707,23.01083],[120.57304,23.00917],[120.57306,23.00884],[120.57149,23.0083],[120.56978,23.00641]]],[[[120.56847,23.0102],[120.56839,23.00991],[120.56763,23.01042],[120.56728,23.01099],[120.56771,23.01061],[120.56847,23.0102]]],[[[120.56896,23.01081],[120.56845,23.01025],[120.56773,23.01061],[120.56685,23.01149],[120.56896,23.01081]]],[[[120.56564,23.01096],[120.5655,23.01096],[120.56589,23.01105],[120.56564,23.01096]]],[[[120.56684,23.0114],[120.56607,23.01113],[120.56647,23.01141],[120.56684,23.0114]]],[[[120.56543,23.01148],[120.56644,23.01149],[120.56535,23.01112],[120.56531,23.01157],[120.56543,23.01148]]],[[[120.5652,23.01171],[120.56516,23.01276],[120.56512,23.01298],[120.56524,23.01257],[120.5652,23.01171]]],[[[120.56534,23.01156],[120.5653,23.01286],[120.56468,23.01335],[120.56351,23.01261],[120.56057,23.01259],[120.55894,23.01408],[120.55643,23.01571],[120.55561,23.01566],[120.55525,23.01679],[120.55578,23.01691],[120.55513,23.01692],[120.55511,23.01719],[120.5554,23.01778],[120.55542,23.0181],[120.55528,23.0183],[120.55462,23.01853],[120.5546,23.01919],[120.55524,23.01947],[120.55679,23.01664],[120.55883,23.01513],[120.56383,23.01364],[120.56528,23.01384],[120.5669,23.01282],[120.56748,23.01171],[120.56534,23.01156]]],[[[120.5688,23.01676],[120.56883,23.01664],[120.56861,23.01683],[120.5688,23.01676]]],[[[120.56857,23.01687],[120.56795,23.01718],[120.56807,23.0173],[120.56857,23.01687]]],[[[120.56745,23.01861],[120.56704,23.01844],[120.56733,23.01869],[120.56745,23.01861]]],[[[120.56286,23.01597],[120.55851,23.01755],[120.55805,23.01824],[120.5588,23.02315],[120.56042,23.02226],[120.5611,23.02208],[120.56262,23.02195],[120.5679,23.01744],[120.56674,23.01735],[120.56713,23.01686],[120.5666,23.01719],[120.56517,23.01633],[120.56286,23.01597]],[[120.55979,23.02142],[120.55997,23.02157],[120.56001,23.02178],[120.55979,23.02142]]],[[[120.56283,23.02188],[120.56247,23.02243],[120.56211,23.0228],[120.56233,23.02271],[120.56283,23.02188]]],[[[120.57733,23.00742],[120.57677,23.00756],[120.57643,23.0093],[120.57655,23.00859],[120.57615,23.00835],[120.57571,23.00962],[120.57683,23.00966],[120.57149,23.01445],[120.57366,23.01268],[120.57422,23.01293],[120.57111,23.01652],[120.56978,23.01745],[120.56864,23.01686],[120.56769,23.01768],[120.56806,23.0177],[120.5679,23.01869],[120.56735,23.01874],[120.5669,23.01837],[120.56297,23.02175],[120.56444,23.02134],[120.56496,23.0205],[120.5654,23.02027],[120.56445,23.02135],[120.56296,23.02179],[120.56176,23.02359],[120.56149,23.02328],[120.56153,23.02284],[120.5614,23.02326],[120.55972,23.02292],[120.56137,23.02423],[120.56158,23.02474],[120.5619,23.02367],[120.56206,23.02394],[120.56161,23.02476],[120.56307,23.0288],[120.56325,23.02906],[120.5634,23.0294],[120.56344,23.02959],[120.56328,23.03061],[120.56286,23.03127],[120.56046,23.03335],[120.56089,23.03252],[120.56282,23.03126],[120.5634,23.02958],[120.56304,23.02882],[120.56133,23.02424],[120.55957,23.02285],[120.55901,23.02322],[120.55898,23.02391],[120.56186,23.02674],[120.56249,23.02897],[120.56134,23.02813],[120.55923,23.02972],[120.5593,23.03023],[120.56069,23.02989],[120.56002,23.03031],[120.5602,23.03098],[120.56006,23.03181],[120.55975,23.03287],[120.55979,23.03257],[120.55922,23.03309],[120.55952,23.03367],[120.55854,23.03403],[120.55889,23.03462],[120.55517,23.03645],[120.55868,23.03456],[120.55844,23.03406],[120.55707,23.03468],[120.55843,23.03404],[120.55782,23.03308],[120.55705,23.03461],[120.55692,23.03431],[120.55603,23.03515],[120.55149,23.03525],[120.55056,23.03585],[120.55271,23.03651],[120.55279,23.03621],[120.55355,23.03591],[120.5546,23.0362],[120.55356,23.03597],[120.55336,23.03663],[120.55438,23.03681],[120.55338,23.03669],[120.55347,23.03726],[120.55422,23.03688],[120.55348,23.03732],[120.55383,23.03818],[120.55392,23.03778],[120.5556,23.03715],[120.55548,23.03681],[120.55647,23.03622],[120.55775,23.03586],[120.55762,23.03653],[120.55953,23.03558],[120.55883,23.03466],[120.56017,23.03593],[120.56055,23.03459],[120.55944,23.03402],[120.56053,23.03347],[120.56062,23.03446],[120.56087,23.03385],[120.56178,23.03464],[120.5617,23.03442],[120.56186,23.0342],[120.56174,23.03379],[120.56202,23.03336],[120.56174,23.03341],[120.56161,23.03337],[120.56166,23.03301],[120.5621,23.03331],[120.56178,23.03377],[120.5619,23.03419],[120.56173,23.0345],[120.56306,23.03481],[120.56203,23.03483],[120.56295,23.03547],[120.5639,23.03744],[120.5673,23.03831],[120.56925,23.03772],[120.56984,23.0371],[120.56949,23.03637],[120.57012,23.03677],[120.57053,23.036],[120.56944,23.03587],[120.56899,23.03475],[120.56966,23.03582],[120.57013,23.03569],[120.5717,23.0364],[120.57145,23.0371],[120.5719,23.03728],[120.57387,23.03561],[120.5756,23.0352],[120.57445,23.03189],[120.57665,23.02995],[120.576,23.03001],[120.57531,23.02927],[120.57475,23.02776],[120.57473,23.02702],[120.57439,23.02658],[120.57407,23.02715],[120.57419,23.02625],[120.57319,23.02492],[120.57283,23.02511],[120.57293,23.02527],[120.57296,23.02581],[120.57286,23.02598],[120.57275,23.02595],[120.5728,23.02507],[120.57313,23.02481],[120.57288,23.02393],[120.57246,23.02389],[120.57143,23.0236],[120.57296,23.02382],[120.57296,23.02285],[120.57199,23.02197],[120.57204,23.02155],[120.57137,23.02109],[120.57159,23.02065],[120.57226,23.02067],[120.57278,23.01909],[120.57174,23.01819],[120.57147,23.0185],[120.57023,23.01908],[120.56893,23.01911],[120.56834,23.01977],[120.5692,23.02082],[120.56912,23.02091],[120.56824,23.01977],[120.56881,23.01908],[120.5715,23.01844],[120.57143,23.01773],[120.57067,23.01769],[120.57351,23.0166],[120.575,23.01329],[120.57501,23.01411],[120.57369,23.01649],[120.57314,23.01686],[120.57225,23.0171],[120.57171,23.01756],[120.57295,23.01924],[120.57238,23.02072],[120.57148,23.02115],[120.57227,23.02137],[120.57222,23.02212],[120.57318,23.02272],[120.57333,23.02399],[120.57472,23.02377],[120.57537,23.02446],[120.57828,23.0248],[120.57879,23.02498],[120.5792,23.02626],[120.58183,23.02659],[120.58323,23.02748],[120.58665,23.02826],[120.58791,23.02784],[120.58818,23.02602],[120.58778,23.02593],[120.58738,23.02546],[120.58684,23.02537],[120.58667,23.02468],[120.58571,23.02406],[120.58588,23.02332],[120.58527,23.02179],[120.58536,23.02104],[120.58493,23.02069],[120.58472,23.01975],[120.58387,23.01888],[120.58271,23.01866],[120.58263,23.01763],[120.5819,23.01742],[120.58158,23.01696],[120.581,23.01742],[120.57937,23.01665],[120.57786,23.01555],[120.57767,23.01457],[120.57669,23.01479],[120.5762,23.01454],[120.57586,23.01403],[120.57666,23.0147],[120.57776,23.01447],[120.57794,23.01544],[120.57899,23.01626],[120.58094,23.01733],[120.58164,23.01691],[120.58274,23.01761],[120.58283,23.0186],[120.58398,23.01879],[120.58483,23.01968],[120.58545,23.02102],[120.58598,23.02326],[120.58578,23.02397],[120.5866,23.02445],[120.58689,23.02529],[120.5874,23.02538],[120.5882,23.02593],[120.58962,23.02177],[120.5878,23.01994],[120.5865,23.01702],[120.58613,23.01696],[120.58668,23.01747],[120.58664,23.018],[120.5864,23.01909],[120.58655,23.01903],[120.58731,23.01958],[120.5882,23.02089],[120.58654,23.01906],[120.58641,23.01912],[120.5863,23.01909],[120.57899,23.01445],[120.57698,23.01399],[120.57693,23.01396],[120.5768,23.01381],[120.57662,23.01408],[120.57635,23.01409],[120.57629,23.01384],[120.5763,23.01354],[120.57641,23.01408],[120.5768,23.01378],[120.57899,23.01442],[120.58347,23.01716],[120.58334,23.0147],[120.58291,23.01504],[120.58279,23.01504],[120.58238,23.01465],[120.5824,23.01421],[120.58216,23.01417],[120.58188,23.01404],[120.58169,23.01377],[120.58128,23.01216],[120.58072,23.01219],[120.58049,23.01205],[120.58045,23.01156],[120.57988,23.01147],[120.58017,23.01073],[120.57895,23.01088],[120.57873,23.01075],[120.57873,23.00988],[120.57827,23.01004],[120.57785,23.01005],[120.57737,23.00975],[120.57706,23.00899],[120.57733,23.00742]],[[120.57603,23.01054],[120.57686,23.00982],[120.57599,23.01063],[120.57603,23.01054]],[[120.57599,23.01063],[120.57562,23.01119],[120.5752,23.01141],[120.57599,23.01063]],[[120.57148,23.0185],[120.57148,23.01851],[120.57132,23.01857],[120.57148,23.0185]],[[120.56929,23.03628],[120.56935,23.03627],[120.56927,23.03634],[120.56929,23.03628]],[[120.55579,23.0356],[120.55533,23.03564],[120.55513,23.0359],[120.55527,23.03563],[120.55545,23.03554],[120.55579,23.0356]],[[120.55718,23.03493],[120.55695,23.03504],[120.55681,23.03493],[120.55718,23.03493]],[[120.55744,23.03495],[120.55746,23.03487],[120.55765,23.03491],[120.55744,23.03495]],[[120.55761,23.0348],[120.55818,23.03476],[120.55796,23.0348],[120.55761,23.0348]],[[120.56952,23.03422],[120.56904,23.03424],[120.56873,23.0341],[120.5678,23.03429],[120.56872,23.03405],[120.56952,23.03422]],[[120.56831,23.03381],[120.56868,23.03392],[120.56815,23.03388],[120.56831,23.03381]],[[120.57104,23.03392],[120.57062,23.03371],[120.56993,23.03445],[120.57038,23.03365],[120.5711,23.03349],[120.57104,23.03392]],[[120.57016,23.0333],[120.56959,23.03354],[120.56817,23.03355],[120.56901,23.03326],[120.57016,23.0333]],[[120.56392,23.03133],[120.56389,23.03139],[120.56394,23.03112],[120.56392,23.03133]],[[120.56736,23.03089],[120.56744,23.03077],[120.56756,23.03102],[120.56736,23.03089]],[[120.57603,23.03043],[120.57603,23.03044],[120.57594,23.03044],[120.57603,23.03043]],[[120.57594,23.03044],[120.57571,23.0304],[120.57557,23.03031],[120.57594,23.03044]],[[120.57553,23.03026],[120.5751,23.02976],[120.57429,23.02826],[120.57389,23.02817],[120.57341,23.02758],[120.57226,23.02816],[120.57231,23.02775],[120.572,23.02781],[120.57153,23.02693],[120.57171,23.02617],[120.57116,23.02585],[120.57079,23.02539],[120.57062,23.02449],[120.57063,23.02415],[120.57075,23.02368],[120.57097,23.02333],[120.57121,23.02311],[120.57198,23.02278],[120.57207,23.0226],[120.57082,23.02122],[120.5721,23.0225],[120.57198,23.02304],[120.57098,23.02337],[120.57065,23.02427],[120.57082,23.02536],[120.57175,23.02619],[120.57159,23.02697],[120.57206,23.02692],[120.57165,23.027],[120.57235,23.02774],[120.5723,23.02811],[120.57318,23.02738],[120.57289,23.02778],[120.57343,23.02755],[120.57429,23.0282],[120.57553,23.03026]],[[120.56283,23.03009],[120.56246,23.03034],[120.56247,23.03062],[120.56237,23.03037],[120.56259,23.03008],[120.56285,23.03003],[120.56266,23.0299],[120.5629,23.03],[120.56283,23.03009]],[[120.56377,23.0294],[120.56431,23.03002],[120.56398,23.03112],[120.56428,23.03003],[120.56399,23.02995],[120.56377,23.0294]],[[120.56837,23.02876],[120.57018,23.03061],[120.57041,23.03137],[120.5689,23.03156],[120.56867,23.03206],[120.57066,23.03323],[120.56841,23.03201],[120.5687,23.03133],[120.57016,23.03128],[120.56843,23.02886],[120.568,23.02932],[120.56817,23.02983],[120.56811,23.03026],[120.56834,23.03085],[120.56834,23.03099],[120.56829,23.03102],[120.56807,23.0302],[120.5681,23.02984],[120.56787,23.02918],[120.56837,23.02876]],[[120.56537,23.02564],[120.56547,23.02581],[120.56532,23.02578],[120.56537,23.02564]],[[120.56699,23.02517],[120.56855,23.02648],[120.56867,23.02704],[120.56767,23.02767],[120.56719,23.02765],[120.56702,23.02879],[120.56694,23.02774],[120.56852,23.02685],[120.56699,23.02517]],[[120.56237,23.02489],[120.5625,23.02473],[120.56269,23.02488],[120.56237,23.02489]],[[120.56444,23.02397],[120.56384,23.02505],[120.56307,23.02507],[120.56332,23.02415],[120.56444,23.02397]],[[120.56683,23.02386],[120.56694,23.02403],[120.56682,23.02393],[120.56683,23.02386]],[[120.56514,23.02382],[120.56546,23.02437],[120.56537,23.02432],[120.56521,23.02415],[120.56511,23.02393],[120.56494,23.02407],[120.56416,23.02558],[120.56424,23.02594],[120.56412,23.02694],[120.56422,23.02722],[120.56414,23.02764],[120.56446,23.02815],[120.56452,23.02838],[120.56455,23.02897],[120.56484,23.02931],[120.56453,23.02897],[120.56412,23.02766],[120.56407,23.02701],[120.56421,23.02593],[120.56412,23.02558],[120.56433,23.0249],[120.56479,23.02415],[120.56514,23.02382]],[[120.57142,23.02367],[120.57092,23.02395],[120.57077,23.02412],[120.57079,23.02394],[120.57142,23.02367]],[[120.56561,23.02363],[120.56576,23.02361],[120.56592,23.0236],[120.56561,23.02363]],[[120.56283,23.02374],[120.56253,23.02371],[120.56265,23.02349],[120.56283,23.02374]],[[120.56107,23.02347],[120.56085,23.0237],[120.56063,23.0236],[120.56067,23.02345],[120.56107,23.02347]],[[120.56371,23.02334],[120.5635,23.02328],[120.56357,23.02324],[120.56371,23.02334]],[[120.572,23.0232],[120.57196,23.02326],[120.57195,23.0232],[120.572,23.0232]],[[120.5629,23.02265],[120.56325,23.02227],[120.56336,23.02218],[120.5629,23.02265]],[[120.5689,23.02111],[120.56806,23.02131],[120.56801,23.0219],[120.56801,23.02118],[120.56858,23.02097],[120.5689,23.02111]],[[120.56555,23.02076],[120.56552,23.02054],[120.56563,23.02075],[120.56555,23.02076]],[[120.56729,23.01949],[120.56603,23.01978],[120.56567,23.02001],[120.56604,23.01973],[120.56729,23.01947],[120.56742,23.01929],[120.56801,23.01877],[120.56729,23.01949]],[[120.57615,23.01361],[120.57614,23.01363],[120.57614,23.01361],[120.57615,23.01361]],[[120.5754,23.01328],[120.57588,23.01347],[120.57606,23.01354],[120.57604,23.01357],[120.5754,23.01328]],[[120.57713,23.01222],[120.57718,23.01221],[120.5771,23.01225],[120.57713,23.01222]],[[120.57584,23.01198],[120.57677,23.01257],[120.57665,23.01264],[120.57648,23.01254],[120.57587,23.01203],[120.5751,23.01269],[120.57609,23.01169],[120.57584,23.01198]],[[120.57515,23.01138],[120.57448,23.01285],[120.57369,23.01265],[120.57515,23.01138]]],[[[120.56151,23.02326],[120.5619,23.02314],[120.56163,23.02294],[120.56151,23.02326]]],[[[120.57319,23.02465],[120.57373,23.02547],[120.57361,23.02504],[120.57419,23.02492],[120.57371,23.02442],[120.57319,23.02465]]],[[[120.57544,23.02684],[120.57485,23.02763],[120.57536,23.02909],[120.57615,23.02993],[120.57748,23.0299],[120.5768,23.02947],[120.57701,23.02855],[120.57544,23.02684]]],[[[120.57749,23.03007],[120.57784,23.03036],[120.57798,23.03017],[120.57749,23.03007]]],[[[120.57657,23.03022],[120.57649,23.03055],[120.57684,23.03007],[120.57657,23.03022]]],[[[120.57788,23.03047],[120.57747,23.0307],[120.57775,23.03101],[120.57788,23.03047]]],[[[120.57689,23.03099],[120.57656,23.03079],[120.57664,23.03111],[120.57689,23.03099]]],[[[120.57722,23.03122],[120.57736,23.03172],[120.57795,23.03173],[120.57766,23.03118],[120.57722,23.03122]]],[[[120.57043,23.03742],[120.57093,23.0379],[120.57135,23.03748],[120.57116,23.03638],[120.57043,23.03742]]],[[[120.57312,23.03777],[120.57357,23.03762],[120.57288,23.03774],[120.57312,23.03777]]],[[[120.57292,23.037],[120.57186,23.03804],[120.57234,23.03853],[120.5729,23.03758],[120.57354,23.03735],[120.57292,23.037]]],[[[120.57145,23.0376],[120.57115,23.03807],[120.5716,23.03819],[120.57145,23.0376]]],[[[120.58624,22.97344],[120.58704,22.97314],[120.5868,22.97295],[120.58695,22.97276],[120.58646,22.9728],[120.58624,22.97344]]],[[[120.58709,22.97312],[120.58757,22.97344],[120.5879,22.97359],[120.58749,22.97271],[120.58697,22.97276],[120.58684,22.97297],[120.58709,22.97312]]],[[[120.60178,22.97851],[120.60145,22.97962],[120.60177,22.97987],[120.60244,22.98186],[120.60214,22.98251],[120.60353,22.98222],[120.60402,22.98176],[120.60279,22.98083],[120.60244,22.97887],[120.60178,22.97851]]],[[[120.6027,22.99697],[120.60266,22.9966],[120.60249,22.99651],[120.6027,22.99697]]],[[[120.6024,22.99705],[120.60216,22.99831],[120.60313,22.99809],[120.60287,22.99706],[120.6024,22.99705]]],[[[120.60336,22.99817],[120.60392,22.99809],[120.60361,22.99762],[120.60327,22.9978],[120.60336,22.99817]]],[[[120.6019,22.99953],[120.60169,22.99979],[120.602,22.99973],[120.6019,22.99953]]],[[[120.60108,22.99972],[120.60143,22.99995],[120.60144,22.9994],[120.60108,22.99972]]],[[[120.60125,23.00068],[120.6012,23.00049],[120.60105,23.00066],[120.60125,23.00068]]],[[[120.58769,23.0006],[120.58795,23.00088],[120.58799,23.00087],[120.58784,23.00056],[120.58734,23.00051],[120.58769,23.0006]]],[[[120.60053,23.00066],[120.59964,23.0005],[120.59979,23.00093],[120.60053,23.00066]]],[[[120.58731,23.00071],[120.58761,23.0009],[120.58787,23.00087],[120.58731,23.00071]]],[[[120.59486,23.00055],[120.59538,23.00104],[120.59553,23.00109],[120.59486,23.00055]]],[[[120.57726,23.00063],[120.57937,23.00111],[120.57963,23.00087],[120.57726,23.00063]]],[[[120.60107,23.00083],[120.60072,23.00092],[120.60109,23.00097],[120.60107,23.00083]]],[[[120.59946,23.00075],[120.59959,23.00114],[120.59952,23.00148],[120.59987,23.00103],[120.59946,23.00075]]],[[[120.60044,23.00122],[120.60072,23.00108],[120.60062,23.00099],[120.60044,23.00122]]],[[[120.60163,23.0011],[120.60115,23.00116],[120.60159,23.00129],[120.60163,23.0011]]],[[[120.59592,23.00107],[120.59623,23.0013],[120.59625,23.00125],[120.59592,23.00107]]],[[[120.57641,23.00084],[120.5787,23.00118],[120.57939,23.00173],[120.57897,23.00118],[120.57641,23.00084]]],[[[120.60093,23.00152],[120.60036,23.00169],[120.6008,23.00214],[120.60093,23.00152]]],[[[120.58334,23.00191],[120.58252,23.00245],[120.58365,23.00179],[120.58334,23.00191]]],[[[120.5967,23.00157],[120.59745,23.00331],[120.59881,23.00335],[120.59823,23.0033],[120.59789,23.00313],[120.59772,23.00296],[120.5971,23.00154],[120.59731,23.00128],[120.5967,23.00157]]],[[[120.59874,23.00297],[120.59832,23.00221],[120.59832,23.00275],[120.59874,23.00297]]],[[[120.59766,23.00244],[120.59795,23.00312],[120.59873,23.00331],[120.59787,23.00283],[120.59766,23.00244]]],[[[120.59091,23.00285],[120.59071,23.00319],[120.59099,23.00325],[120.59091,23.00285]]],[[[120.59239,23.00224],[120.59263,23.00364],[120.59258,23.00376],[120.59335,23.00373],[120.59399,23.00406],[120.59459,23.00489],[120.59477,23.00518],[120.59481,23.00535],[120.59668,23.00558],[120.59559,23.0049],[120.59423,23.00303],[120.59272,23.00199],[120.59239,23.00224]]],[[[120.5877,23.00355],[120.58718,23.00362],[120.58711,23.00419],[120.5881,23.0042],[120.5877,23.00355]]],[[[120.59878,23.00406],[120.59855,23.00363],[120.59833,23.00401],[120.59878,23.00406]]],[[[120.59977,23.00442],[120.59947,23.00468],[120.59976,23.0047],[120.59977,23.00442]]],[[[120.59209,23.00376],[120.59237,23.0053],[120.59243,23.0078],[120.59721,23.00767],[120.5968,23.0057],[120.59478,23.00538],[120.59384,23.004],[120.59242,23.00374],[120.59094,23.00284],[120.59209,23.00376]]],[[[120.5893,23.00277],[120.58943,23.00383],[120.58959,23.00337],[120.58991,23.00376],[120.59011,23.00369],[120.59029,23.00364],[120.59078,23.00358],[120.59096,23.00359],[120.59118,23.00399],[120.59153,23.00342],[120.59171,23.00501],[120.59145,23.00531],[120.58933,23.00425],[120.58877,23.00423],[120.58907,23.00463],[120.58893,23.0048],[120.58871,23.00422],[120.58713,23.00426],[120.58746,23.00595],[120.5873,23.00602],[120.58739,23.00633],[120.58703,23.00686],[120.58716,23.00706],[120.5873,23.00759],[120.59018,23.00836],[120.59238,23.00782],[120.59205,23.00716],[120.5923,23.0053],[120.59159,23.00345],[120.59147,23.00335],[120.59077,23.00326],[120.59066,23.00318],[120.5905,23.00289],[120.59001,23.00309],[120.5893,23.00277]]],[[[120.581,23.00601],[120.58163,23.00668],[120.58189,23.00648],[120.581,23.00601]]],[[[120.60123,23.00689],[120.60027,23.0068],[120.60127,23.00715],[120.60123,23.00689]]],[[[120.59331,23.00832],[120.59368,23.0086],[120.59384,23.0084],[120.59365,23.00815],[120.59331,23.00832]]],[[[120.62165,23.01873],[120.62112,23.01624],[120.61998,23.01404],[120.62013,23.01209],[120.62116,23.00946],[120.62151,23.00458],[120.61921,23.00167],[120.61922,22.99996],[120.61843,22.9982],[120.61662,22.99674],[120.61505,22.99745],[120.6112,22.99609],[120.6102,22.99646],[120.60875,22.99584],[120.60643,22.99587],[120.6044,22.99822],[120.60516,22.99859],[120.60599,22.998],[120.60715,22.99806],[120.60811,22.99939],[120.60877,23.00112],[120.60662,23.00083],[120.60654,23.00142],[120.6074,23.00191],[120.60736,23.00298],[120.60852,23.00278],[120.60861,23.0023],[120.60933,23.00358],[120.61007,23.00383],[120.60835,23.00479],[120.60953,23.0049],[120.6096,23.00603],[120.60852,23.00589],[120.60655,23.00709],[120.60585,23.00602],[120.60664,23.00588],[120.60509,23.00374],[120.6043,23.00363],[120.60394,23.00381],[120.60414,23.00473],[120.59995,23.00461],[120.59937,23.0058],[120.60004,23.00565],[120.60056,23.00581],[120.60097,23.00647],[120.60033,23.00575],[120.59959,23.00595],[120.60171,23.00711],[120.60159,23.00819],[120.60343,23.00978],[120.6036,23.01038],[120.60315,23.01059],[120.60357,23.011],[120.6068,23.01228],[120.60885,23.01172],[120.60947,23.01296],[120.61131,23.01403],[120.61131,23.0147],[120.61262,23.01516],[120.61361,23.017],[120.61533,23.0172],[120.61877,23.02241],[120.62001,23.02271],[120.62165,23.01873]]],[[[120.57757,23.00967],[120.57778,23.00988],[120.57809,23.00991],[120.57757,23.00967]]],[[[120.60321,23.00985],[120.60332,23.01012],[120.60339,23.00994],[120.60321,23.00985]]],[[[120.58083,23.00623],[120.57858,23.00944],[120.57841,23.00861],[120.57829,23.00995],[120.57882,23.00982],[120.57899,23.00991],[120.57901,23.01084],[120.58031,23.01071],[120.57995,23.01145],[120.58052,23.01156],[120.58077,23.01215],[120.58137,23.01213],[120.5818,23.0138],[120.58248,23.0142],[120.58258,23.01483],[120.58296,23.01494],[120.58304,23.01477],[120.58281,23.01472],[120.58258,23.01345],[120.58266,23.01272],[120.5815,23.0078],[120.58147,23.00756],[120.58179,23.00673],[120.58144,23.00666],[120.58081,23.00638],[120.58083,23.00623]],[[120.57983,23.0081],[120.57983,23.0078],[120.57996,23.00788],[120.57983,23.0081]]],[[[120.58336,23.01471],[120.58349,23.01718],[120.58636,23.01908],[120.58664,23.01748],[120.5855,23.01666],[120.58562,23.01579],[120.58507,23.0157],[120.5848,23.01616],[120.58441,23.0158],[120.58483,23.01489],[120.58336,23.01471]]],[[[120.59159,23.01821],[120.59187,23.01815],[120.59168,23.01808],[120.59159,23.01821]]],[[[120.59071,23.01983],[120.59072,23.01956],[120.59057,23.01983],[120.59071,23.01983]]],[[[120.58829,23.01998],[120.58798,23.01968],[120.58788,23.01996],[120.58829,23.01998]]],[[[120.58841,23.01999],[120.5884,23.0203],[120.58852,23.02025],[120.58841,23.01999]]],[[[120.59167,23.02219],[120.59195,23.02168],[120.59138,23.0217],[120.59167,23.02219]]],[[[120.57887,23.03101],[120.57834,23.03045],[120.57813,23.0306],[120.57841,23.03108],[120.57887,23.03101]]],[[[120.5802,23.03151],[120.57971,23.03066],[120.5794,23.031],[120.5802,23.03151]]],[[[120.58047,23.0313],[120.58036,23.03158],[120.58084,23.03144],[120.58047,23.0313]]],[[[120.5807,23.03159],[120.58059,23.0318],[120.58074,23.03166],[120.5807,23.03159]]],[[[120.58131,23.03185],[120.58092,23.03177],[120.58082,23.03215],[120.58104,23.03216],[120.58131,23.03185]]]]}},{"type":"Feature","properties":{"zone":"森林區","town":"杉林區"},"geometry":{"type":"MultiPolygon","coordinates":[[[[120.51019,23.03231],[120.50993,23.0324],[120.51022,23.03249],[120.51019,23.03231]]],[[[120.51116,23.03256],[120.51065,23.03254],[120.51051,23.03268],[120.51116,23.03256]]],[[[120.51007,23.03304],[120.50996,23.03284],[120.50999,23.03306],[120.51007,23.03304]]],[[[120.51872,23.03973],[120.51854,23.03951],[120.51861,23.03978],[120.51872,23.03973]]],[[[120.51464,23.01816],[120.51488,23.01864],[120.5132,23.01913],[120.51158,23.02098],[120.50806,23.02241],[120.5071,23.02425],[120.5053,23.02454],[120.50371,23.02576],[120.50215,23.02796],[120.50354,23.0285],[120.50489,23.02991],[120.50848,23.03482],[120.51034,23.03543],[120.51232,23.03751],[120.51316,23.03735],[120.51308,23.03777],[120.51377,23.03803],[120.51335,23.03845],[120.51413,23.0394],[120.51467,23.03884],[120.51528,23.03909],[120.51516,23.03857],[120.51667,23.03901],[120.51715,23.03863],[120.51672,23.03791],[120.51547,23.03763],[120.51531,23.03753],[120.51504,23.0372],[120.51676,23.03792],[120.51708,23.03832],[120.51719,23.03835],[120.51735,23.03822],[120.51766,23.03817],[120.51686,23.03901],[120.51628,23.03902],[120.51573,23.03889],[120.51543,23.03925],[120.51542,23.03974],[120.51661,23.03991],[120.51591,23.04106],[120.51742,23.0421],[120.51634,23.04202],[120.51745,23.04283],[120.51855,23.04151],[120.51703,23.041],[120.51795,23.04067],[120.51788,23.03855],[120.51917,23.03988],[120.51957,23.03912],[120.5214,23.03916],[120.52203,23.04025],[120.52154,23.03964],[120.52064,23.03983],[120.52021,23.04061],[120.51974,23.04039],[120.51994,23.04101],[120.51994,23.04085],[120.52056,23.04055],[120.52094,23.04075],[120.52028,23.04122],[120.52045,23.04156],[120.52049,23.04177],[120.52171,23.04224],[120.52058,23.04192],[120.52083,23.04317],[120.52203,23.04308],[120.5223,23.04273],[120.52188,23.04234],[120.52294,23.04333],[120.52276,23.04256],[120.52329,23.04233],[120.52229,23.04184],[120.52236,23.04135],[120.52168,23.04133],[120.52209,23.04072],[120.52275,23.04136],[120.52314,23.04105],[120.52393,23.04197],[120.52442,23.0419],[120.52498,23.0422],[120.52448,23.04194],[120.52349,23.04256],[120.52433,23.04338],[120.52394,23.0445],[120.52219,23.04563],[120.52369,23.04768],[120.52308,23.04863],[120.52312,23.04961],[120.52452,23.04955],[120.52879,23.0543],[120.53048,23.05283],[120.5301,23.05242],[120.52922,23.05282],[120.52964,23.0518],[120.52939,23.05165],[120.52916,23.05066],[120.52882,23.05045],[120.52861,23.05027],[120.52842,23.04989],[120.52783,23.0501],[120.52777,23.04901],[120.52873,23.04921],[120.52917,23.04807],[120.53054,23.04847],[120.53064,23.04956],[120.53357,23.05092],[120.5323,23.05338],[120.5326,23.05629],[120.53315,23.05725],[120.53734,23.05867],[120.53865,23.06011],[120.53869,23.06103],[120.53941,23.06194],[120.54143,23.06229],[120.54178,23.06141],[120.54316,23.06033],[120.54468,23.05635],[120.54502,23.05453],[120.54449,23.05065],[120.54475,23.05025],[120.54509,23.05052],[120.5454,23.04945],[120.54526,23.04867],[120.54453,23.04767],[120.54395,23.04766],[120.54447,23.04737],[120.54386,23.04746],[120.54413,23.04685],[120.54325,23.04577],[120.54374,23.04571],[120.54383,23.04563],[120.54378,23.04543],[120.54306,23.04572],[120.54171,23.04503],[120.542,23.04532],[120.54095,23.04577],[120.5409,23.04542],[120.54043,23.04589],[120.5384,23.04587],[120.53954,23.04238],[120.53851,23.04194],[120.53815,23.04062],[120.53294,23.03973],[120.53218,23.03838],[120.52994,23.03749],[120.53006,23.03556],[120.53142,23.03463],[120.53101,23.03403],[120.53262,23.03249],[120.53278,23.03133],[120.53381,23.0307],[120.53344,23.02792],[120.52927,23.0253],[120.52948,23.02452],[120.52855,23.02427],[120.5287,23.02308],[120.52803,23.02199],[120.52768,23.0223],[120.52777,23.02378],[120.5247,23.02191],[120.52329,23.02324],[120.52205,23.0234],[120.52087,23.02241],[120.52092,23.02166],[120.5193,23.02208],[120.51939,23.01966],[120.51783,23.01808],[120.51566,23.01813],[120.5153,23.01864],[120.51474,23.01835],[120.51492,23.01762],[120.51464,23.01816]],[[120.51509,23.0386],[120.51462,23.038],[120.51494,23.03752],[120.51502,23.03759],[120.51509,23.0386]],[[120.51248,23.03106],[120.51527,23.03173],[120.51549,23.03227],[120.5152,23.0326],[120.51491,23.03204],[120.51308,23.0321],[120.51427,23.0329],[120.51425,23.03343],[120.51299,23.03416],[120.51382,23.03483],[120.51359,23.03534],[120.51124,23.03325],[120.51046,23.03311],[120.51031,23.03371],[120.50964,23.03329],[120.50964,23.03275],[120.50898,23.03324],[120.50945,23.0318],[120.51226,23.03106],[120.51279,23.03231],[120.51248,23.03106]],[[120.51654,23.03331],[120.51623,23.03332],[120.51575,23.0331],[120.51612,23.03282],[120.51654,23.03331]],[[120.51554,23.03438],[120.51656,23.03407],[120.51482,23.03528],[120.51505,23.03388],[120.51554,23.03438]],[[120.51382,23.03614],[120.51449,23.03709],[120.51472,23.03722],[120.51382,23.03614]],[[120.51409,23.03796],[120.5144,23.03718],[120.5146,23.03735],[120.51409,23.03796]],[[120.51771,23.03806],[120.51736,23.038],[120.51706,23.03772],[120.51766,23.03791],[120.51771,23.03806]],[[120.51425,23.03806],[120.51467,23.03843],[120.51421,23.03811],[120.51425,23.03806]],[[120.52165,23.03916],[120.52196,23.03956],[120.52171,23.0395],[120.52165,23.03916]],[[120.5171,23.03921],[120.51721,23.03982],[120.5167,23.03981],[120.5171,23.03921]],[[120.52884,23.04736],[120.52877,23.04729],[120.52879,23.04727],[120.52884,23.04736]],[[120.52883,23.04744],[120.52907,23.04777],[120.5291,23.04785],[120.52893,23.04765],[120.52885,23.04753],[120.52883,23.04746],[120.52883,23.04744]],[[120.52912,23.04788],[120.52916,23.04799],[120.52911,23.04787],[120.52912,23.04788]],[[120.54128,23.05076],[120.54087,23.05081],[120.54082,23.05078],[120.54098,23.05072],[120.54128,23.05076]],[[120.52542,23.04204],[120.52548,23.04245],[120.52541,23.0425],[120.52542,23.04204]],[[120.54452,23.04942],[120.54506,23.04985],[120.54439,23.04998],[120.54452,23.04942]],[[120.52134,23.04004],[120.52138,23.0406],[120.52099,23.04031],[120.52134,23.04004]],[[120.53093,23.04],[120.53085,23.0397],[120.5309,23.03968],[120.53093,23.04]],[[120.53101,23.03955],[120.53093,23.03917],[120.53122,23.03934],[120.53101,23.03955]],[[120.53055,23.02846],[120.53047,23.0294],[120.52977,23.0294],[120.52917,23.0287],[120.53055,23.02846]],[[120.52253,23.02464],[120.52226,23.02478],[120.52226,23.0246],[120.52253,23.02464]],[[120.52302,23.02371],[120.52312,23.02436],[120.52392,23.02534],[120.52282,23.02457],[120.52233,23.02456],[120.52229,23.02375],[120.52302,23.02371]],[[120.51203,23.02298],[120.51232,23.02321],[120.51197,23.02311],[120.51203,23.02298]],[[120.51794,23.02276],[120.51777,23.02265],[120.51799,23.02268],[120.51794,23.02276]],[[120.51787,23.02258],[120.51769,23.02234],[120.51775,23.02232],[120.51787,23.02258]],[[120.51508,23.02053],[120.51533,23.02065],[120.51517,23.02077],[120.51508,23.02053]]],[[[120.5189,23.03996],[120.5189,23.04025],[120.51915,23.04],[120.5189,23.03996]]],[[[120.51941,23.04023],[120.51912,23.04037],[120.51927,23.04043],[120.51941,23.04023]]],[[[120.52044,23.04075],[120.52022,23.04088],[120.52038,23.04089],[120.52044,23.04075]]],[[[120.51927,23.04052],[120.51996,23.0414],[120.51914,23.04112],[120.51866,23.042],[120.52036,23.04303],[120.52042,23.04153],[120.51927,23.04052]]],[[[120.5203,23.04344],[120.51995,23.04323],[120.52006,23.04355],[120.5203,23.04344]]],[[[120.52069,23.04409],[120.5203,23.04363],[120.5206,23.04418],[120.52069,23.04409]]],[[[120.53015,23.04988],[120.52974,23.04943],[120.52981,23.04835],[120.52914,23.04834],[120.52862,23.05022],[120.52917,23.05065],[120.53012,23.05241],[120.53048,23.05224],[120.52983,23.05062],[120.53011,23.05093],[120.53016,23.05046],[120.52941,23.04997],[120.53015,23.04988]]],[[[120.51709,22.91186],[120.51593,22.91418],[120.51467,22.91522],[120.51698,22.91683],[120.51746,22.91836],[120.51897,22.91961],[120.52081,22.9199],[120.52048,22.922],[120.52502,22.92505],[120.52568,22.92635],[120.52705,22.92711],[120.52878,22.92502],[120.52816,22.92692],[120.53021,22.93029],[120.53078,22.93178],[120.53056,22.9327],[120.53238,22.93242],[120.53298,22.93293],[120.5343,22.93471],[120.53425,22.93584],[120.53475,22.93661],[120.53425,22.93695],[120.5358,22.93679],[120.53531,22.9388],[120.53728,22.93872],[120.53799,22.93994],[120.53942,22.94001],[120.54222,22.9422],[120.54889,22.94889],[120.55577,22.95071],[120.55735,22.95043],[120.56032,22.95219],[120.56044,22.95348],[120.56252,22.95376],[120.56294,22.95491],[120.56687,22.95976],[120.56724,22.96079],[120.56691,22.96195],[120.56583,22.96277],[120.56733,22.9642],[120.56894,22.96456],[120.56934,22.96539],[120.56907,22.96586],[120.57048,22.96593],[120.57069,22.96634],[120.56923,22.96999],[120.56849,22.9706],[120.56905,22.97481],[120.57157,22.97492],[120.57236,22.97627],[120.57369,22.97629],[120.57603,22.9777],[120.57754,22.97765],[120.57943,22.97856],[120.58296,22.97904],[120.58435,22.97823],[120.58495,22.97491],[120.58646,22.9728],[120.58741,22.97271],[120.58633,22.97234],[120.58479,22.97083],[120.58296,22.97051],[120.58198,22.96977],[120.57729,22.96489],[120.57439,22.9605],[120.5736,22.95768],[120.57586,22.95534],[120.5767,22.95344],[120.57614,22.95058],[120.57561,22.94997],[120.57605,22.948],[120.57193,22.94244],[120.56989,22.94113],[120.56702,22.9409],[120.56565,22.94013],[120.5619,22.94078],[120.56163,22.94122],[120.56006,22.94099],[120.55597,22.94271],[120.55336,22.94095],[120.55157,22.94082],[120.5498,22.93775],[120.54734,22.93537],[120.5436,22.93462],[120.53957,22.93137],[120.53925,22.93009],[120.53727,22.92853],[120.53688,22.9277],[120.53711,22.92612],[120.53593,22.92496],[120.5346,22.92458],[120.53211,22.92477],[120.53028,22.92245],[120.52797,22.92167],[120.5271,22.91903],[120.52725,22.91649],[120.5248,22.91564],[120.52353,22.91392],[120.52107,22.91345],[120.52048,22.91387],[120.51709,22.91186]],[[120.56145,22.95311],[120.56181,22.95352],[120.56133,22.95348],[120.56145,22.95311]],[[120.56225,22.95259],[120.56342,22.95267],[120.56279,22.95352],[120.56204,22.95352],[120.56225,22.95259]],[[120.5633,22.95222],[120.56317,22.95245],[120.56283,22.95218],[120.5633,22.95222]],[[120.56336,22.95184],[120.56375,22.95216],[120.56361,22.95223],[120.56336,22.95184]],[[120.56369,22.9508],[120.56369,22.95135],[120.56319,22.95182],[120.56306,22.95069],[120.56369,22.9508]],[[120.56423,22.95024],[120.56388,22.95051],[120.56384,22.95084],[120.56375,22.95017],[120.56423,22.95024]],[[120.56432,22.94966],[120.56492,22.95001],[120.56408,22.95016],[120.56432,22.94966]]],[[[120.62245,22.97791],[120.61986,22.97901],[120.61441,22.97874],[120.60942,22.9794],[120.60874,22.98075],[120.60587,22.98296],[120.60698,22.98412],[120.60672,22.98585],[120.60377,22.98834],[120.60144,22.99194],[120.59569,22.99474],[120.5932,22.99464],[120.59272,22.99811],[120.59167,23.00119],[120.59488,23.00356],[120.59559,23.0049],[120.59684,23.00568],[120.59735,23.00739],[120.59622,23.00799],[120.59335,23.0079],[120.59289,23.00753],[120.59018,23.00836],[120.58754,23.00757],[120.58614,23.00875],[120.58543,23.01083],[120.58494,23.01101],[120.58475,23.01206],[120.5858,23.01374],[120.58478,23.01423],[120.58489,23.01514],[120.58453,23.01497],[120.58441,23.0158],[120.5848,23.01616],[120.58507,23.0157],[120.58562,23.01579],[120.5855,23.01666],[120.58665,23.01719],[120.5878,23.01994],[120.58962,23.02177],[120.58859,23.02406],[120.58791,23.02784],[120.58665,23.02826],[120.58323,23.02748],[120.58183,23.02659],[120.57963,23.02647],[120.57879,23.02498],[120.57537,23.02446],[120.57472,23.02377],[120.57357,23.02414],[120.57318,23.02341],[120.57302,23.0243],[120.57416,23.02486],[120.57361,23.02504],[120.57373,23.02547],[120.57494,23.02738],[120.5755,23.02724],[120.57546,23.02674],[120.57604,23.02716],[120.57701,23.02855],[120.57687,23.02961],[120.57751,23.02985],[120.57636,23.02991],[120.57637,23.03046],[120.57456,23.03167],[120.5756,23.0352],[120.57387,23.03561],[120.57227,23.03718],[120.57161,23.03722],[120.57203,23.03751],[120.57304,23.037],[120.57354,23.03735],[120.5729,23.03758],[120.57234,23.03853],[120.57165,23.03773],[120.5716,23.03819],[120.57115,23.03807],[120.57127,23.03739],[120.57093,23.0379],[120.57043,23.03742],[120.57116,23.03638],[120.57053,23.036],[120.57012,23.03677],[120.56944,23.03679],[120.56984,23.0371],[120.56925,23.03772],[120.56827,23.03813],[120.56506,23.03798],[120.5639,23.03744],[120.56244,23.03505],[120.56087,23.03385],[120.56062,23.03446],[120.56034,23.03362],[120.55959,23.03412],[120.56055,23.03459],[120.56017,23.03593],[120.55883,23.03466],[120.55953,23.03558],[120.55762,23.03653],[120.55645,23.03631],[120.55383,23.03818],[120.55344,23.03791],[120.55455,23.03891],[120.55519,23.04083],[120.55582,23.0405],[120.5552,23.03858],[120.55619,23.04041],[120.55685,23.04016],[120.55889,23.0429],[120.56014,23.04379],[120.56292,23.04445],[120.56366,23.04379],[120.56858,23.04369],[120.57023,23.04453],[120.57394,23.04432],[120.57671,23.04494],[120.57811,23.04629],[120.57807,23.04815],[120.57856,23.04871],[120.58308,23.05081],[120.58592,23.0533],[120.58771,23.0526],[120.58971,23.04981],[120.59139,23.04987],[120.5922,23.04865],[120.59477,23.04773],[120.59998,23.04339],[120.60092,23.04153],[120.60091,23.0402],[120.60032,23.03929],[120.60153,23.03761],[120.60672,23.037],[120.60871,23.03623],[120.60882,23.03189],[120.60845,23.03133],[120.61116,23.02987],[120.61263,23.02964],[120.61781,23.02427],[120.61961,23.02361],[120.62001,23.02271],[120.61865,23.02233],[120.61538,23.01725],[120.61361,23.017],[120.61262,23.01516],[120.61131,23.0147],[120.61131,23.01403],[120.60947,23.01296],[120.60897,23.01179],[120.6068,23.01228],[120.60357,23.011],[120.60315,23.01059],[120.6036,23.01038],[120.60343,23.00978],[120.60159,23.00819],[120.60171,23.00711],[120.60057,23.00628],[120.59959,23.00595],[120.60033,23.00575],[120.60097,23.00647],[120.60056,23.00581],[120.60004,23.00565],[120.59947,23.00586],[120.59934,23.00565],[120.59995,23.00461],[120.60414,23.00473],[120.60394,23.00381],[120.6043,23.00363],[120.60509,23.00374],[120.60664,23.00588],[120.60585,23.00602],[120.60655,23.00709],[120.60852,23.00589],[120.6096,23.00603],[120.60953,23.0049],[120.60835,23.00479],[120.61007,23.00383],[120.60933,23.00358],[120.60861,23.0023],[120.60852,23.00278],[120.60736,23.00298],[120.6074,23.00191],[120.60654,23.00142],[120.60662,23.00083],[120.60877,23.00112],[120.60811,22.99939],[120.60715,22.99806],[120.60599,22.998],[120.60516,22.99859],[120.6044,22.99822],[120.60643,22.99587],[120.60875,22.99584],[120.6102,22.99646],[120.6112,22.99609],[120.61505,22.99745],[120.61631,22.99669],[120.61768,22.99735],[120.61857,22.99696],[120.61969,22.99467],[120.6201,22.99169],[120.62019,22.99017],[120.61957,22.98848],[120.61992,22.98696],[120.62111,22.98581],[120.62379,22.97794],[120.62245,22.97791]],[[120.56013,23.04011],[120.55971,23.04036],[120.55973,23.04015],[120.56013,23.04011]],[[120.55906,23.03968],[120.55894,23.03994],[120.55886,23.0398],[120.55906,23.03968]],[[120.5596,23.03976],[120.55954,23.04003],[120.55961,23.03963],[120.5596,23.03976]],[[120.55872,23.03927],[120.55855,23.03934],[120.55869,23.03925],[120.55872,23.03927]],[[120.55792,23.03874],[120.55883,23.03976],[120.55676,23.03998],[120.55642,23.03928],[120.55792,23.03874]],[[120.56028,23.03815],[120.56033,23.03898],[120.55992,23.03897],[120.56028,23.03815]],[[120.55798,23.03807],[120.55948,23.03827],[120.55946,23.0384],[120.5588,23.03878],[120.55798,23.03807]],[[120.55815,23.03791],[120.55837,23.03789],[120.55839,23.03798],[120.55815,23.03791]],[[120.55854,23.0376],[120.55902,23.03786],[120.5593,23.03814],[120.5585,23.03809],[120.55854,23.0376]],[[120.57357,23.03762],[120.57336,23.03781],[120.57288,23.03774],[120.57357,23.03762]],[[120.55892,23.03743],[120.55933,23.03778],[120.55921,23.03784],[120.55892,23.03743]],[[120.58092,23.03177],[120.58104,23.03216],[120.58082,23.03215],[120.58092,23.03177]],[[120.5807,23.03159],[120.58043,23.03173],[120.58037,23.03163],[120.5807,23.03159]],[[120.58047,23.0313],[120.58045,23.03158],[120.58036,23.03158],[120.58047,23.0313]],[[120.57943,23.03107],[120.58038,23.03126],[120.5802,23.03151],[120.57943,23.03107]],[[120.57686,23.0308],[120.57796,23.0314],[120.57795,23.03173],[120.57664,23.03111],[120.57686,23.0308]],[[120.57747,23.03063],[120.57785,23.03089],[120.57763,23.03103],[120.57747,23.03063]],[[120.57813,23.0306],[120.57872,23.03078],[120.57891,23.03111],[120.57829,23.03099],[120.57813,23.0306]],[[120.57749,23.03007],[120.57799,23.0302],[120.57751,23.03043],[120.57749,23.03007]],[[120.57685,23.03008],[120.57644,23.03052],[120.57684,23.03007],[120.57685,23.03008]],[[120.59138,23.0217],[120.592,23.02171],[120.59167,23.02219],[120.59138,23.0217]],[[120.58852,23.02025],[120.58823,23.0201],[120.58841,23.01999],[120.58852,23.02025]],[[120.58798,23.01968],[120.58808,23.02006],[120.58788,23.01996],[120.58798,23.01968]],[[120.59057,23.01983],[120.59072,23.01956],[120.59084,23.01977],[120.59057,23.01983]],[[120.59179,23.01831],[120.59168,23.01808],[120.59187,23.01815],[120.59179,23.01831]],[[120.60318,23.01009],[120.60339,23.00994],[120.60332,23.01012],[120.60318,23.01009]],[[120.59368,23.0086],[120.59331,23.00832],[120.59333,23.00821],[120.59379,23.00825],[120.59368,23.0086]],[[120.60045,23.00648],[120.60127,23.00715],[120.60027,23.0068],[120.60045,23.00648]],[[120.59977,23.00442],[120.59947,23.00468],[120.5993,23.00441],[120.59977,23.00442]],[[120.59855,23.00363],[120.59878,23.00406],[120.59833,23.00401],[120.59855,23.00363]],[[120.59769,23.00228],[120.59873,23.00331],[120.59783,23.00302],[120.59769,23.00228]],[[120.59832,23.00275],[120.59845,23.00234],[120.59874,23.00297],[120.59832,23.00275]],[[120.60077,23.00139],[120.6008,23.00214],[120.60031,23.00131],[120.60077,23.00139]],[[120.59731,23.0013],[120.59766,23.00287],[120.59789,23.00313],[120.59823,23.0033],[120.59881,23.00335],[120.59864,23.00352],[120.59738,23.00322],[120.59668,23.00162],[120.59731,23.0013]],[[120.59592,23.00107],[120.59585,23.0012],[120.59576,23.00117],[120.59592,23.00107]],[[120.60072,23.00108],[120.60044,23.00122],[120.60062,23.00099],[120.60072,23.00108]],[[120.60159,23.00129],[120.60115,23.00116],[120.60121,23.001],[120.60149,23.00096],[120.60159,23.00129]],[[120.60109,23.00097],[120.60078,23.00078],[120.60107,23.00083],[120.60109,23.00097]],[[120.59949,23.00061],[120.5998,23.00139],[120.59952,23.00148],[120.59949,23.00061]],[[120.59486,23.00055],[120.59554,23.00103],[120.59553,23.00109],[120.59502,23.00079],[120.59486,23.00055]],[[120.60143,23.00073],[120.60109,23.0007],[120.60105,23.00066],[120.6012,23.00049],[120.60143,23.00073]],[[120.60056,23.00053],[120.59999,23.00108],[120.59964,23.0005],[120.60056,23.00053]],[[120.60169,22.99979],[120.6019,22.99953],[120.602,22.99973],[120.60169,22.99979]],[[120.60131,22.99939],[120.60143,22.99995],[120.60105,23.00004],[120.60131,22.99939]],[[120.60393,22.99801],[120.60328,22.99794],[120.60353,22.99763],[120.60393,22.99801]],[[120.60296,22.99716],[120.60313,22.99809],[120.60216,22.99831],[120.6024,22.99705],[120.60296,22.99716]],[[120.60266,22.9966],[120.6027,22.99697],[120.60249,22.99651],[120.60266,22.9966]]],[[[120.53004,23.04892],[120.53018,23.0492],[120.53054,23.0491],[120.53004,23.04892]]],[[[120.53182,23.05169],[120.53203,23.05193],[120.53219,23.05183],[120.53182,23.05169]]],[[[120.53104,23.05203],[120.53112,23.05168],[120.53088,23.05181],[120.53104,23.05203]]],[[[120.53133,23.05195],[120.53134,23.0518],[120.53127,23.0518],[120.53133,23.05195]]],[[[120.53196,23.05202],[120.53138,23.05201],[120.53194,23.05244],[120.53196,23.05202]]],[[[120.53224,23.05205],[120.532,23.05231],[120.53209,23.05282],[120.53239,23.05253],[120.53224,23.05205]]],[[[120.53175,23.05303],[120.53188,23.0526],[120.53154,23.05271],[120.53166,23.05284],[120.53175,23.05303]]],[[[120.53173,23.05304],[120.53152,23.05273],[120.53136,23.05297],[120.53173,23.05304]]],[[[120.53102,23.05293],[120.53085,23.05275],[120.53106,23.05334],[120.53102,23.05293]]],[[[120.53175,23.05305],[120.53193,23.0533],[120.53197,23.05314],[120.53175,23.05305]]]]}},{"type":"Feature","properties":{"zone":"河川區","town":"杉林區"},"geometry":{"type":"MultiPolygon","coordinates":[[[[120.52097,22.93618],[120.52237,22.94019],[120.52342,22.94071],[120.52323,22.94164],[120.52385,22.94186],[120.52263,22.9338],[120.52163,22.93416],[120.52097,22.93618]],[[120.52244,22.93772],[120.523,22.9383],[120.52273,22.93868],[120.52248,22.93809],[120.52216,22.93845],[120.52189,22.93803],[120.52244,22.93772]]],[[[120.52132,22.94419],[120.52127,22.94368],[120.52022,22.94606],[120.52012,22.94961],[120.52082,22.94967],[120.52276,22.94545],[120.52197,22.94292],[120.52132,22.94419]]],[[[120.52255,22.94756],[120.52181,22.94817],[120.52167,22.94891],[120.52255,22.94756]]],[[[120.52466,22.94525],[120.52384,22.94845],[120.525,22.95245],[120.52448,22.95476],[120.52548,22.95515],[120.52577,22.95145],[120.52466,22.94525]],[[120.5251,22.95243],[120.52511,22.95244],[120.5251,22.95244],[120.5251,22.95243]]],[[[120.52579,22.95152],[120.52583,22.9518],[120.5258,22.95151],[120.52579,22.95152]]],[[[120.5413,22.9834],[120.53791,22.9807],[120.53763,22.98089],[120.53984,22.98284],[120.54112,22.98361],[120.54463,22.98392],[120.54819,22.98505],[120.55289,22.98924],[120.552,22.98786],[120.54717,22.98414],[120.5413,22.9834]]],[[[120.53413,22.98276],[120.53493,22.98406],[120.53814,22.98667],[120.53924,22.98728],[120.53841,22.9863],[120.53904,22.98575],[120.53993,22.98578],[120.53579,22.98392],[120.53779,22.984],[120.53946,22.98479],[120.53723,22.98326],[120.53413,22.98276]]],[[[120.55321,22.98969],[120.55371,22.98948],[120.55386,22.98942],[120.55351,22.98932],[120.55321,22.98969]]],[[[120.55853,22.99223],[120.55321,22.98969],[120.55576,22.99191],[120.5568,22.99141],[120.55789,22.99207],[120.55853,22.99223]]],[[[120.57517,23.01136],[120.57562,23.01119],[120.57599,23.01063],[120.57582,23.01078],[120.57517,23.01136]]],[[[120.57677,23.00756],[120.57695,23.0073],[120.57526,23.0085],[120.57328,23.01205],[120.56883,23.01664],[120.57011,23.01611],[120.57149,23.01445],[120.57293,23.01307],[120.57266,23.01353],[120.57603,23.01054],[120.57689,23.00951],[120.57571,23.00962],[120.57593,23.00876],[120.57615,23.00835],[120.57655,23.00859],[120.57643,23.0093],[120.57677,23.00756]]],[[[120.57448,23.01285],[120.57541,23.01162],[120.57515,23.01138],[120.57369,23.01265],[120.57448,23.01285]]],[[[120.57366,23.01268],[120.57015,23.01613],[120.56897,23.01675],[120.56978,23.01745],[120.57016,23.01725],[120.57422,23.01293],[120.57366,23.01268]]]]}},{"type":"Feature","properties":{"zone":"特定專用區","town":"杉林區"},"geometry":{"type":"MultiPolygon","coordinates":[[[[120.53551,22.95776],[120.53481,22.95853],[120.53563,22.95929],[120.53647,22.95898],[120.53551,22.95776]]],[[[120.54151,22.96663],[120.54065,22.96692],[120.54034,22.96782],[120.54142,22.96869],[120.54272,22.9678],[120.54151,22.96663]]],[[[120.54136,22.97516],[120.54166,22.97468],[120.5413,22.97501],[120.54136,22.97516]]],[[[120.54123,22.98911],[120.54178,22.99074],[120.5432,22.99163],[120.54233,22.99059],[120.54198,22.98982],[120.54203,22.98946],[120.54123,22.98911]]],[[[120.54211,22.99195],[120.54235,22.99241],[120.54274,22.99217],[120.54211,22.99195]]],[[[120.54205,22.98984],[120.54325,22.99161],[120.54391,22.99147],[120.54797,22.99375],[120.54861,22.99366],[120.54797,22.99403],[120.54333,22.99183],[120.5459,22.99734],[120.54678,22.99785],[120.54709,22.99736],[120.54875,22.99773],[120.54879,22.99663],[120.54934,22.99664],[120.54951,22.99867],[120.54988,22.99505],[120.55059,22.99602],[120.55083,22.99474],[120.55118,22.99474],[120.55061,22.99648],[120.55192,22.99699],[120.5516,22.99803],[120.55306,22.99766],[120.55331,22.99882],[120.55373,22.99895],[120.55989,22.99885],[120.55732,22.99712],[120.55166,22.99127],[120.55057,22.99146],[120.54998,22.99512],[120.55006,22.99118],[120.54433,22.98978],[120.54322,22.98989],[120.54423,22.9909],[120.5428,22.98986],[120.54241,22.98989],[120.54243,22.99039],[120.54211,22.98987],[120.54279,22.98968],[120.54302,22.9899],[120.54302,22.98955],[120.5421,22.98947],[120.54205,22.98984]],[[120.54927,22.99564],[120.54933,22.99661],[120.54879,22.99659],[120.54878,22.99558],[120.54927,22.99564]],[[120.54927,22.99555],[120.54871,22.99553],[120.5487,22.9948],[120.54926,22.99482],[120.54927,22.99555]],[[120.55082,22.99389],[120.55084,22.99387],[120.55084,22.99389],[120.55082,22.99389]],[[120.54974,22.9921],[120.54977,22.99212],[120.54975,22.99212],[120.54974,22.9921]],[[120.54772,22.99193],[120.54793,22.99171],[120.54791,22.99194],[120.54772,22.99193]]],[[[120.54569,22.99712],[120.54322,22.99185],[120.54263,22.9924],[120.54197,22.99243],[120.5417,22.99284],[120.54266,22.9934],[120.54161,22.99379],[120.54319,22.99456],[120.54381,22.99566],[120.54569,22.99712]]],[[[120.5433,22.99548],[120.54401,22.996],[120.54345,22.99521],[120.5433,22.99548]]],[[[120.56097,22.98984],[120.56002,22.98889],[120.55929,22.98914],[120.56076,22.99022],[120.56097,22.98984]]],[[[120.55832,22.99642],[120.55847,22.99725],[120.56094,22.99873],[120.56211,23.0],[120.56349,22.99796],[120.56193,22.9969],[120.55832,22.99642]]],[[[120.55803,22.99919],[120.55797,22.99937],[120.55799,22.99971],[120.55803,22.99919]]],[[[120.55987,22.99906],[120.55857,22.99956],[120.55979,22.9997],[120.55987,22.99906]]],[[[120.55988,22.99953],[120.56075,23.00013],[120.56101,22.99969],[120.55993,22.99907],[120.55988,22.99953]]],[[[120.55392,22.99994],[120.55699,22.99965],[120.5575,23.00025],[120.55792,22.9992],[120.55352,22.99926],[120.55392,22.99994]]],[[[120.56338,23.00203],[120.56217,23.00493],[120.56268,23.00674],[120.56246,23.00842],[120.56373,23.00833],[120.56396,23.00715],[120.56336,23.00534],[120.56516,23.00266],[120.56338,23.00203]]],[[[120.56121,23.02276],[120.5621,23.02273],[120.56198,23.02212],[120.56113,23.02216],[120.56121,23.02276]]]]}},{"type":"Feature","properties":{"zone":"特定農業區","town":"杉林區"},"geometry":{"type":"MultiPolygon","coordinates":[[[[120.53023,22.93214],[120.53032,22.93232],[120.53035,22.9323],[120.53023,22.93214]]],[[[120.52736,22.93633],[120.52729,22.93807],[120.52698,22.93877],[120.52772,22.93761],[120.52736,22.93633]]],[[[120.53439,22.93833],[120.53538,22.9377],[120.53396,22.93714],[120.53439,22.93833]]],[[[120.52409,22.94063],[120.5242,22.94036],[120.52405,22.94034],[120.52409,22.94063]]],[[[120.52398,22.94163],[120.52398,22.93996],[120.52368,22.93995],[120.52398,22.94163]]],[[[120.52621,22.94548],[120.52621,22.9455],[120.52691,22.94555],[120.52621,22.94548]]],[[[120.53799,22.9462],[120.53922,22.94533],[120.53885,22.94485],[120.53777,22.94547],[120.53757,22.94585],[120.53799,22.9462]]],[[[120.54067,22.94755],[120.54075,22.94774],[120.54083,22.94768],[120.54067,22.94755]]],[[[120.52389,22.94786],[120.52398,22.94788],[120.5239,22.94774],[120.52389,22.94786]]],[[[120.54057,22.94817],[120.54017,22.94788],[120.54019,22.94803],[120.53934,22.94838],[120.54057,22.94817]]],[[[120.5251,22.95244],[120.52511,22.95244],[120.5251,22.95243],[120.5251,22.95244]]],[[[120.53439,22.95464],[120.53435,22.9544],[120.53433,22.95468],[120.53439,22.95464]]],[[[120.53424,22.95472],[120.53432,22.95491],[120.53433,22.95468],[120.53424,22.95472]]],[[[120.53379,22.95489],[120.53381,22.95489],[120.5338,22.95486],[120.53379,22.95489]]],[[[120.53383,22.95511],[120.53377,22.95499],[120.53376,22.95511],[120.53383,22.95511]]],[[[120.52481,22.97063],[120.52666,22.97248],[120.52826,22.97263],[120.52757,22.96979],[120.52554,22.96827],[120.52481,22.97063]]],[[[120.5322,22.97633],[120.53338,22.97678],[120.53502,22.97802],[120.53356,22.97684],[120.5327,22.97643],[120.5322,22.97633]]],[[[120.53546,22.9783],[120.53513,22.97806],[120.53511,22.97808],[120.53546,22.9783]]],[[[120.53944,22.98575],[120.53841,22.9863],[120.5387,22.9869],[120.53996,22.9874],[120.5394,22.98694],[120.53978,22.98641],[120.53889,22.98615],[120.53969,22.98627],[120.53911,22.98599],[120.53944,22.98575]]],[[[120.53928,22.98777],[120.53977,22.98804],[120.54104,22.98869],[120.54116,22.98825],[120.53944,22.98764],[120.53928,22.98777]]],[[[120.54157,22.98883],[120.54156,22.98863],[120.54144,22.98873],[120.54157,22.98883]]],[[[120.53927,22.98808],[120.5395,22.98881],[120.54098,22.98996],[120.54102,22.98874],[120.53927,22.98808]]],[[[120.54175,22.99029],[120.54155,22.98967],[120.54129,22.98949],[120.54175,22.99029]]],[[[120.54352,22.95596],[120.54404,22.95519],[120.5432,22.95558],[120.54352,22.95596]]],[[[120.54743,22.95616],[120.54787,22.9566],[120.54804,22.95629],[120.54743,22.95616]]],[[[120.54722,22.9583],[120.54627,22.95834],[120.54621,22.95843],[120.54722,22.9583]]],[[[120.53036,22.93442],[120.52799,22.93754],[120.52765,22.94056],[120.52715,22.94098],[120.5267,22.94049],[120.52618,22.94122],[120.52561,22.94367],[120.52466,22.94525],[120.52583,22.95386],[120.52548,22.95515],[120.52448,22.95476],[120.52491,22.95829],[120.52369,22.95977],[120.52408,22.96256],[120.52492,22.96452],[120.52782,22.96779],[120.52958,22.97421],[120.53145,22.97615],[120.53249,22.97634],[120.53323,22.97662],[120.53611,22.97857],[120.53795,22.98013],[120.53783,22.98062],[120.5382,22.98028],[120.53997,22.98062],[120.53977,22.98086],[120.54199,22.9812],[120.54387,22.98193],[120.54421,22.98222],[120.54458,22.98203],[120.54485,22.98195],[120.545,22.98194],[120.54426,22.98226],[120.54461,22.98349],[120.54541,22.98361],[120.54649,22.98326],[120.55268,22.98863],[120.55792,22.99207],[120.56035,22.99142],[120.55639,22.9886],[120.55206,22.98254],[120.5512,22.98268],[120.55235,22.98207],[120.55401,22.98252],[120.55473,22.98154],[120.55569,22.98173],[120.55594,22.98051],[120.55534,22.97949],[120.55565,22.97909],[120.55648,22.97967],[120.55694,22.97918],[120.5567,22.97867],[120.55806,22.97872],[120.55778,22.97882],[120.559,22.97899],[120.5587,22.97915],[120.55914,22.97975],[120.55943,22.97937],[120.5591,22.97885],[120.56124,22.97934],[120.5622,22.97825],[120.56127,22.97851],[120.56027,22.97763],[120.55803,22.9776],[120.55626,22.97502],[120.5552,22.97488],[120.55617,22.97443],[120.55576,22.97421],[120.55631,22.97339],[120.55685,22.97368],[120.5567,22.97321],[120.55822,22.97201],[120.55747,22.97211],[120.55735,22.97155],[120.5553,22.97209],[120.55542,22.97152],[120.55422,22.97073],[120.5538,22.97089],[120.55349,22.96984],[120.55299,22.97013],[120.55239,22.96881],[120.55182,22.96906],[120.5517,22.96846],[120.54885,22.96824],[120.54822,22.96791],[120.54842,22.96752],[120.54781,22.96657],[120.54702,22.9665],[120.54802,22.96803],[120.54755,22.9688],[120.54781,22.96924],[120.54393,22.9721],[120.54076,22.9692],[120.54261,22.9679],[120.54142,22.96869],[120.5402,22.96796],[120.54017,22.96664],[120.54105,22.96703],[120.54151,22.96663],[120.54235,22.96761],[120.54281,22.96765],[120.54152,22.96643],[120.5411,22.96639],[120.54066,22.96672],[120.54023,22.96594],[120.53855,22.96614],[120.53752,22.96219],[120.53889,22.963],[120.53945,22.96218],[120.5401,22.9625],[120.54074,22.96177],[120.54237,22.96327],[120.54432,22.96394],[120.54582,22.96492],[120.54642,22.96465],[120.54471,22.962],[120.5434,22.96145],[120.5437,22.96141],[120.54248,22.95896],[120.54265,22.95854],[120.54194,22.95863],[120.54106,22.95767],[120.5413,22.95673],[120.54055,22.9553],[120.54121,22.95216],[120.53946,22.95092],[120.53934,22.94871],[120.53771,22.94851],[120.53667,22.9466],[120.53453,22.94585],[120.53399,22.9452],[120.53594,22.94475],[120.53551,22.9435],[120.53615,22.94321],[120.53591,22.94258],[120.53633,22.9421],[120.53562,22.94146],[120.53603,22.94156],[120.53615,22.94063],[120.53396,22.94058],[120.53273,22.93892],[120.53306,22.93817],[120.53252,22.93517],[120.53036,22.93442]],[[120.55787,22.99116],[120.55787,22.99117],[120.55755,22.99107],[120.55787,22.99116]],[[120.55188,22.98675],[120.55237,22.98798],[120.55247,22.98829],[120.55188,22.98675]],[[120.55236,22.98653],[120.55287,22.98642],[120.5519,22.98666],[120.55236,22.98653]],[[120.54793,22.9835],[120.54778,22.98311],[120.54787,22.98297],[120.54817,22.98298],[120.54793,22.9835]],[[120.54806,22.98273],[120.54703,22.98304],[120.546,22.98333],[120.54806,22.98273]],[[120.55068,22.98165],[120.5506,22.98203],[120.55066,22.9816],[120.55068,22.98165]],[[120.55156,22.9808],[120.55151,22.98079],[120.55158,22.98079],[120.55156,22.9808]],[[120.54919,22.98045],[120.54945,22.98067],[120.54883,22.98042],[120.54919,22.98045]],[[120.53846,22.97998],[120.53781,22.97982],[120.53756,22.9797],[120.53846,22.97998]],[[120.54509,22.97869],[120.54624,22.97925],[120.54548,22.97901],[120.54509,22.97869]],[[120.54474,22.97804],[120.54547,22.97874],[120.54555,22.97891],[120.54474,22.97804]],[[120.54027,22.97859],[120.54115,22.97797],[120.54193,22.97754],[120.5412,22.97797],[120.54027,22.97859]],[[120.55762,22.97722],[120.55468,22.97968],[120.5542,22.98077],[120.55209,22.98041],[120.55441,22.9787],[120.5547,22.97904],[120.55553,22.97843],[120.55556,22.97787],[120.55718,22.9767],[120.55762,22.97722]],[[120.53531,22.97652],[120.53536,22.97652],[120.53512,22.97668],[120.53531,22.97652]],[[120.54769,22.97593],[120.54484,22.978],[120.54406,22.97733],[120.54735,22.97533],[120.54769,22.97593]],[[120.54574,22.97381],[120.5444,22.97264],[120.54438,22.97261],[120.54574,22.97381]],[[120.54227,22.9718],[120.54272,22.97265],[120.54245,22.97316],[120.54578,22.97536],[120.54324,22.97672],[120.54464,22.97803],[120.54149,22.97549],[120.54044,22.97293],[120.54227,22.9718]],[[120.54037,22.97117],[120.54116,22.97172],[120.54042,22.97253],[120.54133,22.97219],[120.54044,22.97278],[120.5398,22.97152],[120.54037,22.97117]],[[120.55058,22.96936],[120.55022,22.96903],[120.54981,22.96922],[120.5501,22.96896],[120.5504,22.96896],[120.55058,22.96936]],[[120.54947,22.96887],[120.54934,22.96887],[120.54962,22.96867],[120.54947,22.96887]],[[120.53569,22.96836],[120.53613,22.96771],[120.53625,22.96783],[120.53569,22.96836]],[[120.5348,22.96733],[120.53541,22.96764],[120.53496,22.96808],[120.53525,22.96851],[120.53422,22.96934],[120.53349,22.96786],[120.53451,22.96677],[120.53503,22.96691],[120.5348,22.96733]],[[120.53491,22.96651],[120.5349,22.96685],[120.53471,22.9668],[120.53491,22.96651]],[[120.54115,22.96675],[120.54099,22.96686],[120.54125,22.96649],[120.54115,22.96675]],[[120.53351,22.96642],[120.53377,22.96713],[120.53341,22.96785],[120.53353,22.96886],[120.53422,22.9694],[120.53515,22.96979],[120.53496,22.97004],[120.53307,22.96854],[120.53221,22.9666],[120.53292,22.96684],[120.53351,22.96642]],[[120.53322,22.96595],[120.53341,22.96628],[120.53287,22.96597],[120.53322,22.96595]],[[120.5333,22.96589],[120.53437,22.96628],[120.53444,22.9668],[120.53386,22.96713],[120.5333,22.96589]],[[120.53284,22.96573],[120.53319,22.96591],[120.53319,22.96592],[120.53284,22.96573]],[[120.52773,22.96531],[120.52759,22.96542],[120.52772,22.96529],[120.52773,22.96531]],[[120.52924,22.96423],[120.53012,22.96529],[120.52922,22.96424],[120.52924,22.96423]],[[120.53063,22.9616],[120.53146,22.96118],[120.53148,22.96118],[120.53063,22.9616]],[[120.53718,22.96086],[120.53621,22.96023],[120.53668,22.95987],[120.53718,22.96086]],[[120.53341,22.96031],[120.53236,22.96127],[120.53152,22.96161],[120.53215,22.95978],[120.53231,22.95973],[120.53306,22.96021],[120.53341,22.96031]],[[120.53754,22.95924],[120.53698,22.96035],[120.53678,22.95953],[120.53754,22.95924]],[[120.53608,22.96009],[120.5358,22.95951],[120.53635,22.95913],[120.53647,22.95899],[120.53662,22.95978],[120.53608,22.96009]],[[120.53716,22.95919],[120.5369,22.95911],[120.53746,22.9589],[120.53716,22.95919]],[[120.53694,22.95851],[120.53665,22.95963],[120.53645,22.95882],[120.53694,22.95851]],[[120.53095,22.95865],[120.53092,22.95934],[120.53093,22.95865],[120.53095,22.95865]],[[120.54196,22.95914],[120.54152,22.95875],[120.54153,22.95862],[120.5422,22.95885],[120.54196,22.95914]],[[120.52514,22.95854],[120.52559,22.95944],[120.52554,22.95943],[120.52514,22.95854]],[[120.53356,22.95759],[120.53512,22.95943],[120.53406,22.96015],[120.53224,22.95967],[120.5325,22.959],[120.53282,22.95857],[120.53291,22.95854],[120.53317,22.95828],[120.53325,22.95817],[120.53338,22.958],[120.53353,22.95771],[120.53356,22.95759]],[[120.53524,22.95744],[120.53647,22.95898],[120.53571,22.95953],[120.53481,22.95853],[120.53524,22.95744]],[[120.53352,22.95771],[120.53284,22.95854],[120.53352,22.9573],[120.53352,22.95771]],[[120.5335,22.95729],[120.53314,22.95744],[120.53314,22.95725],[120.5335,22.95729]],[[120.52675,22.95744],[120.52635,22.95787],[120.52608,22.95763],[120.52609,22.9568],[120.52653,22.9568],[120.52675,22.95744]],[[120.52721,22.95656],[120.52696,22.95765],[120.52738,22.95775],[120.52747,22.9583],[120.52711,22.9579],[120.52676,22.95741],[120.52656,22.9566],[120.52721,22.95656]],[[120.52653,22.95678],[120.5258,22.95649],[120.5265,22.95606],[120.52653,22.95678]],[[120.52675,22.95589],[120.52656,22.95625],[120.52651,22.95598],[120.52675,22.95589]],[[120.52611,22.95467],[120.52618,22.95454],[120.52621,22.9548],[120.52611,22.95467]],[[120.52583,22.9518],[120.52579,22.95152],[120.5258,22.95151],[120.52583,22.9518]],[[120.53437,22.95054],[120.53527,22.94997],[120.53535,22.9501],[120.53437,22.95054]],[[120.53281,22.94761],[120.53311,22.94725],[120.53321,22.94742],[120.53281,22.94761]],[[120.53373,22.94668],[120.53326,22.94651],[120.53347,22.94627],[120.53373,22.94668]],[[120.53227,22.94569],[120.53381,22.94596],[120.53331,22.94632],[120.53277,22.94708],[120.53207,22.94732],[120.53198,22.94668],[120.53188,22.94724],[120.53266,22.94817],[120.53266,22.94921],[120.53337,22.94916],[120.53281,22.94988],[120.53246,22.94931],[120.53213,22.95191],[120.5318,22.95235],[120.53294,22.95335],[120.53258,22.9502],[120.53362,22.94972],[120.53325,22.95003],[120.53362,22.95068],[120.53302,22.95094],[120.53333,22.95227],[120.5339,22.95254],[120.53383,22.95295],[120.53517,22.95323],[120.53458,22.95458],[120.53555,22.95414],[120.53569,22.95456],[120.53467,22.95498],[120.53542,22.95629],[120.53472,22.95677],[120.53401,22.9552],[120.53362,22.95537],[120.53374,22.95378],[120.53223,22.95324],[120.53177,22.95237],[120.53244,22.9489],[120.53237,22.94815],[120.53191,22.94742],[120.53183,22.94721],[120.53185,22.94686],[120.53227,22.94569]],[[120.53187,22.94519],[120.53194,22.94562],[120.53193,22.94567],[120.53187,22.94519]],[[120.53434,22.94446],[120.53415,22.94444],[120.53413,22.94411],[120.53434,22.94446]],[[120.53089,22.94312],[120.53195,22.9451],[120.53062,22.94325],[120.53089,22.94312]],[[120.53505,22.94282],[120.5349,22.94255],[120.53513,22.94269],[120.53505,22.94282]],[[120.53008,22.94214],[120.53008,22.94235],[120.53005,22.9422],[120.53008,22.94214]],[[120.53549,22.94207],[120.53511,22.94177],[120.53563,22.942],[120.53549,22.94207]],[[120.52804,22.94148],[120.52619,22.94546],[120.52773,22.94556],[120.52717,22.94562],[120.52615,22.94551],[120.52654,22.94463],[120.52804,22.94148]],[[120.5291,22.9403],[120.53011,22.94074],[120.53084,22.94297],[120.52975,22.94079],[120.52914,22.94036],[120.52848,22.94053],[120.52776,22.94063],[120.52774,22.94058],[120.5291,22.9403]]],[[[120.54043,22.97255],[120.54037,22.97257],[120.54041,22.97262],[120.54043,22.97255]]],[[[120.54542,22.96468],[120.54593,22.96548],[120.54609,22.96522],[120.54542,22.96468]]],[[[120.5433,22.97682],[120.54339,22.97691],[120.5434,22.97691],[120.5433,22.97682]]],[[[120.54214,22.98142],[120.54225,22.9813],[120.54188,22.98131],[120.54214,22.98142]]],[[[120.54264,22.98162],[120.54282,22.98161],[120.54246,22.98151],[120.54264,22.98162]]],[[[120.5439,22.98258],[120.54379,22.98194],[120.5429,22.98173],[120.5439,22.98258]]],[[[120.54173,22.98817],[120.54214,22.98773],[120.54151,22.98812],[120.54173,22.98817]]],[[[120.54933,22.98904],[120.54797,22.98839],[120.54449,22.98833],[120.54308,22.98774],[120.54169,22.98831],[120.54355,22.98867],[120.54355,22.98916],[120.54426,22.98873],[120.5452,22.98956],[120.54819,22.99012],[120.55,22.99001],[120.54933,22.98904]]],[[[120.5477,22.99179],[120.54791,22.99194],[120.54793,22.99171],[120.5477,22.99179]]],[[[120.54975,22.99212],[120.54976,22.9921],[120.54974,22.9921],[120.54975,22.99212]]],[[[120.54441,22.9896],[120.54211,22.98987],[120.54243,22.99039],[120.54241,22.98989],[120.5428,22.98986],[120.54313,22.99042],[120.54361,22.99074],[120.54423,22.9909],[120.54322,22.98989],[120.54433,22.98978],[120.5496,22.99126],[120.55006,22.99118],[120.54998,22.99512],[120.55041,22.99186],[120.55126,22.99122],[120.55089,22.99087],[120.55055,22.9907],[120.55058,22.99119],[120.55047,22.99153],[120.55053,22.99087],[120.55009,22.99072],[120.55016,22.99108],[120.55,22.99067],[120.54923,22.99095],[120.54441,22.9896]]],[[[120.54161,22.99252],[120.54187,22.99251],[120.54182,22.99224],[120.54161,22.99252]]],[[[120.54306,22.99165],[120.54797,22.99403],[120.54865,22.99387],[120.54391,22.99147],[120.54306,22.99165]]],[[[120.54214,22.99428],[120.54169,22.99429],[120.54213,22.99438],[120.54214,22.99428]]],[[[120.5487,22.9948],[120.54871,22.99553],[120.54927,22.99555],[120.54926,22.99482],[120.5487,22.9948]]],[[[120.54927,22.99564],[120.54878,22.99558],[120.54879,22.99659],[120.54933,22.99661],[120.54927,22.99564]]],[[[120.54457,22.99707],[120.54413,22.99628],[120.54359,22.99603],[120.54457,22.99707]]],[[[120.54988,22.99505],[120.54951,22.99867],[120.55094,22.99833],[120.55102,22.99885],[120.55106,22.99842],[120.55159,22.9977],[120.55057,22.99744],[120.55051,22.99727],[120.55075,22.99697],[120.55126,22.99703],[120.55041,22.9966],[120.55063,22.9962],[120.54988,22.99505]],[[120.54977,22.99702],[120.54976,22.9967],[120.54976,22.99667],[120.54977,22.99702]]],[[[120.5453,22.99749],[120.54475,22.9968],[120.54515,22.99769],[120.5453,22.99749]]],[[[120.54749,22.99734],[120.54678,22.99785],[120.5459,22.99734],[120.54627,22.99807],[120.54693,22.99824],[120.54737,22.99759],[120.54757,22.99842],[120.54819,22.998],[120.54935,22.9983],[120.54934,22.99664],[120.54879,22.99663],[120.54875,22.99773],[120.54749,22.99734]]],[[[120.56284,22.96966],[120.56263,22.96917],[120.56215,22.9694],[120.56251,22.96975],[120.56284,22.96966]]],[[[120.55959,22.97184],[120.56064,22.97119],[120.55952,22.97159],[120.55959,22.97184]]],[[[120.56106,22.97165],[120.56075,22.97154],[120.56037,22.97171],[120.56094,22.9718],[120.56106,22.97165]]],[[[120.55914,22.97199],[120.55966,22.9722],[120.55988,22.97193],[120.55954,22.97189],[120.55951,22.97166],[120.55914,22.97199]]],[[[120.55692,22.97549],[120.55665,22.9754],[120.5568,22.97559],[120.55692,22.97549]]],[[[120.56465,22.9771],[120.56406,22.97609],[120.56365,22.97753],[120.56465,22.9771]]],[[[120.55149,22.98857],[120.55257,22.98887],[120.551,22.9876],[120.55149,22.98857]]],[[[120.55366,22.99039],[120.55535,22.99207],[120.55576,22.99191],[120.55366,22.99039]]],[[[120.55084,22.99389],[120.55082,22.99386],[120.55082,22.99389],[120.55084,22.99389]]],[[[120.55966,22.99573],[120.55816,22.99466],[120.55691,22.99497],[120.55829,22.99495],[120.55872,22.99564],[120.55966,22.99573]]],[[[120.55083,22.99474],[120.55084,22.99611],[120.55118,22.99474],[120.55083,22.99474]]],[[[120.5519,22.99703],[120.55133,22.99716],[120.55065,22.99728],[120.55152,22.99737],[120.55169,22.99782],[120.5519,22.99703]]],[[[120.55229,22.998],[120.55214,22.99893],[120.55328,22.99898],[120.55302,22.99803],[120.55229,22.998]]],[[[120.55171,22.9983],[120.55112,22.99843],[120.55114,22.99886],[120.55206,22.99893],[120.55147,22.99855],[120.55171,22.9983]]],[[[120.55359,22.99898],[120.55333,22.99892],[120.55329,22.99898],[120.55359,22.99898]]],[[[120.55247,22.999],[120.55336,22.99999],[120.55359,22.99903],[120.55247,22.999]]],[[[120.55813,22.99766],[120.55989,22.99885],[120.55373,22.99904],[120.55792,22.9992],[120.55797,22.99972],[120.55795,22.99919],[120.56009,22.999],[120.56276,23.00057],[120.5657,23.00169],[120.56569,23.00065],[120.56349,22.99796],[120.56211,23.0],[120.56094,22.99873],[120.55847,22.99725],[120.55813,22.99766]],[[120.56279,23.0005],[120.56272,23.00035],[120.56291,23.00042],[120.56279,23.0005]]],[[[120.57641,23.00088],[120.57711,23.00113],[120.57753,23.00114],[120.57641,23.00088]]],[[[120.57527,23.0012],[120.57422,23.00121],[120.57385,23.0015],[120.57403,23.00156],[120.57527,23.0012]]],[[[120.57465,23.00143],[120.57615,23.00153],[120.57619,23.00135],[120.57551,23.00126],[120.57465,23.00143]]],[[[120.57413,23.00278],[120.5744,23.00269],[120.5742,23.00259],[120.57413,23.00278]]],[[[120.55548,23.03681],[120.55593,23.03693],[120.55591,23.03662],[120.55548,23.03681]]]]}},{"type":"Feature","properties":{"zone":"鄉村區","town":"杉林區"},"geometry":{"type":"MultiPolygon","coordinates":[[[[120.53549,22.94207],[120.53539,22.9417],[120.53511,22.94177],[120.53549,22.94207]]],[[[120.5349,22.94255],[120.53505,22.94282],[120.53513,22.94269],[120.5349,22.94255]]],[[[120.53434,22.94446],[120.53401,22.94419],[120.53408,22.94469],[120.53434,22.94446]]],[[[120.53253,22.94549],[120.53214,22.94665],[120.53207,22.94732],[120.53381,22.94596],[120.53253,22.94549]]],[[[120.53326,22.94651],[120.53373,22.94668],[120.53347,22.94627],[120.53326,22.94651]]],[[[120.53321,22.94742],[120.53281,22.9474],[120.53281,22.94761],[120.53321,22.94742]]],[[[120.53266,22.94904],[120.53257,22.94953],[120.53267,22.94979],[120.53302,22.94984],[120.53337,22.94916],[120.53266,22.94904]]],[[[120.53437,22.95054],[120.53527,22.94997],[120.53431,22.95043],[120.53437,22.95054]]],[[[120.53263,22.95004],[120.53259,22.95253],[120.53294,22.95335],[120.53392,22.95376],[120.53364,22.95538],[120.53381,22.95499],[120.53472,22.95677],[120.53542,22.95629],[120.53467,22.95498],[120.53566,22.9544],[120.53458,22.95458],[120.53517,22.95323],[120.53383,22.95295],[120.5339,22.95254],[120.53333,22.95227],[120.53302,22.95094],[120.53362,22.95068],[120.53325,22.95003],[120.53362,22.94972],[120.53263,22.95004]],[[120.53381,22.95489],[120.53379,22.95489],[120.5338,22.95486],[120.53381,22.95489]],[[120.53432,22.95491],[120.53424,22.95472],[120.53433,22.95468],[120.53432,22.95491]],[[120.53439,22.95464],[120.53431,22.95442],[120.53435,22.9544],[120.53439,22.95464]]],[[[120.52618,22.95454],[120.52611,22.95467],[120.52621,22.9548],[120.52618,22.95454]]],[[[120.52651,22.95598],[120.52691,22.95613],[120.52675,22.95589],[120.52651,22.95598]]],[[[120.5258,22.95649],[120.52653,22.95678],[120.5265,22.95606],[120.5258,22.95649]]],[[[120.52609,22.9568],[120.52635,22.95787],[120.52668,22.95775],[120.52653,22.9568],[120.52609,22.9568]]],[[[120.53314,22.95744],[120.5335,22.95729],[120.53314,22.95725],[120.53314,22.95744]]],[[[120.52656,22.95671],[120.52676,22.95741],[120.52711,22.9579],[120.52747,22.9583],[120.52696,22.95765],[120.52721,22.95656],[120.52656,22.95671]]],[[[120.53518,22.9575],[120.53529,22.958],[120.53524,22.95744],[120.53518,22.9575]]],[[[120.53352,22.9573],[120.53284,22.95854],[120.5336,22.95734],[120.53352,22.9573]]],[[[120.53356,22.95759],[120.53224,22.95955],[120.53305,22.96018],[120.5335,22.95971],[120.53383,22.95996],[120.53355,22.96023],[120.53406,22.96015],[120.53512,22.95943],[120.53356,22.95759]]],[[[120.53224,22.95973],[120.53152,22.96161],[120.53341,22.96031],[120.53306,22.96021],[120.53224,22.95973]]],[[[120.53063,22.9616],[120.53148,22.96118],[120.5306,22.96122],[120.53063,22.9616]]],[[[120.53301,22.96564],[120.53295,22.96591],[120.53319,22.96592],[120.53301,22.96564]]],[[[120.53322,22.96595],[120.533,22.96608],[120.53341,22.96628],[120.53322,22.96595]]],[[[120.53321,22.9658],[120.53382,22.96679],[120.53386,22.96713],[120.53444,22.9668],[120.53437,22.96628],[120.53321,22.9658]]],[[[120.5349,22.96685],[120.53491,22.96651],[120.53471,22.9668],[120.5349,22.96685]]],[[[120.53392,22.96719],[120.53349,22.96786],[120.53422,22.96934],[120.53525,22.96851],[120.53496,22.96808],[120.53541,22.96764],[120.53468,22.96755],[120.53503,22.96691],[120.53392,22.96719]]],[[[120.53348,22.96638],[120.53221,22.9666],[120.53262,22.96764],[120.53384,22.96944],[120.53496,22.97004],[120.53515,22.96979],[120.53422,22.9694],[120.53353,22.96886],[120.53341,22.96785],[120.53377,22.96713],[120.53348,22.96638]]],[[[120.5356,22.94368],[120.5358,22.94412],[120.536,22.94405],[120.53595,22.94361],[120.5356,22.94368]]],[[[120.53732,22.95881],[120.53716,22.95919],[120.53746,22.9589],[120.53732,22.95881]]],[[[120.5371,22.95869],[120.53645,22.95882],[120.53665,22.95963],[120.5371,22.95869]]],[[[120.53563,22.95929],[120.53647,22.95898],[120.53623,22.95878],[120.53563,22.95929]]],[[[120.5358,22.95951],[120.53662,22.95978],[120.53647,22.95899],[120.5358,22.95951]]],[[[120.53776,22.95942],[120.53678,22.95953],[120.53679,22.95997],[120.53698,22.96035],[120.53776,22.95942]]],[[[120.53685,22.96101],[120.53718,22.96086],[120.53668,22.95987],[120.53621,22.96023],[120.53685,22.96101]]],[[[120.54072,22.96179],[120.5401,22.9625],[120.53945,22.96218],[120.53889,22.963],[120.53752,22.96219],[120.53739,22.96263],[120.53858,22.96524],[120.53855,22.96614],[120.54023,22.96594],[120.54066,22.96672],[120.54152,22.96643],[120.54281,22.96765],[120.54076,22.9692],[120.54393,22.9721],[120.54781,22.96924],[120.54755,22.9688],[120.54802,22.96803],[120.54668,22.9656],[120.54515,22.965],[120.54542,22.96468],[120.54605,22.96507],[120.54432,22.96394],[120.54221,22.96318],[120.54072,22.96179]]],[[[120.54023,22.96793],[120.54078,22.96738],[120.54036,22.9665],[120.54017,22.96664],[120.54023,22.96793]]],[[[120.53569,22.96836],[120.53613,22.96771],[120.53552,22.96823],[120.53569,22.96836]]],[[[120.5398,22.97152],[120.54044,22.97278],[120.54133,22.97219],[120.54042,22.97253],[120.54116,22.97172],[120.54037,22.97117],[120.5398,22.97152]],[[120.54037,22.97257],[120.54043,22.97257],[120.54041,22.97262],[120.54037,22.97257]]],[[[120.54216,22.97165],[120.54043,22.97284],[120.5413,22.97501],[120.54183,22.97489],[120.54149,22.97549],[120.54464,22.97803],[120.54324,22.97672],[120.54578,22.97536],[120.54245,22.97316],[120.54272,22.97265],[120.54216,22.97165]],[[120.54339,22.97691],[120.5433,22.97682],[120.5434,22.97691],[120.54339,22.97691]]],[[[120.54735,22.97533],[120.54406,22.97733],[120.54484,22.978],[120.54787,22.9758],[120.54735,22.97533]]],[[[120.54521,22.99697],[120.54523,22.9978],[120.54619,22.99805],[120.54572,22.99717],[120.54521,22.99697]]],[[[120.54698,22.99797],[120.54757,22.99842],[120.54769,22.99766],[120.54698,22.99797]]],[[[120.5478,22.99848],[120.54934,22.99868],[120.54936,22.99842],[120.54819,22.998],[120.5478,22.99848]]],[[[120.54957,22.99871],[120.54995,22.99854],[120.5496,22.99853],[120.54957,22.99871]]],[[[120.54577,22.9981],[120.54943,23.00035],[120.55061,22.99887],[120.54839,22.99869],[120.54577,22.9981]]],[[[120.54415,23.02025],[120.54381,23.0201],[120.54396,23.02031],[120.54415,23.02025]]],[[[120.54394,23.0209],[120.54409,23.02132],[120.54432,23.02067],[120.54394,23.0209]]],[[[120.54405,23.0205],[120.54344,23.02119],[120.54396,23.02162],[120.54373,23.02095],[120.54406,23.0208],[120.54405,23.0205]]],[[[120.54429,23.02159],[120.54511,23.02093],[120.54497,23.02068],[120.54441,23.02056],[120.54429,23.02159]]],[[[120.54292,23.02148],[120.54256,23.02175],[120.54292,23.02176],[120.54292,23.02148]]],[[[120.54295,23.0226],[120.54263,23.02275],[120.54285,23.02293],[120.54295,23.0226]]],[[[120.5491,23.03716],[120.54941,23.0368],[120.54902,23.03687],[120.5491,23.03716]]],[[[120.54919,23.03763],[120.5501,23.03806],[120.55047,23.03757],[120.54933,23.03724],[120.54919,23.03763]]],[[[120.55563,22.97795],[120.55575,22.97852],[120.5547,22.97904],[120.55441,22.9787],[120.55209,22.98041],[120.5542,22.98077],[120.55468,22.97968],[120.55762,22.97722],[120.55718,22.9767],[120.55563,22.97795]]],[[[120.55802,22.98054],[120.55727,22.98159],[120.55798,22.98194],[120.55779,22.98212],[120.55776,22.98243],[120.5581,22.98179],[120.55824,22.98236],[120.55892,22.98227],[120.55901,22.98309],[120.55969,22.98321],[120.56016,22.98235],[120.55926,22.98181],[120.559,22.98077],[120.55859,22.98117],[120.55802,22.98054]],[[120.55931,22.98304],[120.55936,22.98297],[120.55937,22.98303],[120.55931,22.98304]],[[120.55979,22.98236],[120.55942,22.98272],[120.55933,22.98265],[120.55979,22.98236]]],[[[120.56166,22.98715],[120.56104,22.98655],[120.5607,22.98683],[120.56166,22.98715]]],[[[120.55032,22.99834],[120.5502,22.99877],[120.55097,22.99884],[120.55101,22.99835],[120.55032,22.99834]]],[[[120.55539,23.01445],[120.55546,23.01526],[120.55564,23.01522],[120.55539,23.01445]]],[[[120.55517,23.01465],[120.55521,23.01576],[120.55535,23.01577],[120.55517,23.01465]]],[[[120.55564,23.01537],[120.55547,23.01528],[120.55551,23.01544],[120.55564,23.01537]]],[[[120.55457,23.01489],[120.55477,23.01679],[120.55424,23.01648],[120.55372,23.01717],[120.55397,23.01739],[120.55399,23.01748],[120.55505,23.0167],[120.55511,23.01487],[120.55457,23.01489]]],[[[120.555,23.0168],[120.55482,23.01694],[120.555,23.01695],[120.555,23.0168]]],[[[120.55441,23.01735],[120.55466,23.01724],[120.55442,23.01729],[120.55441,23.01735]]],[[[120.5538,23.01731],[120.5539,23.01752],[120.55394,23.01752],[120.5538,23.01731]]],[[[120.55488,23.01723],[120.55494,23.01771],[120.5553,23.01768],[120.55488,23.01723]]],[[[120.56258,23.02205],[120.56198,23.02212],[120.56219,23.02264],[120.56258,23.02205]]],[[[120.56113,23.02216],[120.5597,23.02261],[120.55969,23.0229],[120.56121,23.02276],[120.56113,23.02216]],[[120.56,23.02255],[120.56002,23.02253],[120.56002,23.02255],[120.56,23.02255]]],[[[120.55949,23.02292],[120.55968,23.02295],[120.55965,23.02279],[120.55949,23.02292]]],[[[120.56209,23.02274],[120.5619,23.02314],[120.5622,23.02284],[120.56209,23.02274]]],[[[120.56084,23.02315],[120.56123,23.02324],[120.5614,23.02326],[120.5613,23.02288],[120.56084,23.02315]]],[[[120.5635,23.02328],[120.56371,23.02334],[120.56357,23.02324],[120.5635,23.02328]]],[[[120.56085,23.0237],[120.56107,23.02347],[120.56063,23.0236],[120.56085,23.0237]]],[[[120.56253,23.02371],[120.56283,23.02374],[120.56265,23.02349],[120.56253,23.02371]]],[[[120.5626,23.0249],[120.5625,23.02473],[120.56237,23.02489],[120.5626,23.0249]]],[[[120.55074,23.03681],[120.55031,23.03605],[120.55028,23.03676],[120.55074,23.03681]]],[[[120.55001,23.03681],[120.55023,23.03612],[120.54976,23.03616],[120.55001,23.03681]]],[[[120.55057,23.03685],[120.55029,23.0368],[120.5504,23.03717],[120.55057,23.03685]]],[[[120.54976,23.03713],[120.55008,23.03743],[120.5503,23.03721],[120.55008,23.03685],[120.54976,23.03713]]],[[[120.55113,23.03743],[120.55101,23.03722],[120.55092,23.03737],[120.55113,23.03743]]],[[[120.56404,22.98689],[120.5638,22.98719],[120.56412,22.987],[120.56404,22.98689]]],[[[120.56813,22.98752],[120.56817,22.98724],[120.56809,22.98724],[120.56813,22.98752]]],[[[120.56811,22.98656],[120.56735,22.98773],[120.56688,22.98723],[120.56628,22.98783],[120.56595,22.98737],[120.56503,22.98742],[120.56531,22.98703],[120.56477,22.98683],[120.56452,22.987],[120.56427,22.98758],[120.5636,22.9871],[120.56318,22.98735],[120.56326,22.98685],[120.56192,22.98731],[120.56429,22.98818],[120.56536,22.98937],[120.56714,22.99031],[120.56778,22.99012],[120.56717,22.9887],[120.56748,22.98773],[120.56801,22.98763],[120.56811,22.98656]],[[120.56454,22.98715],[120.56496,22.9873],[120.56495,22.98736],[120.56454,22.98715]]],[[[120.57482,22.99833],[120.57433,22.99818],[120.57427,22.99852],[120.57482,22.99833]]],[[[120.57664,22.99829],[120.5763,22.99846],[120.57677,22.99875],[120.57664,22.99829]]],[[[120.57638,22.99912],[120.57652,22.99881],[120.57634,22.99885],[120.57638,22.99912]]],[[[120.57306,22.9985],[120.57215,22.99899],[120.57263,22.99938],[120.5733,22.99917],[120.57691,22.99972],[120.57517,22.9986],[120.57319,22.99914],[120.57306,22.9985]],[[120.57252,22.99888],[120.57255,22.99888],[120.57265,22.99895],[120.57252,22.99888]],[[120.57299,22.9989],[120.57298,22.99906],[120.57294,22.99905],[120.57299,22.9989]],[[120.57306,22.99885],[120.57301,22.99885],[120.57304,22.99879],[120.57306,22.99885]]],[[[120.57296,22.99997],[120.57427,22.99964],[120.5735,22.9993],[120.57269,22.99942],[120.57296,22.99997]]],[[[120.57258,22.99993],[120.57288,22.99994],[120.57268,22.99971],[120.57258,22.99993]]],[[[120.58964,23.00365],[120.58991,23.00376],[120.58959,23.00337],[120.58964,23.00365]]],[[[120.59079,23.00361],[120.59082,23.00381],[120.59103,23.00375],[120.59079,23.00361]]],[[[120.59056,23.00365],[120.59022,23.00396],[120.59061,23.00387],[120.59056,23.00365]]],[[[120.59117,23.00358],[120.59134,23.00427],[120.59171,23.00423],[120.59153,23.00342],[120.59117,23.00358]]],[[[120.59195,23.00388],[120.59209,23.00376],[120.59192,23.00382],[120.59195,23.00388]]],[[[120.59011,23.00372],[120.59,23.00401],[120.5902,23.00396],[120.59011,23.00372]]],[[[120.59108,23.00399],[120.59001,23.00402],[120.58948,23.00419],[120.5898,23.00426],[120.59074,23.00401],[120.59108,23.00399]]],[[[120.59144,23.00504],[120.59075,23.00403],[120.58981,23.00429],[120.58953,23.00432],[120.59144,23.00504]]],[[[120.58132,23.00452],[120.58096,23.00462],[120.58111,23.00483],[120.58132,23.00452]]],[[[120.59172,23.00494],[120.59139,23.00471],[120.59148,23.00512],[120.59172,23.00494]]],[[[120.58123,23.00598],[120.58165,23.00599],[120.58214,23.00601],[120.58148,23.00522],[120.58123,23.00598]]],[[[120.58143,23.00602],[120.58191,23.00648],[120.58214,23.00605],[120.58143,23.00602]]],[[[120.56806,23.0177],[120.5669,23.01837],[120.56735,23.01874],[120.5679,23.01869],[120.56806,23.0177]],[[120.56704,23.01844],[120.56745,23.01861],[120.56733,23.01869],[120.56704,23.01844]]],[[[120.56459,23.02412],[120.56332,23.02415],[120.56307,23.02507],[120.56384,23.02505],[120.56459,23.02412]]],[[[120.56547,23.02581],[120.56537,23.02564],[120.56532,23.02578],[120.56547,23.02581]]]]}},{"type":"Feature","properties":{"zone":"一般農業區","town":"林園區"},"geometry":{"type":"MultiPolygon","coordinates":[[[[120.39789,22.4815],[120.39788,22.48146],[120.39776,22.48155],[120.39789,22.4815]]],[[[120.36136,22.50921],[120.36165,22.51004],[120.36251,22.51],[120.36136,22.50921]]],[[[120.36294,22.51061],[120.36282,22.51056],[120.36281,22.51068],[120.36294,22.51061]]]]}},{"type":"Feature","properties":{"zone":"河川區","town":"林園區"},"geometry":{"type":"MultiPolygon","coordinates":[[[[120.41522,22.47926],[120.41476,22.47941],[120.41554,22.47922],[120.41522,22.47926]]],[[[120.41551,22.47927],[120.41559,22.47936],[120.41556,22.47927],[120.41551,22.47927]]]]}},{"type":"Feature","properties":{"zone":"一般農業區","town":"梓官區"},"geometry":{"type":"MultiPolygon","coordinates":[[[[120.25512,22.71724],[120.25352,22.71827],[120.25098,22.72366],[120.24854,22.72434],[120.2506,22.72408],[120.24955,22.72611],[120.24933,22.7257],[120.24927,22.72782],[120.24871,22.72825],[120.24805,22.7305],[120.24589,22.7346],[120.24712,22.73457],[120.24952,22.73032],[120.24921,22.72932],[120.25111,22.72715],[120.25206,22.72797],[120.25232,22.72851],[120.25189,22.72913],[120.25305,22.73015],[120.25272,22.73055],[120.2534,22.73043],[120.25336,22.73092],[120.25404,22.73116],[120.25519,22.73017],[120.25401,22.72976],[120.25178,22.72748],[120.25383,22.72346],[120.25983,22.72551],[120.26031,22.72694],[120.26011,22.72509],[120.26089,22.72455],[120.25581,22.71881],[120.25519,22.71741],[120.25487,22.71762],[120.25512,22.71724]],[[120.25387,22.7194],[120.25356,22.72023],[120.25259,22.72235],[120.2519,22.72353],[120.25121,22.7244],[120.25108,22.72509],[120.25071,22.72618],[120.25086,22.7265],[120.25076,22.72667],[120.25065,22.72621],[120.25131,22.72405],[120.25387,22.7194]]],[[[120.25548,22.7302],[120.25555,22.73017],[120.2554,22.7302],[120.25548,22.7302]]],[[[120.2596,22.72942],[120.2569,22.73015],[120.25718,22.73057],[120.25751,22.73033],[120.25807,22.7311],[120.25932,22.73105],[120.2596,22.72942]]],[[[120.25392,22.73153],[120.25366,22.73159],[120.25376,22.73171],[120.25392,22.73153]]],[[[120.25386,22.73188],[120.25387,22.73188],[120.25389,22.73184],[120.25386,22.73188]]],[[[120.25318,22.73171],[120.25346,22.73202],[120.25348,22.732],[120.25318,22.73171]]],[[[120.25705,22.73275],[120.25582,22.73284],[120.25585,22.73293],[120.25705,22.73275]]],[[[120.25706,22.73282],[120.25739,22.73298],[120.25742,22.73271],[120.25706,22.73282]]],[[[120.25463,22.73309],[120.25437,22.73289],[120.25462,22.73311],[120.25463,22.73309]]],[[[120.25435,22.73291],[120.25433,22.73292],[120.25462,22.73313],[120.25435,22.73291]]],[[[120.2574,22.73352],[120.25667,22.73315],[120.25654,22.73358],[120.25694,22.73342],[120.2574,22.73352]]],[[[120.25481,22.7335],[120.25485,22.73375],[120.25482,22.7335],[120.25481,22.7335]]],[[[120.2526,22.73381],[120.25225,22.73394],[120.25211,22.73409],[120.2526,22.73381]]],[[[120.25476,22.73422],[120.25477,22.73434],[120.25478,22.73422],[120.25476,22.73422]]],[[[120.25674,22.7352],[120.25616,22.7359],[120.2564,22.73595],[120.25674,22.7352]]],[[[120.2557,22.73591],[120.2555,22.7358],[120.2557,22.73592],[120.2557,22.73591]]],[[[120.25549,22.73587],[120.25571,22.73597],[120.2555,22.73585],[120.25549,22.73587]]],[[[120.2573,22.73573],[120.25711,22.73661],[120.2582,22.73693],[120.25807,22.73559],[120.2573,22.73573]]],[[[120.25801,22.73695],[120.25817,22.73698],[120.25801,22.73694],[120.25801,22.73695]]],[[[120.25201,22.73298],[120.25027,22.73601],[120.24971,22.7359],[120.25003,22.73617],[120.24858,22.74025],[120.24627,22.74009],[120.24646,22.73884],[120.24551,22.73832],[120.24598,22.73643],[120.24505,22.73615],[120.24297,22.74073],[120.24316,22.74137],[120.24244,22.74182],[120.24284,22.74367],[120.2448,22.74633],[120.24322,22.74717],[120.24441,22.74872],[120.24374,22.74962],[120.24404,22.75137],[120.24312,22.75176],[120.24336,22.75353],[120.24472,22.75359],[120.24499,22.75133],[120.24668,22.75076],[120.24671,22.75415],[120.24921,22.75436],[120.25053,22.75703],[120.2495,22.75961],[120.25089,22.76045],[120.25102,22.76131],[120.25161,22.76151],[120.25322,22.76129],[120.25332,22.76107],[120.25374,22.76062],[120.2544,22.76021],[120.25442,22.76001],[120.25466,22.75975],[120.25632,22.75961],[120.25721,22.75976],[120.2574,22.75917],[120.25642,22.75852],[120.25621,22.7581],[120.25611,22.75771],[120.25746,22.75742],[120.25679,22.75573],[120.25673,22.75492],[120.2579,22.75486],[120.25802,22.75435],[120.2581,22.75481],[120.25756,22.75495],[120.25691,22.75493],[120.25677,22.75502],[120.2575,22.7575],[120.25618,22.75778],[120.25642,22.75846],[120.2575,22.75913],[120.25735,22.75982],[120.25467,22.75979],[120.25447,22.76023],[120.2532,22.76134],[120.25177,22.76156],[120.25102,22.76141],[120.25052,22.7637],[120.25204,22.76451],[120.2537,22.7669],[120.25372,22.76765],[120.25504,22.76818],[120.25474,22.76943],[120.25848,22.76987],[120.25925,22.76049],[120.25817,22.75313],[120.2662,22.7527],[120.26688,22.752],[120.2661,22.7495],[120.26119,22.75097],[120.26145,22.74914],[120.26092,22.74897],[120.25948,22.74889],[120.25979,22.74681],[120.25813,22.74638],[120.2591,22.7458],[120.25763,22.74507],[120.25659,22.74416],[120.25795,22.74505],[120.25658,22.7441],[120.25582,22.74291],[120.25661,22.74249],[120.25539,22.74087],[120.25667,22.74243],[120.25861,22.7409],[120.25867,22.7393],[120.25772,22.73867],[120.25731,22.73765],[120.25812,22.73717],[120.25746,22.73754],[120.25726,22.73668],[120.25577,22.73655],[120.25543,22.73613],[120.2549,22.73758],[120.25454,22.73636],[120.25427,22.73741],[120.25339,22.73722],[120.25372,22.73608],[120.25294,22.73597],[120.25318,22.73474],[120.25185,22.73438],[120.25198,22.73414],[120.2527,22.73359],[120.25392,22.73317],[120.25433,22.73292],[120.25276,22.73342],[120.25283,22.73244],[120.25251,22.73301],[120.25201,22.73298]],[[120.25083,22.73838],[120.25086,22.73964],[120.25157,22.73988],[120.25168,22.74088],[120.25109,22.74178],[120.25138,22.74209],[120.25085,22.7419],[120.25068,22.74256],[120.25058,22.74037],[120.25,22.74077],[120.24971,22.74026],[120.24956,22.74063],[120.24941,22.73977],[120.24901,22.73973],[120.24914,22.73929],[120.24947,22.73945],[120.2494,22.73875],[120.24949,22.73931],[120.25022,22.73935],[120.25083,22.73838]],[[120.2554,22.74044],[120.25545,22.74052],[120.2554,22.74052],[120.2554,22.74044]],[[120.25584,22.74115],[120.25547,22.74058],[120.25553,22.74054],[120.25584,22.74115]],[[120.25257,22.74067],[120.25333,22.74056],[120.25373,22.74201],[120.25434,22.74177],[120.25407,22.74245],[120.25368,22.7422],[120.25406,22.7425],[120.2535,22.74349],[120.25299,22.743],[120.253,22.74206],[120.25247,22.74307],[120.25222,22.74192],[120.2526,22.74207],[120.25257,22.74067]],[[120.25526,22.76399],[120.25495,22.76449],[120.25423,22.7636],[120.25333,22.76345],[120.25377,22.76262],[120.25526,22.76399]],[[120.25377,22.75872],[120.25281,22.75836],[120.2526,22.75789],[120.25338,22.75781],[120.25367,22.7577],[120.25377,22.75872]],[[120.26117,22.74955],[120.26086,22.74907],[120.26088,22.74904],[120.26134,22.74916],[120.26117,22.74955]],[[120.25343,22.74875],[120.25302,22.75164],[120.25383,22.75173],[120.254,22.75327],[120.25376,22.7576],[120.2522,22.75786],[120.25225,22.7564],[120.25158,22.75563],[120.25195,22.75541],[120.24956,22.75147],[120.25169,22.75417],[120.2524,22.75389],[120.25145,22.75185],[120.25254,22.75153],[120.25292,22.74993],[120.25253,22.74896],[120.253,22.74866],[120.25343,22.74875]]],[[[120.25998,22.72836],[120.25987,22.7279],[120.25984,22.72865],[120.25998,22.72836]]],[[[120.25967,22.72901],[120.25969,22.729],[120.25981,22.72869],[120.25967,22.72901]]],[[[120.25963,22.72931],[120.25962,22.72929],[120.25961,22.72935],[120.25963,22.72931]]],[[[120.26195,22.7358],[120.26076,22.73704],[120.26092,22.73752],[120.26216,22.7378],[120.26299,22.73685],[120.26195,22.7358]]],[[[120.26021,22.73739],[120.25986,22.73733],[120.25965,22.73737],[120.25965,22.73738],[120.26021,22.73739]]],[[[120.25893,22.73733],[120.25919,22.73739],[120.2595,22.73741],[120.25893,22.73733]]],[[[120.25872,22.73756],[120.25878,22.73761],[120.2587,22.7374],[120.25872,22.73756]]],[[[120.25905,22.73917],[120.25904,22.73878],[120.25902,22.73916],[120.25905,22.73917]]],[[[120.259,22.73888],[120.25899,22.73914],[120.25901,22.73885],[120.259,22.73888]]],[[[120.2595,22.73817],[120.26004,22.73828],[120.2599,22.73912],[120.26145,22.73926],[120.26181,22.74063],[120.26184,22.73996],[120.26252,22.74002],[120.26248,22.73862],[120.26393,22.73929],[120.26343,22.7382],[120.26429,22.7384],[120.26021,22.73743],[120.25954,22.73741],[120.2595,22.73817]],[[120.26021,22.73746],[120.26051,22.73751],[120.26052,22.73753],[120.26021,22.73746]]],[[[120.25839,22.7451],[120.25824,22.74487],[120.25849,22.74524],[120.25839,22.7451]]],[[[120.26354,22.74116],[120.26225,22.74495],[120.2601,22.74481],[120.25917,22.74567],[120.26101,22.74686],[120.26124,22.74495],[120.26257,22.74506],[120.2627,22.74571],[120.26343,22.74568],[120.26366,22.74691],[120.26459,22.74682],[120.26467,22.74813],[120.2643,22.74836],[120.26477,22.74944],[120.266,22.74883],[120.26595,22.74799],[120.26678,22.74805],[120.26668,22.74663],[120.26752,22.74557],[120.26982,22.74514],[120.26988,22.74606],[120.27067,22.74606],[120.27075,22.74653],[120.27,22.74843],[120.27061,22.74838],[120.27114,22.74976],[120.27271,22.7509],[120.27303,22.75169],[120.27152,22.75241],[120.2735,22.75272],[120.2735,22.75087],[120.27188,22.74974],[120.27187,22.74733],[120.27129,22.74531],[120.27051,22.74576],[120.27066,22.74432],[120.26961,22.74362],[120.27031,22.74209],[120.26941,22.74052],[120.26862,22.74041],[120.26805,22.74167],[120.26685,22.74127],[120.26611,22.7419],[120.26504,22.74129],[120.26624,22.73919],[120.26574,22.73872],[120.26554,22.73922],[120.26445,22.73926],[120.26554,22.73781],[120.26491,22.73844],[120.26433,22.73838],[120.26479,22.7385],[120.26354,22.74116]]],[[[120.25908,22.74582],[120.25919,22.74589],[120.2592,22.74588],[120.25908,22.74582]]],[[[120.25919,22.74589],[120.2596,22.74616],[120.25985,22.74632],[120.25919,22.74589]]],[[[120.26011,22.74643],[120.26072,22.74684],[120.26086,22.74693],[120.26011,22.74643]]],[[[120.26135,22.74766],[120.26137,22.74791],[120.26141,22.74734],[120.26135,22.74766]]],[[[120.26677,22.74864],[120.26652,22.74884],[120.2668,22.74883],[120.26677,22.74864]]],[[[120.2674,22.74982],[120.2674,22.75051],[120.26806,22.75047],[120.26856,22.75114],[120.26783,22.74978],[120.2674,22.74982]]],[[[120.275,22.76252],[120.27456,22.76293],[120.27449,22.76342],[120.27481,22.76307],[120.275,22.76252]]],[[[120.26775,22.76755],[120.26755,22.76755],[120.26756,22.76759],[120.26775,22.76755]]]]}},{"type":"Feature","properties":{"zone":"河川區","town":"梓官區"},"geometry":{"type":"MultiPolygon","coordinates":[[[[120.27364,22.75291],[120.27351,22.75289],[120.27364,22.75301],[120.27364,22.75291]]],[[[120.27435,22.75425],[120.27387,22.75373],[120.27372,22.75345],[120.27398,22.75409],[120.27435,22.75425]]],[[[120.27524,22.76193],[120.27411,22.76317],[120.27438,22.76403],[120.27452,22.76302],[120.27524,22.76193]]],[[[120.27457,22.76596],[120.27436,22.76647],[120.27488,22.76561],[120.27457,22.76596]]]]}},{"type":"Feature","properties":{"zone":"特定專用區","town":"梓官區"},"geometry":{"type":"MultiPolygon","coordinates":[[[[120.25423,22.7636],[120.25495,22.76449],[120.25535,22.76386],[120.25377,22.76262],[120.25333,22.76345],[120.25423,22.7636]]],[[[120.26336,22.7674],[120.25854,22.76746],[120.25848,22.76987],[120.26304,22.77018],[120.26336,22.7674]]]]}},{"type":"Feature","properties":{"zone":"特定農業區","town":"梓官區"},"geometry":{"type":"MultiPolygon","coordinates":[[[[120.25748,22.73089],[120.25751,22.73033],[120.25732,22.73067],[120.25748,22.73089]]],[[[120.25506,22.7303],[120.25404,22.73116],[120.25366,22.73098],[120.25319,22.73166],[120.25368,22.73102],[120.25392,22.73153],[120.25506,22.7303]]],[[[120.25554,22.73017],[120.2539,22.73183],[120.25474,22.73248],[120.25491,22.73208],[120.25516,22.73216],[120.25524,22.73212],[120.25528,22.73214],[120.2554,22.73241],[120.25682,22.73175],[120.25722,22.73165],[120.25751,22.73163],[120.25752,22.73165],[120.25787,22.7317],[120.2582,22.7318],[120.25829,22.73173],[120.25867,22.73164],[120.25902,22.73164],[120.25904,22.73158],[120.25917,22.73161],[120.25929,22.73106],[120.25805,22.73111],[120.25748,22.73092],[120.25697,22.73038],[120.2558,22.73063],[120.25554,22.73017]]],[[[120.2554,22.73242],[120.25512,22.7323],[120.25521,22.73248],[120.2554,22.73242]]],[[[120.25433,22.73292],[120.2527,22.73359],[120.25213,22.7341],[120.25258,22.73434],[120.25268,22.73384],[120.25376,22.73347],[120.25411,22.73353],[120.25377,22.73383],[120.25481,22.73395],[120.25433,22.73292]]],[[[120.25545,22.74052],[120.2554,22.74044],[120.2554,22.74052],[120.25545,22.74052]]],[[[120.25584,22.74115],[120.2555,22.74059],[120.25553,22.74054],[120.25547,22.74058],[120.25584,22.74115]]],[[[120.25263,22.74921],[120.25292,22.74993],[120.25254,22.75153],[120.25145,22.75185],[120.2524,22.75389],[120.25169,22.75417],[120.25025,22.75187],[120.24985,22.75142],[120.24955,22.75169],[120.25195,22.75541],[120.25158,22.75563],[120.25225,22.7564],[120.25198,22.7578],[120.25258,22.75787],[120.25376,22.7576],[120.25402,22.75443],[120.25383,22.75173],[120.25302,22.75164],[120.25343,22.74875],[120.25263,22.74921]]],[[[120.25358,22.75876],[120.25367,22.7577],[120.2526,22.75789],[120.25358,22.75876]]],[[[120.26222,22.72693],[120.26087,22.72462],[120.26017,22.72504],[120.26052,22.72683],[120.25925,22.73232],[120.25916,22.73162],[120.2582,22.73181],[120.25722,22.73166],[120.25522,22.73251],[120.25475,22.73261],[120.25435,22.73284],[120.25475,22.73328],[120.25667,22.73268],[120.25709,22.73276],[120.25761,22.73267],[120.25777,22.73269],[120.25813,22.73278],[120.25819,22.73298],[120.25889,22.73313],[120.25916,22.73261],[120.25873,22.73386],[120.26005,22.73421],[120.26015,22.7338],[120.26008,22.73426],[120.25872,22.73395],[120.258,22.73515],[120.25893,22.73316],[120.25818,22.73299],[120.25762,22.73268],[120.25651,22.73285],[120.25744,22.73334],[120.25654,22.73358],[120.25646,22.735],[120.25597,22.73543],[120.25642,22.73513],[120.25772,22.73568],[120.25811,22.73521],[120.25817,22.73699],[120.26429,22.73834],[120.26384,22.73819],[120.26411,22.73772],[120.26452,22.73788],[120.26351,22.73571],[120.26526,22.73398],[120.26501,22.73373],[120.26623,22.73178],[120.26511,22.73151],[120.26465,22.7318],[120.2637,22.73214],[120.26245,22.73329],[120.26166,22.73371],[120.26187,22.73576],[120.26156,22.73383],[120.26162,22.7337],[120.26203,22.73342],[120.26243,22.73326],[120.26366,22.73209],[120.26499,22.73147],[120.26577,22.73158],[120.26425,22.73034],[120.26619,22.73157],[120.26618,22.73068],[120.26222,22.72693]],[[120.25875,22.73582],[120.25881,22.73631],[120.25874,22.73653],[120.25868,22.73666],[120.25864,22.73671],[120.25853,22.73674],[120.25875,22.73582]],[[120.26191,22.73581],[120.26299,22.73685],[120.26216,22.7378],[120.26092,22.73752],[120.26076,22.73704],[120.26191,22.73581]]],[[[120.25856,22.73715],[120.25858,22.73714],[120.25852,22.73713],[120.25856,22.73715]]],[[[120.26051,22.73751],[120.26021,22.73745],[120.26021,22.73746],[120.26051,22.73751]]],[[[120.26002,22.73835],[120.25946,22.73974],[120.25839,22.73911],[120.25861,22.7409],[120.25667,22.74243],[120.25536,22.74065],[120.25661,22.74249],[120.25582,22.74291],[120.25658,22.7441],[120.25795,22.74505],[120.25659,22.74416],[120.25763,22.74507],[120.2591,22.7458],[120.2601,22.74481],[120.26225,22.74495],[120.26439,22.73869],[120.26391,22.73855],[120.26393,22.73929],[120.26346,22.73928],[120.26248,22.73862],[120.26252,22.74002],[120.26184,22.73996],[120.26181,22.74063],[120.26145,22.73926],[120.2599,22.73912],[120.26002,22.73835]],[[120.25824,22.74487],[120.25832,22.74513],[120.25832,22.74513],[120.25824,22.74487]]],[[[120.26982,22.74514],[120.26752,22.74557],[120.26668,22.74663],[120.26678,22.74921],[120.26715,22.74976],[120.26724,22.74941],[120.26783,22.74978],[120.26856,22.75114],[120.26782,22.75167],[120.26797,22.75257],[120.26626,22.75269],[120.2715,22.75241],[120.27305,22.75188],[120.27271,22.7509],[120.27114,22.74976],[120.27061,22.74838],[120.27,22.74843],[120.27052,22.74788],[120.27067,22.74606],[120.26988,22.74606],[120.26982,22.74514]]],[[[120.26696,22.76861],[120.26693,22.76872],[120.26692,22.76883],[120.26696,22.76861]]],[[[120.26683,22.76979],[120.26686,22.76947],[120.26681,22.76977],[120.26683,22.76979]]],[[[120.26693,22.77063],[120.26688,22.76982],[120.26693,22.77081],[120.26693,22.77063]]],[[[120.26965,22.77065],[120.26965,22.77071],[120.26968,22.7707],[120.26965,22.77065]]]]}},{"type":"Feature","properties":{"zone":"鄉村區","town":"梓官區"},"geometry":{"type":"MultiPolygon","coordinates":[[[[120.25381,22.73193],[120.25434,22.73285],[120.25521,22.73248],[120.25516,22.73216],[120.25474,22.73248],[120.25381,22.73193]]],[[[120.25111,22.72715],[120.24921,22.72932],[120.24952,22.73032],[120.24712,22.73457],[120.24581,22.73465],[120.24505,22.73615],[120.24598,22.73643],[120.24551,22.73832],[120.24646,22.73884],[120.24627,22.74009],[120.24858,22.74025],[120.25003,22.73617],[120.24971,22.7359],[120.25027,22.73601],[120.25201,22.73298],[120.25251,22.73301],[120.25283,22.73244],[120.25276,22.73342],[120.25433,22.73288],[120.25348,22.732],[120.25403,22.73121],[120.25368,22.73102],[120.25321,22.73167],[120.25319,22.73166],[120.25362,22.73056],[120.25272,22.73055],[120.25305,22.73015],[120.25189,22.72913],[120.25232,22.72851],[120.25196,22.7278],[120.25111,22.72715]],[[120.25348,22.732],[120.25316,22.73173],[120.25318,22.73171],[120.25348,22.732]]],[[[120.25376,22.73347],[120.25268,22.73384],[120.25275,22.7342],[120.25376,22.73347]]],[[[120.25344,22.73389],[120.25254,22.73442],[120.25211,22.73409],[120.25187,22.73455],[120.25282,22.73462],[120.25453,22.73518],[120.25482,22.73395],[120.25344,22.73389]]],[[[120.25494,22.7332],[120.25488,22.73396],[120.2546,22.73534],[120.25318,22.73474],[120.25294,22.73585],[120.25372,22.73608],[120.25339,22.73722],[120.25427,22.73741],[120.25454,22.73636],[120.2549,22.73758],[120.25543,22.73613],[120.25577,22.73655],[120.25703,22.73666],[120.25676,22.73657],[120.25633,22.73634],[120.25585,22.73601],[120.25711,22.73661],[120.2573,22.73573],[120.25661,22.73553],[120.2564,22.73595],[120.25624,22.73546],[120.25581,22.73545],[120.25523,22.73537],[120.25646,22.735],[120.25651,22.73285],[120.25709,22.73276],[120.25586,22.73292],[120.25494,22.7332]],[[120.25549,22.73587],[120.25571,22.73597],[120.25571,22.73598],[120.25549,22.73587]],[[120.2555,22.73581],[120.2557,22.73591],[120.2557,22.73592],[120.2555,22.73581]]],[[[120.25795,22.73694],[120.25801,22.7369],[120.25771,22.73679],[120.25795,22.73694]]],[[[120.25055,22.739],[120.24949,22.73931],[120.2494,22.73875],[120.24947,22.73945],[120.24914,22.73929],[120.24901,22.73973],[120.24941,22.73977],[120.24956,22.74063],[120.24971,22.74026],[120.25,22.74077],[120.25058,22.74037],[120.25085,22.74257],[120.25168,22.74088],[120.25157,22.73988],[120.25086,22.73964],[120.25095,22.73843],[120.25063,22.73832],[120.25055,22.739]]],[[[120.2526,22.74054],[120.2526,22.74207],[120.25222,22.74192],[120.25247,22.74307],[120.253,22.74206],[120.25299,22.743],[120.2535,22.74349],[120.25406,22.7425],[120.25368,22.7422],[120.25407,22.74245],[120.25434,22.74177],[120.25373,22.74201],[120.25333,22.74056],[120.2526,22.74054]]],[[[120.2586,22.7371],[120.25865,22.73712],[120.25861,22.73709],[120.2586,22.7371]]],[[[120.26435,22.73729],[120.26452,22.73789],[120.26411,22.73772],[120.26384,22.73819],[120.26491,22.73844],[120.26539,22.73764],[120.26435,22.73729]]],[[[120.25726,22.73668],[120.25746,22.73754],[120.25773,22.73733],[120.25812,22.73717],[120.25731,22.73765],[120.25772,22.73867],[120.25963,22.73974],[120.26,22.73846],[120.25946,22.73819],[120.2595,22.73741],[120.25904,22.73737],[120.25726,22.73668]],[[120.25899,22.73914],[120.259,22.73888],[120.25901,22.73885],[120.25899,22.73914]],[[120.25908,22.7388],[120.25902,22.73916],[120.25908,22.73877],[120.25908,22.7388]],[[120.25878,22.73761],[120.25872,22.73756],[120.2587,22.7374],[120.25878,22.73761]]],[[[120.26548,22.73796],[120.2648,22.73859],[120.26445,22.73926],[120.26554,22.73922],[120.26574,22.73872],[120.26626,22.73899],[120.26623,22.73841],[120.26548,22.73796]]],[[[120.26343,22.7382],[120.26429,22.73846],[120.26437,22.73923],[120.26479,22.7385],[120.26343,22.7382]]],[[[120.26123,22.74504],[120.26101,22.74686],[120.25921,22.74571],[120.25812,22.74635],[120.25979,22.74681],[120.25948,22.74889],[120.26092,22.74897],[120.26145,22.74914],[120.26119,22.75097],[120.2661,22.7495],[120.2669,22.75236],[120.26629,22.75263],[120.26797,22.75257],[120.26782,22.75167],[120.26841,22.75117],[120.26806,22.75047],[120.2674,22.75051],[120.26783,22.75043],[120.26739,22.74943],[120.26715,22.74976],[120.2668,22.74927],[120.26689,22.74786],[120.26595,22.74799],[120.266,22.74883],[120.26477,22.74944],[120.2643,22.74836],[120.26467,22.74813],[120.26459,22.74682],[120.26366,22.74691],[120.26343,22.74568],[120.2627,22.74571],[120.26241,22.74497],[120.26123,22.74504]],[[120.2592,22.74588],[120.25919,22.74589],[120.25908,22.74582],[120.2592,22.74588]],[[120.25919,22.74589],[120.25985,22.74629],[120.25985,22.74632],[120.25919,22.74589]],[[120.2668,22.74883],[120.26652,22.74865],[120.26677,22.74864],[120.2668,22.74883]],[[120.26145,22.74737],[120.26135,22.74766],[120.26141,22.74734],[120.26145,22.74737]],[[120.26086,22.74693],[120.2601,22.74645],[120.26011,22.74643],[120.26086,22.74693]]],[[[120.26117,22.74955],[120.26134,22.74916],[120.26088,22.74904],[120.26117,22.74955]]]]}},{"type":"Feature","properties":{"zone":"特定專用區","town":"楠梓區"},"geometry":{"type":"Polygon","coordinates":[[[120.25833,22.69544],[120.25557,22.69682],[120.24887,22.70713],[120.25172,22.70877],[120.2519,22.7085],[120.25069,22.7078],[120.25127,22.7068],[120.25308,22.70626],[120.25553,22.70679],[120.257,22.70929],[120.25625,22.71105],[120.25734,22.71157],[120.2614,22.7022],[120.26224,22.69773],[120.26139,22.69637],[120.25995,22.69644],[120.25833,22.69544]]]}},{"type":"Feature","properties":{"zone":"一般農業區","town":"橋頭區"},"geometry":{"type":"MultiPolygon","coordinates":[[[[120.26659,22.72986],[120.26626,22.72996],[120.26677,22.73141],[120.26693,22.73071],[120.26659,22.72986]]],[[[120.27153,22.73087],[120.26576,22.73726],[120.26403,22.73623],[120.26431,22.73725],[120.26598,22.73742],[120.27153,22.73087]]],[[[120.26602,22.73325],[120.26438,22.73536],[120.26373,22.73562],[120.26384,22.73614],[120.26402,22.73552],[120.26575,22.73494],[120.26602,22.73325]]],[[[120.26717,22.73844],[120.26731,22.73881],[120.26754,22.73873],[120.26717,22.73844]]],[[[120.2742,22.7385],[120.27411,22.73882],[120.27435,22.73907],[120.2742,22.7385]]],[[[120.27523,22.74006],[120.27527,22.73946],[120.27469,22.73895],[120.27446,22.73916],[120.27517,22.73969],[120.27426,22.74029],[120.27434,22.74061],[120.27523,22.74006]]],[[[120.26572,22.73754],[120.26624,22.73919],[120.26504,22.74129],[120.26779,22.74136],[120.26805,22.74167],[120.26862,22.74041],[120.26961,22.74035],[120.27031,22.74209],[120.26993,22.74362],[120.2708,22.7445],[120.27051,22.74576],[120.27164,22.74546],[120.27051,22.74264],[120.27066,22.74212],[120.27042,22.74176],[120.27035,22.74078],[120.26828,22.73906],[120.26728,22.73884],[120.26601,22.73744],[120.26572,22.73754]]],[[[120.26601,22.74145],[120.26611,22.7419],[120.26646,22.74183],[120.2664,22.74145],[120.26601,22.74145]]],[[[120.27043,22.74104],[120.27044,22.74176],[120.27066,22.74203],[120.27071,22.74259],[120.27079,22.74122],[120.27043,22.74104]]],[[[120.27181,22.74567],[120.2718,22.74607],[120.27188,22.7463],[120.27181,22.74567]]],[[[120.27194,22.74618],[120.27226,22.74827],[120.27222,22.74854],[120.2724,22.74806],[120.27194,22.74618]]],[[[120.27246,22.74948],[120.27363,22.75028],[120.27409,22.75145],[120.27381,22.75271],[120.27407,22.75369],[120.27399,22.75315],[120.27772,22.75476],[120.274,22.75308],[120.27425,22.75084],[120.27399,22.75039],[120.27246,22.74948]]],[[[120.27462,22.76405],[120.27472,22.76366],[120.27453,22.76351],[120.27443,22.76372],[120.27462,22.76405]]],[[[120.27513,22.76465],[120.27481,22.76474],[120.27511,22.76507],[120.27513,22.76465]]],[[[120.27512,22.76585],[120.27502,22.76581],[120.27483,22.76613],[120.27512,22.76585]]],[[[120.27467,22.76685],[120.27466,22.76686],[120.27467,22.76686],[120.27467,22.76685]]],[[[120.29188,22.73664],[120.29274,22.73819],[120.29367,22.73793],[120.29276,22.73616],[120.29188,22.73664]]],[[[120.29182,22.73667],[120.29216,22.73739],[120.29156,22.73758],[120.29194,22.73816],[120.29131,22.73776],[120.29124,22.73862],[120.29268,22.73821],[120.29182,22.73667]]],[[[120.29286,22.73839],[120.29301,22.73879],[120.2939,22.73829],[120.29373,22.738],[120.29286,22.73839]]],[[[120.29219,22.7387],[120.2927,22.7399],[120.29358,22.74042],[120.29425,22.74021],[120.29336,22.73894],[120.29306,22.73912],[120.29268,22.7383],[120.29219,22.7387]]],[[[120.29128,22.73869],[120.2919,22.74013],[120.2929,22.74066],[120.29354,22.74048],[120.29265,22.73992],[120.29204,22.73848],[120.29128,22.73869]]],[[[120.29508,22.73967],[120.29484,22.73972],[120.29486,22.73983],[120.29508,22.73967]]],[[[120.27458,22.75422],[120.27517,22.7551],[120.27581,22.75539],[120.27458,22.75422]]],[[[120.29408,22.75875],[120.29407,22.75875],[120.29407,22.75876],[120.29408,22.75875]]],[[[120.27614,22.75962],[120.27471,22.76316],[120.27591,22.7634],[120.27606,22.76246],[120.27904,22.76203],[120.27909,22.76269],[120.27945,22.76213],[120.27973,22.76189],[120.27998,22.76186],[120.27915,22.76276],[120.28102,22.7643],[120.28299,22.76403],[120.28213,22.76241],[120.2825,22.76219],[120.28185,22.76212],[120.28169,22.76159],[120.28299,22.76107],[120.27609,22.76235],[120.27631,22.76207],[120.27563,22.76196],[120.27614,22.75962]]],[[[120.29374,22.76229],[120.29389,22.7619],[120.29389,22.76189],[120.29374,22.76229]]],[[[120.29009,22.76303],[120.29019,22.76217],[120.28963,22.76208],[120.29004,22.76251],[120.29009,22.76303]]],[[[120.29363,22.76256],[120.29217,22.76284],[120.29363,22.76289],[120.29363,22.76256]]],[[[120.29114,22.76347],[120.29094,22.76302],[120.29085,22.76344],[120.29114,22.76347]]],[[[120.2905,22.76308],[120.29008,22.76314],[120.29007,22.76334],[120.29029,22.76337],[120.2905,22.76308]]],[[[120.28532,22.7632],[120.28482,22.76373],[120.28565,22.76346],[120.28532,22.7632]]],[[[120.28725,22.75885],[120.29022,22.76013],[120.2898,22.76057],[120.29003,22.76188],[120.29137,22.76136],[120.29142,22.76206],[120.29227,22.76117],[120.29254,22.7618],[120.29328,22.76187],[120.29338,22.76148],[120.29377,22.76205],[120.29391,22.76172],[120.29558,22.76246],[120.29379,22.76252],[120.29367,22.76265],[120.29557,22.76256],[120.2992,22.76413],[120.29847,22.76497],[120.29854,22.76447],[120.29703,22.76407],[120.29687,22.76451],[120.29571,22.76455],[120.29565,22.7642],[120.29532,22.76415],[120.29566,22.76464],[120.29461,22.76467],[120.29455,22.76421],[120.29416,22.76473],[120.29354,22.76465],[120.29443,22.76667],[120.29297,22.76622],[120.29347,22.7656],[120.29313,22.76514],[120.29171,22.76548],[120.2905,22.76512],[120.29062,22.76472],[120.29063,22.76463],[120.2904,22.76463],[120.29052,22.7654],[120.28989,22.76616],[120.28978,22.76452],[120.28749,22.76446],[120.28728,22.76351],[120.28539,22.76414],[120.28683,22.76442],[120.28609,22.76439],[120.28538,22.76416],[120.28484,22.76385],[120.2854,22.76421],[120.28609,22.76443],[120.28749,22.76449],[120.28704,22.76594],[120.28326,22.76643],[120.28319,22.76599],[120.28272,22.76607],[120.2827,22.76503],[120.28108,22.76606],[120.28233,22.76676],[120.28269,22.76901],[120.28498,22.76823],[120.28568,22.76868],[120.28602,22.76971],[120.28506,22.77017],[120.28552,22.7709],[120.2869,22.77101],[120.28841,22.76985],[120.29027,22.77048],[120.29254,22.76977],[120.29592,22.76764],[120.29873,22.76714],[120.29884,22.76671],[120.29985,22.7671],[120.30046,22.76684],[120.30054,22.76445],[120.29981,22.7638],[120.29955,22.76416],[120.2938,22.76159],[120.29434,22.75992],[120.29399,22.75979],[120.29407,22.75876],[120.29291,22.76062],[120.29154,22.76011],[120.29134,22.76052],[120.28725,22.75885]],[[120.28836,22.76459],[120.28886,22.76484],[120.28833,22.76469],[120.28836,22.76459]]],[[[120.29688,22.72805],[120.29525,22.72918],[120.29602,22.73041],[120.29542,22.73077],[120.29589,22.73134],[120.29483,22.73215],[120.29501,22.73283],[120.29328,22.7337],[120.29354,22.73452],[120.29277,22.7349],[120.29342,22.73622],[120.2941,22.7359],[120.29434,22.73633],[120.29365,22.73672],[120.29473,22.73796],[120.29512,22.73767],[120.29599,22.73846],[120.29609,22.73915],[120.29867,22.73679],[120.3012,22.73629],[120.29906,22.7361],[120.2985,22.73492],[120.29879,22.73454],[120.29782,22.7342],[120.29767,22.73353],[120.29895,22.73182],[120.29688,22.72934],[120.29688,22.72805]]],[[[120.32108,22.73485],[120.32186,22.73485],[120.32207,22.73461],[120.32108,22.73485]]],[[[120.32209,22.7346],[120.32324,22.73525],[120.32358,22.73551],[120.32333,22.73487],[120.3224,22.73435],[120.32209,22.7346]]],[[[120.31994,22.73491],[120.32029,22.73506],[120.32064,22.73497],[120.31994,22.73491]]],[[[120.3191,22.73485],[120.31855,22.73512],[120.31854,22.73532],[120.3191,22.73485]]],[[[120.32404,22.73575],[120.32476,22.73613],[120.32485,22.73601],[120.32404,22.73575]]],[[[120.29857,22.73942],[120.29771,22.73848],[120.29649,22.7397],[120.29654,22.74193],[120.29862,22.74279],[120.29825,22.7433],[120.29858,22.74337],[120.29945,22.7437],[120.29981,22.74389],[120.30043,22.74428],[120.30036,22.74458],[120.3005,22.74439],[120.30045,22.74417],[120.29967,22.74369],[120.30012,22.74339],[120.30144,22.74446],[120.30237,22.74402],[120.30185,22.74435],[120.30225,22.74471],[120.30198,22.74497],[120.30272,22.74526],[120.30249,22.74596],[120.30292,22.74632],[120.30413,22.74534],[120.30393,22.74498],[120.30504,22.744],[120.30236,22.74063],[120.30205,22.74038],[120.30157,22.74079],[120.30107,22.74038],[120.30142,22.73993],[120.30093,22.7394],[120.29993,22.73867],[120.29857,22.73942]]],[[[120.29835,22.7438],[120.29997,22.74471],[120.30037,22.74428],[120.29834,22.74332],[120.29835,22.7438]]],[[[120.29793,22.74431],[120.29967,22.74529],[120.29969,22.74512],[120.29994,22.74474],[120.29805,22.74367],[120.29793,22.74431]]],[[[120.30469,22.74454],[120.30397,22.74498],[120.30417,22.74536],[120.30469,22.74454]]],[[[120.29975,22.74512],[120.30007,22.74506],[120.29989,22.74491],[120.29975,22.74512]]],[[[120.29967,22.74531],[120.29901,22.74547],[120.29945,22.74575],[120.29967,22.74531]]],[[[120.30244,22.74602],[120.30207,22.74664],[120.30146,22.74685],[120.30219,22.74717],[120.30289,22.74635],[120.30244,22.74602]]],[[[120.30219,22.74728],[120.30234,22.7471],[120.30217,22.74726],[120.30219,22.74728]]],[[[120.29539,22.76158],[120.29573,22.76196],[120.29584,22.76131],[120.29539,22.76158]]]]}},{"type":"Feature","properties":{"zone":"工業區","town":"橋頭區"},"geometry":{"type":"MultiPolygon","coordinates":[[[[120.27717,22.76237],[120.27606,22.76246],[120.27591,22.7634],[120.27451,22.76341],[120.27511,22.76507],[120.27908,22.76456],[120.27909,22.76393],[120.27719,22.76373],[120.27717,22.76237]]],[[[120.28484,22.76385],[120.27515,22.76517],[120.27461,22.76665],[120.27657,22.76798],[120.27934,22.76697],[120.27974,22.76583],[120.28118,22.76605],[120.2827,22.76503],[120.28272,22.76607],[120.28319,22.76599],[120.28326,22.76643],[120.28704,22.76594],[120.28749,22.76449],[120.28484,22.76385]]]]}},{"type":"Feature","properties":{"zone":"特定專用區","town":"橋頭區"},"geometry":{"type":"MultiPolygon","coordinates":[[[[120.27404,22.7532],[120.27399,22.75319],[120.27405,22.75323],[120.27404,22.7532]]],[[[120.28716,22.75564],[120.287,22.75282],[120.28516,22.7521],[120.2835,22.75328],[120.28571,22.75594],[120.28716,22.75564]]],[[[120.29673,22.75607],[120.2939,22.75251],[120.2928,22.75263],[120.2958,22.75668],[120.29673,22.75607]]],[[[120.29197,22.75376],[120.29134,22.75376],[120.29164,22.75471],[120.2925,22.75451],[120.29267,22.75494],[120.29144,22.7556],[120.29433,22.75759],[120.29571,22.75673],[120.29288,22.75286],[120.29195,22.75295],[120.29197,22.75376]],[[120.29214,22.75427],[120.29216,22.75425],[120.29216,22.75427],[120.29214,22.75427]]],[[[120.29131,22.75569],[120.29116,22.75632],[120.29235,22.75719],[120.29416,22.75761],[120.29131,22.75569]]],[[[120.28473,22.75145],[120.2836,22.75147],[120.2801,22.75288],[120.27843,22.75439],[120.27879,22.75507],[120.27875,22.7551],[120.27841,22.7544],[120.27793,22.75485],[120.27578,22.755],[120.27628,22.75606],[120.27643,22.75855],[120.27563,22.76196],[120.27631,22.76207],[120.27609,22.76235],[120.28301,22.76107],[120.28264,22.76049],[120.28324,22.76013],[120.28305,22.75898],[120.28274,22.75849],[120.28135,22.75836],[120.28174,22.75648],[120.28273,22.7569],[120.28162,22.75633],[120.28587,22.75626],[120.28347,22.7533],[120.2803,22.75556],[120.28006,22.75566],[120.28515,22.75207],[120.28473,22.75145]]],[[[120.29591,22.75684],[120.29696,22.75807],[120.29839,22.75824],[120.29923,22.75759],[120.29683,22.75623],[120.29591,22.75684]]],[[[120.2946,22.75784],[120.29513,22.75837],[120.29664,22.75805],[120.2958,22.75686],[120.2946,22.75784]]],[[[120.28451,22.76075],[120.28383,22.76091],[120.28384,22.76093],[120.28451,22.76075]]],[[[120.27973,22.76189],[120.27909,22.76269],[120.27904,22.76203],[120.27741,22.76233],[120.27719,22.76373],[120.27909,22.76393],[120.27908,22.76456],[120.28102,22.7643],[120.27915,22.76276],[120.27973,22.76189]]],[[[120.29872,22.73201],[120.29917,22.73212],[120.29895,22.73182],[120.29872,22.73201]]],[[[120.29803,22.73306],[120.29806,22.73309],[120.29808,22.73297],[120.29803,22.73306]]],[[[120.29649,22.7397],[120.29771,22.73848],[120.29857,22.73942],[120.29902,22.73941],[120.29915,22.73939],[120.29995,22.73865],[120.29862,22.73931],[120.29739,22.73807],[120.29774,22.73779],[120.29698,22.7384],[120.29664,22.7387],[120.29645,22.73902],[120.29609,22.73915],[120.29649,22.7397]]],[[[120.30089,22.73933],[120.29997,22.7387],[120.30065,22.73937],[120.30093,22.7394],[120.30142,22.73993],[120.30107,22.74038],[120.30157,22.74079],[120.30119,22.74025],[120.3015,22.73992],[120.30089,22.73933]]],[[[120.30272,22.74093],[120.30244,22.74072],[120.3029,22.74117],[120.30272,22.74093]]],[[[120.30448,22.74328],[120.30473,22.74359],[120.30449,22.74327],[120.30448,22.74328]]],[[[120.29806,22.75543],[120.29868,22.75465],[120.30051,22.75511],[120.3008,22.75476],[120.30079,22.7547],[120.30052,22.75503],[120.29757,22.75413],[120.29741,22.7551],[120.29806,22.75543]]],[[[120.30045,22.76708],[120.3002,22.76669],[120.30004,22.76709],[120.30045,22.76708]]],[[[120.2994,22.76664],[120.29873,22.76714],[120.29993,22.76689],[120.2994,22.76664]]]]}},{"type":"Feature","properties":{"zone":"特定農業區","town":"橋頭區"},"geometry":{"type":"MultiPolygon","coordinates":[[[[120.26932,22.7319],[120.26659,22.72986],[120.26694,22.73098],[120.26591,22.73321],[120.26575,22.73494],[120.26402,22.73552],[120.26403,22.73623],[120.26576,22.73726],[120.27012,22.73201],[120.27153,22.73083],[120.27106,22.73059],[120.26932,22.7319]]],[[[120.26406,22.73519],[120.26438,22.73536],[120.26447,22.73516],[120.26406,22.73519]]],[[[120.2639,22.73527],[120.264,22.7354],[120.26399,22.73519],[120.2639,22.73527]]],[[[120.29261,22.73559],[120.2926,22.73572],[120.29267,22.7357],[120.29261,22.73559]]],[[[120.27148,22.73092],[120.26589,22.73733],[120.27079,22.74122],[120.27073,22.74315],[120.27231,22.74727],[120.2724,22.74941],[120.27425,22.75084],[120.274,22.75308],[120.27664,22.75406],[120.27772,22.75476],[120.27399,22.75315],[120.27407,22.75369],[120.27586,22.75503],[120.27793,22.75485],[120.27841,22.7544],[120.27875,22.7551],[120.27843,22.75439],[120.2801,22.75288],[120.28461,22.75143],[120.28521,22.75231],[120.287,22.75282],[120.28686,22.7537],[120.28728,22.75376],[120.28716,22.75564],[120.28571,22.75594],[120.28592,22.75626],[120.28162,22.75633],[120.28273,22.7569],[120.28174,22.75648],[120.28135,22.75836],[120.28274,22.75849],[120.28329,22.75963],[120.28264,22.76049],[120.28301,22.76114],[120.28169,22.76159],[120.28185,22.76212],[120.2825,22.76219],[120.28213,22.76241],[120.28299,22.76403],[120.27511,22.76507],[120.27515,22.76517],[120.28491,22.76384],[120.28551,22.76305],[120.28494,22.76305],[120.28533,22.7628],[120.28479,22.76205],[120.28388,22.76242],[120.28318,22.76116],[120.28283,22.76122],[120.28573,22.76011],[120.28659,22.75896],[120.28696,22.75903],[120.28653,22.75991],[120.28651,22.76038],[120.28687,22.75976],[120.28702,22.76112],[120.2877,22.76117],[120.28739,22.76187],[120.28655,22.76165],[120.2862,22.762],[120.28575,22.76325],[120.28619,22.76358],[120.28856,22.76324],[120.28883,22.76255],[120.29004,22.7629],[120.28963,22.76208],[120.29015,22.76212],[120.2898,22.76057],[120.29022,22.76013],[120.2871,22.75871],[120.29134,22.76052],[120.29154,22.76011],[120.29291,22.76062],[120.29407,22.75876],[120.29399,22.75979],[120.29434,22.75992],[120.2938,22.76159],[120.29483,22.76203],[120.29584,22.76131],[120.29578,22.76244],[120.29827,22.763],[120.29893,22.76378],[120.29958,22.76406],[120.30029,22.76282],[120.30037,22.76259],[120.30059,22.76212],[120.30061,22.76203],[120.3008,22.75476],[120.30051,22.75511],[120.29868,22.75465],[120.29766,22.75552],[120.29712,22.7549],[120.29673,22.75516],[120.29639,22.75476],[120.29667,22.75424],[120.29578,22.75377],[120.29703,22.75208],[120.29755,22.7524],[120.29719,22.75329],[120.29702,22.75297],[120.29751,22.7541],[120.30052,22.75503],[120.30079,22.7547],[120.30085,22.75265],[120.2989,22.75128],[120.30085,22.75263],[120.299,22.7513],[120.30085,22.75256],[120.30087,22.75139],[120.29956,22.75047],[120.30088,22.75127],[120.30095,22.74872],[120.30219,22.74724],[120.2995,22.74578],[120.30043,22.74428],[120.29945,22.7437],[120.29858,22.74337],[120.29825,22.7433],[120.29741,22.74433],[120.29569,22.74498],[120.29442,22.74444],[120.29373,22.74581],[120.29325,22.74597],[120.2913,22.745],[120.29344,22.74587],[120.2942,22.74444],[120.29164,22.74332],[120.29126,22.7416],[120.29063,22.74176],[120.29144,22.74148],[120.29228,22.7417],[120.2914,22.74145],[120.29178,22.74],[120.29186,22.74018],[120.29315,22.74092],[120.29345,22.7409],[120.29361,22.74084],[120.29356,22.74046],[120.29382,22.74045],[120.29429,22.74021],[120.29337,22.73887],[120.29312,22.73901],[120.29277,22.73827],[120.29411,22.7379],[120.29358,22.73783],[120.2936,22.73778],[120.29342,22.73752],[120.29342,22.73735],[120.29294,22.73664],[120.29291,22.73639],[120.29277,22.73615],[120.2932,22.73744],[120.29342,22.73755],[120.29355,22.73786],[120.29367,22.73793],[120.29274,22.73819],[120.29188,22.73664],[120.29268,22.73821],[120.29124,22.73862],[120.29131,22.73776],[120.29183,22.73824],[120.29163,22.73739],[120.29216,22.73739],[120.29179,22.73664],[120.2909,22.73703],[120.29121,22.73746],[120.29106,22.73827],[120.29096,22.73715],[120.28979,22.73668],[120.28576,22.73777],[120.285,22.73582],[120.2776,22.73791],[120.2763,22.73394],[120.27503,22.73377],[120.27523,22.73177],[120.27148,22.73092]],[[120.29407,22.75876],[120.29408,22.75868],[120.29409,22.75868],[120.29407,22.75876]],[[120.30013,22.76305],[120.29955,22.76404],[120.29907,22.76381],[120.29943,22.76317],[120.30013,22.76305]],[[120.29664,22.75805],[120.29513,22.75837],[120.29439,22.75773],[120.2958,22.75686],[120.29664,22.75805]],[[120.29828,22.75812],[120.29671,22.75795],[120.2959,22.75681],[120.29683,22.75623],[120.29923,22.75759],[120.29828,22.75812]],[[120.28006,22.75278],[120.27968,22.75307],[120.27988,22.7529],[120.28006,22.75278]],[[120.28996,22.75255],[120.28993,22.7526],[120.28993,22.75255],[120.28996,22.75255]],[[120.2939,22.75251],[120.29673,22.75607],[120.2958,22.75668],[120.2928,22.75263],[120.2939,22.75251]],[[120.29159,22.75296],[120.29131,22.7525],[120.29155,22.75249],[120.29159,22.75296]],[[120.29124,22.75238],[120.29075,22.75228],[120.29124,22.75248],[120.29134,22.75376],[120.29197,22.75376],[120.29195,22.75295],[120.29288,22.75286],[120.29571,22.75673],[120.29433,22.75759],[120.29131,22.75569],[120.29416,22.75761],[120.29362,22.75757],[120.29018,22.75596],[120.29059,22.75476],[120.2903,22.75436],[120.28886,22.75438],[120.28869,22.75316],[120.2906,22.75352],[120.29067,22.75272],[120.28996,22.75255],[120.28999,22.75186],[120.29111,22.75176],[120.29124,22.75238]],[[120.2769,22.74601],[120.27686,22.74741],[120.27835,22.74694],[120.27846,22.74742],[120.27841,22.74694],[120.28036,22.74649],[120.28089,22.74813],[120.27757,22.74799],[120.27665,22.74884],[120.27667,22.74997],[120.27582,22.75012],[120.27596,22.74643],[120.2769,22.74601]],[[120.28538,22.74562],[120.28535,22.74553],[120.28551,22.74558],[120.28538,22.74562]],[[120.28466,22.74523],[120.28477,22.74565],[120.28463,22.74524],[120.28466,22.74523]],[[120.29928,22.7451],[120.29945,22.74575],[120.29901,22.74547],[120.29928,22.7451]],[[120.29138,22.74384],[120.29158,22.74397],[120.2913,22.74389],[120.29138,22.74384]],[[120.2913,22.7438],[120.29097,22.74396],[120.29134,22.74377],[120.2913,22.7438]],[[120.29805,22.74367],[120.29994,22.74474],[120.29967,22.74529],[120.29769,22.74412],[120.29805,22.74367]],[[120.29808,22.74364],[120.29963,22.74383],[120.30037,22.74428],[120.29997,22.74471],[120.29808,22.74364]],[[120.27446,22.73916],[120.27527,22.73946],[120.27514,22.7403],[120.27434,22.74061],[120.27517,22.73969],[120.27446,22.73916]],[[120.27413,22.73852],[120.27435,22.73907],[120.27411,22.73882],[120.27413,22.73852]],[[120.29204,22.73848],[120.29265,22.73992],[120.29359,22.74082],[120.2919,22.74013],[120.29128,22.73869],[120.29204,22.73848]],[[120.29209,22.73847],[120.29306,22.73912],[120.29336,22.73894],[120.29425,22.74021],[120.29358,22.74042],[120.2927,22.7399],[120.29209,22.73847]]],[[[120.29216,22.75427],[120.29214,22.75425],[120.29214,22.75427],[120.29216,22.75427]]],[[[120.2925,22.75451],[120.29147,22.75486],[120.29181,22.75542],[120.29267,22.75494],[120.2925,22.75451]]],[[[120.29103,22.75541],[120.29111,22.75555],[120.29113,22.75555],[120.29103,22.75541]]],[[[120.27632,22.75662],[120.27583,22.75526],[120.27606,22.75666],[120.27632,22.75662]]],[[[120.27633,22.75679],[120.27598,22.75964],[120.27618,22.76017],[120.27633,22.75679]]],[[[120.28644,22.75973],[120.28623,22.75991],[120.28655,22.75964],[120.28644,22.75973]]],[[[120.29882,22.73465],[120.2985,22.73492],[120.29906,22.7361],[120.3011,22.73622],[120.29882,22.73465]]],[[[120.29304,22.73663],[120.29298,22.73658],[120.293,22.73665],[120.29304,22.73663]]],[[[120.29957,22.73667],[120.29955,22.73671],[120.29964,22.73665],[120.29957,22.73667]]],[[[120.29304,22.73672],[120.2932,22.73691],[120.29327,22.73701],[120.29304,22.73672]]],[[[120.30147,22.737],[120.3012,22.73629],[120.29968,22.7366],[120.30077,22.73783],[120.30147,22.737]]],[[[120.29626,22.73913],[120.29891,22.73679],[120.29824,22.73717],[120.29622,22.73904],[120.29626,22.73913]]],[[[120.29995,22.73865],[120.29998,22.73868],[120.30038,22.73905],[120.29995,22.73865]]],[[[120.30444,22.74322],[120.30449,22.74327],[120.30445,22.74322],[120.30444,22.74322]]],[[[120.2939,22.76172],[120.29376,22.76204],[120.29377,22.76205],[120.2939,22.76172]]],[[[120.30053,22.76229],[120.30023,22.76301],[120.29964,22.76404],[120.30054,22.76445],[120.30061,22.76207],[120.30053,22.76229]]]]}},{"type":"Feature","properties":{"zone":"鄉村區","town":"橋頭區"},"geometry":{"type":"MultiPolygon","coordinates":[[[[120.29228,22.7417],[120.29121,22.74185],[120.29165,22.74258],[120.29188,22.74209],[120.29228,22.7417]]],[[[120.29163,22.74262],[120.29135,22.74288],[120.29164,22.74299],[120.29163,22.74262]]],[[[120.29174,22.7439],[120.29138,22.74384],[120.2913,22.74389],[120.29158,22.74397],[120.29174,22.7439]]],[[[120.27614,22.74625],[120.27582,22.75012],[120.27667,22.74997],[120.27665,22.74884],[120.27757,22.74796],[120.28089,22.74813],[120.28036,22.74649],[120.27841,22.74694],[120.27846,22.74742],[120.27835,22.74694],[120.2772,22.74744],[120.27686,22.74741],[120.27706,22.74594],[120.27614,22.74625]]],[[[120.29131,22.7525],[120.29159,22.75296],[120.29155,22.75249],[120.29131,22.7525]]],[[[120.29025,22.75186],[120.28996,22.75255],[120.29067,22.75272],[120.2906,22.75352],[120.28869,22.75316],[120.28866,22.75374],[120.28901,22.75386],[120.28886,22.75438],[120.2903,22.75436],[120.29071,22.75518],[120.29008,22.75577],[120.29116,22.75632],[120.29181,22.75524],[120.29147,22.75486],[120.29124,22.75248],[120.29075,22.75228],[120.29126,22.75231],[120.29111,22.75176],[120.29025,22.75186]],[[120.29105,22.75541],[120.29106,22.75548],[120.29103,22.75541],[120.29105,22.75541]]],[[[120.28696,22.75903],[120.28573,22.76011],[120.28284,22.76124],[120.28318,22.76116],[120.28388,22.76242],[120.28479,22.76205],[120.28533,22.7628],[120.28494,22.76305],[120.28547,22.763],[120.28565,22.76346],[120.28472,22.76369],[120.28538,22.76416],[120.28609,22.76439],[120.28683,22.76442],[120.28698,22.76438],[120.28539,22.76414],[120.28728,22.76351],[120.28749,22.76446],[120.28978,22.76452],[120.28989,22.76616],[120.29063,22.76463],[120.2905,22.76512],[120.29171,22.76548],[120.29313,22.76514],[120.29347,22.7656],[120.29297,22.76622],[120.29443,22.76667],[120.29354,22.76465],[120.29416,22.76473],[120.29455,22.76421],[120.29461,22.76467],[120.29566,22.76464],[120.29532,22.76415],[120.29571,22.76455],[120.29687,22.76451],[120.29703,22.76407],[120.29854,22.76447],[120.29847,22.76497],[120.2992,22.76413],[120.29557,22.76256],[120.29367,22.76265],[120.29558,22.76246],[120.29391,22.76172],[120.29376,22.76204],[120.29338,22.76148],[120.29328,22.76187],[120.29254,22.7618],[120.29227,22.76117],[120.29142,22.76206],[120.29137,22.76136],[120.29003,22.76188],[120.29036,22.76299],[120.28883,22.76255],[120.28856,22.76324],[120.28619,22.76358],[120.28575,22.76325],[120.2862,22.762],[120.28655,22.76165],[120.28739,22.76187],[120.2877,22.76117],[120.28702,22.76112],[120.28687,22.75976],[120.28651,22.76038],[120.28696,22.75903]],[[120.29032,22.7632],[120.29008,22.76314],[120.29055,22.76307],[120.29032,22.7632]],[[120.29114,22.76347],[120.29094,22.76302],[120.29128,22.76297],[120.29114,22.76347]],[[120.29363,22.76256],[120.29274,22.76277],[120.29217,22.76284],[120.29363,22.76256]],[[120.29389,22.76189],[120.29384,22.76231],[120.29374,22.76229],[120.29389,22.76189]],[[120.2866,22.75977],[120.28623,22.75991],[120.28655,22.75964],[120.2866,22.75977]]],[[[120.28836,22.76459],[120.28886,22.76484],[120.28888,22.76477],[120.28836,22.76459]]],[[[120.29277,22.7349],[120.29302,22.7366],[120.29373,22.73792],[120.29407,22.73782],[120.29376,22.73799],[120.29444,22.73884],[120.29459,22.73917],[120.29464,22.73942],[120.2939,22.73829],[120.29301,22.73879],[120.29429,22.74018],[120.29359,22.74044],[120.29363,22.74089],[120.29311,22.74095],[120.29178,22.74],[120.2914,22.74145],[120.29236,22.74164],[120.29168,22.74326],[120.29567,22.74498],[120.29741,22.74433],[120.29862,22.74279],[120.29654,22.74193],[120.29681,22.74085],[120.29604,22.73911],[120.2963,22.73886],[120.29365,22.73672],[120.29434,22.73633],[120.2941,22.7359],[120.29342,22.73622],[120.29277,22.7349]],[[120.29508,22.73967],[120.29484,22.73972],[120.29502,22.73959],[120.29508,22.73967]]],[[[120.29359,22.74082],[120.29324,22.74057],[120.2929,22.74066],[120.29359,22.74082]]],[[[120.29986,22.74371],[120.3005,22.74439],[120.29958,22.74587],[120.30146,22.74685],[120.30246,22.746],[120.30292,22.74632],[120.30249,22.74596],[120.30272,22.74526],[120.30198,22.74497],[120.30225,22.74471],[120.30185,22.74435],[120.30237,22.74402],[120.30144,22.74446],[120.30012,22.74339],[120.29986,22.74371]]],[[[120.29686,22.7522],[120.29578,22.75377],[120.29667,22.75424],[120.29639,22.75476],[120.29673,22.75516],[120.29741,22.7551],[120.29762,22.75411],[120.29702,22.75297],[120.29719,22.75329],[120.29755,22.7524],[120.29686,22.7522]]],[[[120.29576,22.76183],[120.29489,22.76184],[120.29483,22.76203],[120.29578,22.76244],[120.29576,22.76183]]],[[[120.29827,22.763],[120.2971,22.76298],[120.29892,22.76372],[120.29827,22.763]]],[[[120.29991,22.76294],[120.29943,22.76317],[120.29907,22.76381],[120.29955,22.76404],[120.29991,22.76294]]]]}},{"type":"Feature","properties":{"zone":"一般農業區","town":"永安區"},"geometry":{"type":"MultiPolygon","coordinates":[[[[120.22788,22.80126],[120.22753,22.80174],[120.22692,22.80272],[120.2266,22.80278],[120.22738,22.80371],[120.22753,22.8042],[120.22767,22.80527],[120.22767,22.80554],[120.22737,22.80596],[120.22799,22.80569],[120.22737,22.80602],[120.22501,22.81001],[120.22744,22.80848],[120.22784,22.80664],[120.22963,22.80507],[120.23074,22.80216],[120.22893,22.80206],[120.22788,22.80126]]],[[[120.22515,22.80924],[120.22444,22.80953],[120.22441,22.81077],[120.22428,22.81125],[120.22463,22.81144],[120.22515,22.80924]]],[[[120.2241,22.81692],[120.22528,22.81714],[120.22553,22.81718],[120.225,22.81634],[120.2241,22.81692]]],[[[120.22614,22.81847],[120.22608,22.81805],[120.22582,22.8177],[120.22603,22.81806],[120.22614,22.81847]]],[[[120.25215,22.79693],[120.25025,22.79953],[120.24841,22.80036],[120.24719,22.80051],[120.24506,22.79955],[120.2442,22.80193],[120.2446,22.80279],[120.24405,22.80313],[120.24411,22.80372],[120.24357,22.80383],[120.24378,22.80458],[120.2432,22.8051],[120.24318,22.80677],[120.242,22.8065],[120.24186,22.80702],[120.24101,22.8069],[120.24105,22.80394],[120.24005,22.80372],[120.24006,22.80312],[120.23813,22.80302],[120.24011,22.80252],[120.24016,22.80107],[120.2411,22.7989],[120.24227,22.799],[120.24323,22.79831],[120.24323,22.7978],[120.2408,22.79723],[120.23747,22.79815],[120.23297,22.80065],[120.23259,22.80144],[120.23463,22.80211],[120.23257,22.80148],[120.23038,22.80577],[120.22805,22.80688],[120.22759,22.80827],[120.22744,22.80848],[120.22706,22.80901],[120.22546,22.80974],[120.22534,22.81022],[120.22501,22.81003],[120.22471,22.81147],[120.2242,22.81128],[120.22441,22.80952],[120.22511,22.80923],[120.22765,22.80553],[120.22735,22.80372],[120.22656,22.80279],[120.22688,22.80249],[120.22381,22.80225],[120.22041,22.80386],[120.21688,22.80309],[120.21588,22.80533],[120.21554,22.80695],[120.21531,22.80728],[120.21536,22.80758],[120.21489,22.80827],[120.21491,22.80871],[120.21486,22.80826],[120.21532,22.80759],[120.21529,22.80728],[120.21584,22.80535],[120.21545,22.8064],[120.21519,22.80762],[120.21493,22.80803],[120.2147,22.80826],[120.21419,22.80855],[120.21516,22.80761],[120.21543,22.80638],[120.21579,22.80538],[120.21682,22.80306],[120.21526,22.80242],[120.20762,22.81858],[120.20436,22.8275],[120.20234,22.8346],[120.20197,22.83664],[120.20252,22.83717],[120.20329,22.83646],[120.20302,22.83766],[120.20224,22.83785],[120.20227,22.83933],[120.20168,22.83884],[120.20214,22.83811],[120.20171,22.8382],[120.19981,22.84386],[120.20038,22.84432],[120.19853,22.84386],[120.19808,22.84526],[120.19859,22.84541],[120.19578,22.85328],[120.2029,22.85509],[120.20389,22.85363],[120.20351,22.8535],[120.20346,22.85343],[120.20397,22.85345],[120.20399,22.85184],[120.20456,22.85014],[120.2051,22.8506],[120.20423,22.85213],[120.20458,22.85344],[120.20551,22.85362],[120.20558,22.85323],[120.20639,22.8523],[120.20578,22.85328],[120.20664,22.8535],[120.20796,22.85161],[120.20554,22.8506],[120.21015,22.85161],[120.21134,22.84965],[120.20522,22.84821],[120.20607,22.84577],[120.20367,22.84516],[120.20583,22.83735],[120.20648,22.83664],[120.20805,22.83712],[120.20771,22.83835],[120.20933,22.83871],[120.20894,22.84017],[120.21368,22.84129],[120.21441,22.83848],[120.21479,22.83845],[120.21301,22.84561],[120.22354,22.84541],[120.22682,22.83854],[120.22079,22.83609],[120.22191,22.83586],[120.22699,22.83812],[120.22723,22.83641],[120.22822,22.83649],[120.22696,22.83934],[120.22947,22.84049],[120.2288,22.84217],[120.22926,22.84235],[120.23244,22.83826],[120.23243,22.83889],[120.23625,22.84006],[120.23884,22.83813],[120.2392,22.83543],[120.24024,22.8357],[120.24071,22.83481],[120.24016,22.8344],[120.24101,22.83217],[120.24164,22.83229],[120.24183,22.83169],[120.24285,22.83181],[120.24344,22.82932],[120.2476,22.82949],[120.24856,22.82824],[120.24844,22.82671],[120.24755,22.82627],[120.24755,22.82577],[120.2519,22.82574],[120.25132,22.82319],[120.25074,22.82301],[120.25062,22.82232],[120.25223,22.82011],[120.25218,22.81836],[120.25314,22.81803],[120.24913,22.81662],[120.248,22.81441],[120.24897,22.8083],[120.25103,22.80823],[120.25043,22.80817],[120.25041,22.80763],[120.25158,22.80822],[120.254,22.80817],[120.2539,22.80744],[120.25487,22.80651],[120.25873,22.80952],[120.26028,22.80788],[120.26093,22.80533],[120.2628,22.80278],[120.26119,22.80244],[120.26191,22.80024],[120.26049,22.799],[120.25594,22.798],[120.25579,22.79701],[120.25215,22.79693]],[[120.24665,22.80487],[120.24673,22.80556],[120.24766,22.80565],[120.24714,22.80583],[120.2471,22.80661],[120.24754,22.80665],[120.24781,22.80812],[120.2458,22.80927],[120.24574,22.80883],[120.2443,22.80854],[120.24566,22.80836],[120.24479,22.80831],[120.24489,22.80701],[120.24422,22.8067],[120.24458,22.80576],[120.24543,22.8061],[120.24623,22.80491],[120.24643,22.80573],[120.24665,22.80487]],[[120.23321,22.81881],[120.23792,22.82004],[120.23636,22.82317],[120.23026,22.82135],[120.23321,22.81881]],[[120.23341,22.82242],[120.23237,22.82408],[120.23105,22.82373],[120.23211,22.82206],[120.23341,22.82242]],[[120.25009,22.82431],[120.24975,22.82519],[120.24874,22.82445],[120.24952,22.82392],[120.25009,22.82431]],[[120.25037,22.82437],[120.2506,22.82497],[120.25023,22.82484],[120.25037,22.82437]],[[120.23507,22.83195],[120.23627,22.83266],[120.236,22.83331],[120.2366,22.83322],[120.23662,22.83329],[120.23605,22.83379],[120.23614,22.83516],[120.23505,22.83597],[120.23461,22.83375],[120.23395,22.83356],[120.23386,22.8325],[120.23507,22.83195]],[[120.202,22.84318],[120.20138,22.84456],[120.2012,22.84452],[120.202,22.84318]],[[120.20893,22.83737],[120.20893,22.83736],[120.20911,22.83742],[120.20893,22.83737]],[[120.20707,22.83603],[120.20585,22.83714],[120.20523,22.83935],[120.20553,22.83794],[120.20486,22.83828],[120.20487,22.84001],[120.20423,22.84166],[120.20456,22.84173],[120.20375,22.84225],[120.20473,22.84005],[120.20474,22.83822],[120.20553,22.83784],[120.20576,22.83708],[120.20707,22.83603]],[[120.20875,22.83303],[120.20981,22.83379],[120.20932,22.83469],[120.20802,22.8341],[120.20875,22.83303]],[[120.2121,22.81707],[120.21186,22.81699],[120.2121,22.81705],[120.2121,22.81707]],[[120.22654,22.81683],[120.22657,22.8173],[120.22643,22.81727],[120.22654,22.81683]],[[120.21162,22.81662],[120.21092,22.81846],[120.21016,22.81836],[120.21064,22.81623],[120.21162,22.81662]],[[120.22701,22.81308],[120.22751,22.81348],[120.22676,22.81235],[120.22701,22.81308]],[[120.22346,22.81424],[120.22416,22.81483],[120.22418,22.8141],[120.22527,22.81412],[120.22506,22.81629],[120.22761,22.81533],[120.22826,22.81396],[120.22761,22.81533],[120.22507,22.8163],[120.22559,22.81719],[120.2274,22.81753],[120.22673,22.81763],[120.22642,22.81896],[120.22479,22.81848],[120.2241,22.81961],[120.22297,22.81863],[120.22296,22.81935],[120.22139,22.81916],[120.22091,22.81756],[120.22242,22.81491],[120.22331,22.81445],[120.22416,22.81159],[120.22346,22.81424]],[[120.22674,22.81206],[120.22648,22.81128],[120.22624,22.81102],[120.22648,22.81128],[120.22674,22.81206]],[[120.21385,22.81419],[120.21469,22.80987],[120.21497,22.809],[120.21473,22.80987],[120.21385,22.81419]],[[120.21427,22.80885],[120.21343,22.81081],[120.21225,22.81481],[120.21427,22.80885]]],[[[120.21972,22.8458],[120.21788,22.84588],[120.21817,22.84736],[120.21996,22.84688],[120.21972,22.8458]]],[[[120.21682,22.84817],[120.21651,22.84706],[120.21571,22.84717],[120.21615,22.84835],[120.21682,22.84817]]],[[[120.20425,22.85164],[120.20431,22.85149],[120.20415,22.85162],[120.20425,22.85164]]],[[[120.2433,22.79563],[120.24129,22.79596],[120.24326,22.79634],[120.2433,22.79563]]],[[[120.24333,22.79587],[120.24353,22.79628],[120.24338,22.79586],[120.24333,22.79587]]],[[[120.24322,22.79638],[120.24321,22.7964],[120.24322,22.79641],[120.24322,22.79638]]],[[[120.23115,22.80169],[120.23089,22.80202],[120.23136,22.8016],[120.23115,22.80169]]],[[[120.24732,22.80739],[120.24749,22.80777],[120.2475,22.8074],[120.24732,22.80739]]],[[[120.2564,22.81397],[120.25623,22.81471],[120.25622,22.81481],[120.25646,22.81417],[120.25645,22.81408],[120.2564,22.81397]]],[[[120.25589,22.81548],[120.25605,22.81509],[120.25617,22.81489],[120.25589,22.81548]]],[[[120.25516,22.81642],[120.25503,22.81702],[120.25522,22.81729],[120.25516,22.81653],[120.25586,22.81554],[120.25516,22.81642]]]]}},{"type":"Feature","properties":{"zone":"工業區","town":"永安區"},"geometry":{"type":"MultiPolygon","coordinates":[[[[120.25305,22.80831],[120.24897,22.80831],[120.248,22.81441],[120.24916,22.81651],[120.25407,22.81795],[120.25522,22.81729],[120.25515,22.81646],[120.25643,22.81409],[120.25511,22.81164],[120.25437,22.81165],[120.25417,22.80945],[120.25319,22.80942],[120.25305,22.80831]]],[[[120.23321,22.81881],[120.23026,22.82135],[120.23636,22.82317],[120.23792,22.82004],[120.23321,22.81881]]],[[[120.23341,22.82242],[120.23211,22.82206],[120.23105,22.82373],[120.23237,22.82408],[120.23341,22.82242]]],[[[120.25348,22.82047],[120.25322,22.81808],[120.2525,22.81818],[120.25223,22.82011],[120.25062,22.82232],[120.25074,22.82301],[120.25132,22.82319],[120.2519,22.82574],[120.24755,22.82577],[120.24755,22.82627],[120.24844,22.82671],[120.24856,22.82824],[120.24775,22.82921],[120.24962,22.83017],[120.25028,22.82908],[120.255,22.83148],[120.25697,22.82823],[120.254,22.82661],[120.25545,22.8249],[120.25541,22.82407],[120.25312,22.82104],[120.25348,22.82047]],[[120.25334,22.8196],[120.25322,22.8196],[120.25328,22.81954],[120.25334,22.8196]]]]}},{"type":"Feature","properties":{"zone":"河川區","town":"永安區"},"geometry":{"type":"MultiPolygon","coordinates":[[[[120.25607,22.79595],[120.26138,22.79743],[120.26014,22.79613],[120.25604,22.79548],[120.24624,22.79774],[120.24451,22.79752],[120.24406,22.79712],[120.24444,22.7969],[120.24339,22.79648],[120.24333,22.79587],[120.24326,22.79634],[120.24187,22.79605],[120.23952,22.79661],[120.23809,22.79735],[120.23771,22.79809],[120.2408,22.79723],[120.24326,22.79782],[120.24322,22.79638],[120.24331,22.79783],[120.24385,22.79804],[120.2483,22.79826],[120.25395,22.79613],[120.25607,22.79595]]],[[[120.23297,22.80065],[120.23257,22.80084],[120.23261,22.80097],[120.23276,22.80109],[120.23297,22.80065]]],[[[120.2327,22.80119],[120.23074,22.80216],[120.22959,22.80532],[120.22805,22.80688],[120.23038,22.80577],[120.23257,22.80148],[120.23463,22.80211],[120.2327,22.80119]]]]}},{"type":"Feature","properties":{"zone":"特定專用區","town":"永安區"},"geometry":{"type":"MultiPolygon","coordinates":[[[[120.20364,22.80641],[120.20244,22.81284],[120.2097,22.81432],[120.21296,22.80763],[120.1979,22.80524],[120.19332,22.80743],[120.19014,22.81357],[120.19045,22.81765],[120.19036,22.81361],[120.19349,22.80759],[120.19793,22.80547],[120.20364,22.80641]]],[[[120.25334,22.8196],[120.25322,22.8196],[120.25328,22.81966],[120.25334,22.8196]]],[[[120.25009,22.82431],[120.24952,22.82392],[120.24874,22.82445],[120.24975,22.82519],[120.25009,22.82431]]],[[[120.25039,22.82437],[120.25023,22.82484],[120.2506,22.82497],[120.25082,22.82447],[120.25039,22.82437]]],[[[120.20625,22.83687],[120.20367,22.84516],[120.20607,22.84577],[120.20522,22.84821],[120.21134,22.84965],[120.21368,22.84129],[120.20894,22.84017],[120.20933,22.83871],[120.20771,22.83835],[120.20805,22.83712],[120.20625,22.83687]]],[[[120.19536,22.85042],[120.19451,22.85291],[120.19578,22.85328],[120.19657,22.85075],[120.19536,22.85042]]]]}},{"type":"Feature","properties":{"zone":"特定農業區","town":"永安區"},"geometry":{"type":"MultiPolygon","coordinates":[[[[120.24351,22.79583],[120.24339,22.79648],[120.24444,22.7969],[120.24487,22.79657],[120.24464,22.7955],[120.24351,22.79583]]],[[[120.2517,22.79663],[120.25278,22.79628],[120.25202,22.79649],[120.2517,22.79663]]],[[[120.25395,22.79613],[120.25214,22.79691],[120.25579,22.79701],[120.25594,22.798],[120.25679,22.79791],[120.26082,22.79938],[120.26108,22.79884],[120.26135,22.79755],[120.25974,22.79683],[120.25607,22.79595],[120.25395,22.79613]]],[[[120.24322,22.79638],[120.24323,22.79831],[120.24227,22.799],[120.2411,22.7989],[120.24016,22.80107],[120.24011,22.80252],[120.23813,22.80302],[120.24006,22.80312],[120.24005,22.80372],[120.24105,22.80394],[120.24111,22.80694],[120.24186,22.80702],[120.242,22.8065],[120.24318,22.80677],[120.2432,22.8051],[120.24378,22.80458],[120.24357,22.80383],[120.24411,22.80372],[120.24405,22.80313],[120.2446,22.80279],[120.2442,22.80193],[120.24506,22.79955],[120.24719,22.80051],[120.24841,22.80036],[120.25025,22.79953],[120.25089,22.79819],[120.2523,22.79693],[120.24918,22.79811],[120.24556,22.79839],[120.24331,22.79783],[120.24322,22.79638]]],[[[120.24775,22.82921],[120.24915,22.83004],[120.24928,22.82973],[120.24775,22.82921]]]]}},{"type":"Feature","properties":{"zone":"鄉村區","town":"永安區"},"geometry":{"type":"MultiPolygon","coordinates":[[[[120.24667,22.80487],[120.24647,22.80574],[120.24646,22.80496],[120.24595,22.80512],[120.24543,22.8061],[120.24458,22.80576],[120.24422,22.8067],[120.24489,22.80701],[120.24479,22.80831],[120.24566,22.80836],[120.2443,22.80854],[120.24574,22.80883],[120.2458,22.80927],[120.24781,22.80812],[120.24754,22.80665],[120.2471,22.80661],[120.24714,22.80583],[120.24766,22.80565],[120.24673,22.80556],[120.24667,22.80487]],[[120.24732,22.80739],[120.24749,22.80777],[120.24731,22.80777],[120.24732,22.80739]]],[[[120.25033,22.80794],[120.25129,22.80823],[120.25163,22.80792],[120.25041,22.80763],[120.25033,22.80794]]],[[[120.22336,22.81449],[120.22244,22.81495],[120.22091,22.81756],[120.22139,22.81916],[120.22296,22.81935],[120.22297,22.81863],[120.2241,22.81961],[120.22479,22.81848],[120.22642,22.81896],[120.22672,22.81764],[120.22623,22.81772],[120.22587,22.8177],[120.22608,22.81805],[120.22622,22.81853],[120.22582,22.8177],[120.22388,22.81759],[120.2274,22.81753],[120.22559,22.81719],[120.22507,22.8163],[120.22553,22.81718],[120.22407,22.817],[120.225,22.81632],[120.2244,22.816],[120.22523,22.81584],[120.22527,22.81412],[120.22418,22.8141],[120.22416,22.81483],[120.22336,22.81449]]],[[[120.22669,22.81682],[120.22643,22.81727],[120.22657,22.8173],[120.22669,22.81682]]],[[[120.21064,22.81623],[120.21016,22.81836],[120.21092,22.81846],[120.21162,22.81662],[120.21064,22.81623]]],[[[120.20875,22.83303],[120.20802,22.8341],[120.20932,22.83469],[120.20981,22.83379],[120.20875,22.83303]]],[[[120.23584,22.83231],[120.23438,22.83195],[120.23386,22.8325],[120.23395,22.83356],[120.23461,22.83375],[120.23505,22.83597],[120.23614,22.83516],[120.23605,22.83379],[120.23662,22.83329],[120.236,22.83331],[120.23629,22.83274],[120.23584,22.83231]]],[[[120.20329,22.83646],[120.20183,22.83706],[120.20158,22.8381],[120.20214,22.83811],[120.20168,22.83884],[120.20209,22.83932],[120.20254,22.83852],[120.20224,22.83785],[120.20302,22.83766],[120.20329,22.83646]]]]}},{"type":"Feature","properties":{"zone":"一般農業區","town":"燕巢區"},"geometry":{"type":"MultiPolygon","coordinates":[[[[120.33599,22.74784],[120.33589,22.74789],[120.336,22.74785],[120.33599,22.74784]]],[[[120.33498,22.7482],[120.33489,22.74825],[120.33562,22.74805],[120.33498,22.7482]]],[[[120.3344,22.74968],[120.3344,22.74973],[120.33492,22.7483],[120.3344,22.74968]]],[[[120.33379,22.74972],[120.33343,22.74968],[120.33341,22.74972],[120.33379,22.74972]]],[[[120.33342,22.74986],[120.33305,22.75073],[120.33384,22.751],[120.33383,22.75128],[120.33397,22.75164],[120.33388,22.75099],[120.33326,22.7508],[120.33342,22.74986]]],[[[120.3362,22.75308],[120.33619,22.75303],[120.33618,22.75303],[120.3362,22.75308]]],[[[120.34091,22.75742],[120.3404,22.75785],[120.34054,22.75829],[120.34091,22.75742]]],[[[120.34235,22.7598],[120.34282,22.75968],[120.34306,22.76024],[120.34341,22.75954],[120.34194,22.75919],[120.34235,22.7598]]],[[[120.34344,22.76018],[120.34373,22.76011],[120.34333,22.76007],[120.34344,22.76018]]],[[[120.34208,22.76271],[120.34209,22.76339],[120.34223,22.76336],[120.34208,22.76271]]],[[[120.34292,22.7743],[120.34322,22.77538],[120.34399,22.77575],[120.34347,22.77347],[120.34292,22.7743]]],[[[120.34252,22.77793],[120.34239,22.77863],[120.34318,22.78119],[120.3434,22.78121],[120.34305,22.77946],[120.34433,22.77954],[120.34317,22.77906],[120.34335,22.7779],[120.34252,22.77793]]],[[[120.31656,22.79474],[120.31499,22.79518],[120.3157,22.79568],[120.31674,22.79485],[120.31829,22.79542],[120.31738,22.79469],[120.31656,22.79474]]],[[[120.3189,22.79603],[120.31874,22.79579],[120.31894,22.79616],[120.3189,22.79603]]],[[[120.31964,22.7982],[120.31914,22.79761],[120.31969,22.79898],[120.31964,22.7982]]],[[[120.32197,22.80017],[120.32037,22.80133],[120.32242,22.80025],[120.32197,22.80017]]],[[[120.32944,22.80199],[120.3306,22.80206],[120.33166,22.80132],[120.33051,22.80042],[120.32944,22.80199]]],[[[120.32681,22.80109],[120.32632,22.80153],[120.32579,22.80265],[120.3265,22.80224],[120.32681,22.80109]]],[[[120.32871,22.8022],[120.32924,22.80194],[120.32861,22.80196],[120.32871,22.8022]]],[[[120.32792,22.80196],[120.32791,22.80242],[120.32815,22.80197],[120.32792,22.80196]]],[[[120.3234,22.8019],[120.32414,22.80311],[120.32402,22.80225],[120.3234,22.8019]]],[[[120.32925,22.80327],[120.32872,22.80229],[120.32864,22.80332],[120.32925,22.80327]]],[[[120.32884,22.80347],[120.32884,22.80428],[120.32939,22.80482],[120.32985,22.80409],[120.32935,22.80338],[120.32884,22.80347]]],[[[120.32988,22.80473],[120.33033,22.80492],[120.33063,22.80469],[120.32994,22.80412],[120.32988,22.80473]]],[[[120.32516,22.80521],[120.32633,22.80538],[120.3261,22.8049],[120.32648,22.80463],[120.32531,22.80419],[120.32516,22.80521]]],[[[120.34827,22.75144],[120.34785,22.75282],[120.34732,22.75339],[120.3466,22.75331],[120.34513,22.75601],[120.34097,22.75655],[120.34194,22.75754],[120.3413,22.7577],[120.34182,22.75801],[120.34195,22.75905],[120.34414,22.75776],[120.3448,22.75844],[120.34747,22.75937],[120.34801,22.75881],[120.34803,22.7592],[120.34799,22.75829],[120.3488,22.75776],[120.34869,22.75673],[120.34994,22.75582],[120.3492,22.75563],[120.35037,22.75427],[120.35171,22.75439],[120.35138,22.75547],[120.35061,22.75543],[120.35019,22.75626],[120.35192,22.75587],[120.35249,22.75925],[120.35465,22.75899],[120.3552,22.75809],[120.35687,22.7579],[120.3572,22.75797],[120.35682,22.75841],[120.35792,22.75904],[120.36026,22.75864],[120.35977,22.75794],[120.358,22.75767],[120.35393,22.75778],[120.3543,22.75642],[120.35242,22.75639],[120.3521,22.7546],[120.35165,22.75418],[120.35042,22.75402],[120.35027,22.7525],[120.34948,22.75127],[120.34827,22.75144]]],[[[120.36803,22.75295],[120.36619,22.75272],[120.36549,22.75319],[120.36628,22.75515],[120.36566,22.75676],[120.36448,22.75748],[120.36298,22.75754],[120.36077,22.7561],[120.35982,22.75648],[120.35992,22.75803],[120.36086,22.75909],[120.36035,22.75865],[120.35978,22.76186],[120.36016,22.76167],[120.36046,22.76283],[120.36303,22.76249],[120.3649,22.76102],[120.36496,22.76045],[120.36784,22.75985],[120.36744,22.75881],[120.36796,22.75767],[120.36764,22.75703],[120.36877,22.75663],[120.36984,22.75538],[120.36872,22.75321],[120.36957,22.75214],[120.3691,22.75133],[120.36809,22.75085],[120.36803,22.75295]]],[[[120.34355,22.75988],[120.34337,22.76001],[120.34373,22.76003],[120.34355,22.75988]]],[[[120.3445,22.76032],[120.3449,22.76021],[120.34453,22.76018],[120.3445,22.76032]]],[[[120.35982,22.7611],[120.35841,22.76129],[120.35846,22.76167],[120.35773,22.76133],[120.35712,22.76199],[120.35598,22.76197],[120.35523,22.76272],[120.35425,22.76273],[120.35375,22.76194],[120.35288,22.76196],[120.35269,22.76125],[120.35113,22.76138],[120.35139,22.76343],[120.35216,22.7634],[120.35284,22.76261],[120.35363,22.76316],[120.35529,22.76285],[120.35579,22.76234],[120.35768,22.76198],[120.35888,22.76278],[120.35975,22.762],[120.36026,22.75867],[120.35982,22.7611]]],[[[120.35571,22.76206],[120.35462,22.76225],[120.3545,22.76254],[120.35559,22.76223],[120.35571,22.76206]]],[[[120.37151,22.76726],[120.36717,22.76759],[120.36499,22.76825],[120.36545,22.76831],[120.36599,22.76852],[120.3661,22.76843],[120.36609,22.76821],[120.3662,22.76809],[120.36707,22.76782],[120.36912,22.76776],[120.3695,22.7679],[120.37046,22.76748],[120.37111,22.76754],[120.37151,22.76726]]],[[[120.3615,22.76815],[120.36131,22.76835],[120.3615,22.76824],[120.3615,22.76815]]],[[[120.34913,22.76886],[120.34904,22.76924],[120.34915,22.76931],[120.34913,22.76886]]],[[[120.35984,22.76914],[120.35975,22.76863],[120.35971,22.76924],[120.36067,22.77001],[120.36044,22.76939],[120.36124,22.7685],[120.35984,22.76914]]],[[[120.36286,22.76846],[120.36374,22.77043],[120.36343,22.77061],[120.36405,22.77092],[120.36496,22.77057],[120.36518,22.77194],[120.36477,22.77222],[120.36554,22.77238],[120.36561,22.77218],[120.36531,22.77167],[120.36516,22.7705],[120.36396,22.77018],[120.36378,22.76985],[120.36347,22.76853],[120.36286,22.76846]]],[[[120.36366,22.7678],[120.36352,22.76853],[120.36367,22.76885],[120.364,22.77016],[120.3652,22.7705],[120.36565,22.77215],[120.36529,22.77317],[120.36704,22.7738],[120.3668,22.77276],[120.36682,22.77267],[120.36708,22.77376],[120.36703,22.77382],[120.36854,22.77419],[120.36968,22.77404],[120.37061,22.77411],[120.37101,22.7734],[120.37195,22.77328],[120.37238,22.77196],[120.37146,22.77166],[120.37141,22.77145],[120.37156,22.77109],[120.37171,22.77096],[120.37152,22.77059],[120.37167,22.7703],[120.37136,22.77008],[120.37125,22.76987],[120.36887,22.76898],[120.36836,22.76847],[120.36786,22.76862],[120.36768,22.76846],[120.3674,22.7687],[120.36722,22.76856],[120.36709,22.76872],[120.3669,22.76878],[120.36673,22.76868],[120.36665,22.76876],[120.36615,22.7684],[120.36599,22.76852],[120.36579,22.76851],[120.36544,22.76831],[120.36513,22.76834],[120.36366,22.7678]],[[120.37045,22.77373],[120.37062,22.77397],[120.37046,22.77399],[120.37045,22.77373]]],[[[120.35794,22.76415],[120.35571,22.76438],[120.35471,22.76524],[120.35275,22.76566],[120.3526,22.76636],[120.35138,22.76646],[120.35048,22.76729],[120.35082,22.76754],[120.35075,22.76768],[120.35006,22.76799],[120.34901,22.77017],[120.34963,22.77234],[120.34923,22.77262],[120.34838,22.77095],[120.34685,22.76995],[120.34698,22.76952],[120.34557,22.76901],[120.3452,22.77001],[120.34492,22.76952],[120.34525,22.76892],[120.34312,22.76787],[120.34308,22.76821],[120.34488,22.77029],[120.34619,22.77079],[120.34575,22.77131],[120.34589,22.77208],[120.34743,22.77424],[120.34834,22.77421],[120.34934,22.77348],[120.34976,22.77392],[120.34936,22.77469],[120.3506,22.77487],[120.3521,22.77626],[120.35273,22.77599],[120.35255,22.77513],[120.3554,22.77543],[120.35521,22.77504],[120.35638,22.77481],[120.3569,22.77398],[120.35864,22.77475],[120.35829,22.77616],[120.35758,22.77625],[120.35829,22.7763],[120.35759,22.77723],[120.35862,22.77807],[120.358,22.77902],[120.36018,22.77871],[120.36043,22.77784],[120.36085,22.77779],[120.36098,22.7786],[120.36216,22.77841],[120.36177,22.77676],[120.36254,22.77512],[120.36128,22.77431],[120.36188,22.77511],[120.36131,22.77566],[120.36022,22.77103],[120.36026,22.77193],[120.35971,22.77217],[120.35931,22.77126],[120.35858,22.7713],[120.35779,22.7705],[120.35788,22.76956],[120.35868,22.76937],[120.35866,22.76862],[120.35932,22.76785],[120.35966,22.76841],[120.35989,22.76709],[120.3607,22.76711],[120.36069,22.76772],[120.36097,22.76787],[120.36096,22.76697],[120.36012,22.76665],[120.35989,22.76604],[120.36008,22.76547],[120.36093,22.76625],[120.36091,22.76571],[120.35958,22.76466],[120.35855,22.76466],[120.35794,22.76415]],[[120.35935,22.76515],[120.3597,22.76692],[120.35927,22.76718],[120.35935,22.76515]],[[120.35914,22.76496],[120.35917,22.76583],[120.35915,22.76694],[120.35861,22.7655],[120.35914,22.76496]]],[[[120.34697,22.77479],[120.34707,22.77471],[120.34701,22.7747],[120.34697,22.77479]]],[[[120.34715,22.77534],[120.34733,22.77589],[120.34805,22.77589],[120.34761,22.77475],[120.34715,22.77534]]],[[[120.36524,22.77328],[120.3639,22.77463],[120.36587,22.77586],[120.36593,22.77653],[120.36548,22.7769],[120.36536,22.77771],[120.36603,22.77652],[120.36589,22.7759],[120.36607,22.77522],[120.36663,22.77393],[120.36712,22.77398],[120.36524,22.77328]]],[[[120.34755,22.77603],[120.34785,22.77631],[120.34801,22.77621],[120.34785,22.77606],[120.34755,22.77603]]],[[[120.36478,22.77789],[120.36328,22.77744],[120.36342,22.77806],[120.36423,22.7778],[120.36478,22.77789]]],[[[120.3443,22.7773],[120.34547,22.77807],[120.3461,22.77812],[120.3443,22.7773]]],[[[120.36268,22.77834],[120.3632,22.77813],[120.36251,22.77833],[120.36268,22.77834]]],[[[120.36412,22.7779],[120.36464,22.7787],[120.36506,22.77878],[120.36508,22.77797],[120.36412,22.7779]]],[[[120.36475,22.77951],[120.36463,22.77928],[120.36451,22.77951],[120.36475,22.77951]]],[[[120.34786,22.7778],[120.34977,22.77933],[120.35065,22.77931],[120.35061,22.78051],[120.34858,22.78069],[120.34782,22.77846],[120.34614,22.7778],[120.34629,22.77903],[120.34826,22.77979],[120.34798,22.78129],[120.34853,22.78161],[120.34907,22.78092],[120.35006,22.78087],[120.34974,22.78227],[120.35276,22.78493],[120.35541,22.78527],[120.35513,22.78425],[120.35217,22.78275],[120.35212,22.78204],[120.35062,22.78091],[120.35115,22.78007],[120.35095,22.7796],[120.35157,22.77946],[120.35125,22.77909],[120.34986,22.77909],[120.34889,22.77774],[120.34778,22.77719],[120.34786,22.7778]]],[[[120.36567,22.78515],[120.36576,22.78523],[120.36574,22.78517],[120.36567,22.78515]]],[[[120.35316,22.79448],[120.35294,22.79543],[120.3521,22.79531],[120.346,22.79556],[120.34456,22.7952],[120.34418,22.79722],[120.34571,22.79729],[120.34548,22.79893],[120.3462,22.79897],[120.34645,22.79741],[120.34784,22.79775],[120.34763,22.79963],[120.34887,22.79991],[120.34881,22.80057],[120.34823,22.80092],[120.34756,22.80047],[120.34545,22.80043],[120.34557,22.80113],[120.34249,22.80213],[120.34116,22.80384],[120.3375,22.80467],[120.33698,22.80588],[120.33493,22.8055],[120.33439,22.80591],[120.33388,22.80431],[120.33276,22.80399],[120.33188,22.80401],[120.33144,22.8042],[120.3324,22.80441],[120.33505,22.80781],[120.33771,22.80914],[120.33973,22.80878],[120.34075,22.81],[120.34223,22.80874],[120.34431,22.80856],[120.3447,22.81015],[120.3446,22.81108],[120.34406,22.81113],[120.3451,22.81247],[120.34645,22.81153],[120.3481,22.81129],[120.34861,22.81069],[120.34868,22.8099],[120.34798,22.80907],[120.34825,22.80862],[120.35037,22.80858],[120.35171,22.80924],[120.35345,22.80873],[120.35384,22.80904],[120.35301,22.80602],[120.35695,22.80686],[120.35727,22.80476],[120.35806,22.80428],[120.358,22.80222],[120.35932,22.80172],[120.35863,22.80146],[120.35889,22.79975],[120.35785,22.79967],[120.35729,22.80011],[120.35626,22.80442],[120.35673,22.80051],[120.35407,22.80246],[120.35437,22.79956],[120.35388,22.79908],[120.35518,22.79795],[120.35542,22.79498],[120.35316,22.79448]],[[120.33696,22.80697],[120.33662,22.80709],[120.33665,22.80695],[120.33696,22.80697]],[[120.33543,22.80709],[120.33604,22.80682],[120.33628,22.80711],[120.33543,22.80709]],[[120.338,22.80654],[120.33796,22.80701],[120.33791,22.80656],[120.338,22.80654]],[[120.34396,22.80626],[120.34401,22.80702],[120.3441,22.80658],[120.34477,22.80647],[120.34523,22.80693],[120.3433,22.80728],[120.34304,22.8082],[120.34193,22.80864],[120.33919,22.80833],[120.34071,22.80759],[120.33987,22.80727],[120.33879,22.80776],[120.33851,22.80843],[120.33791,22.80789],[120.33725,22.80818],[120.33658,22.8077],[120.33528,22.80784],[120.33536,22.80734],[120.33487,22.80726],[120.33749,22.80731],[120.33938,22.80658],[120.33972,22.80663],[120.33992,22.80679],[120.34047,22.80693],[120.34029,22.80652],[120.34133,22.80712],[120.34187,22.80676],[120.34231,22.80724],[120.34351,22.8069],[120.34396,22.80626]],[[120.34604,22.80627],[120.3462,22.80594],[120.34642,22.80587],[120.34604,22.80627]],[[120.3532,22.79976],[120.35313,22.79975],[120.3532,22.79969],[120.3532,22.79976]],[[120.3515,22.79986],[120.35151,22.79894],[120.3517,22.79896],[120.3515,22.79986]]],[[[120.37829,22.75722],[120.37891,22.75725],[120.37888,22.75792],[120.37713,22.75826],[120.37643,22.75935],[120.37697,22.75982],[120.37684,22.76045],[120.37748,22.76031],[120.37703,22.76205],[120.3772,22.76382],[120.37782,22.76414],[120.37669,22.76528],[120.3773,22.76558],[120.38085,22.76343],[120.38051,22.76345],[120.38093,22.76298],[120.3806,22.76221],[120.37956,22.76248],[120.37905,22.76123],[120.38117,22.76013],[120.38216,22.76091],[120.38308,22.76055],[120.38161,22.75904],[120.38013,22.75882],[120.3798,22.7579],[120.38017,22.75682],[120.37829,22.75722]]],[[[120.37442,22.76443],[120.37615,22.7655],[120.3763,22.76528],[120.37484,22.76467],[120.37481,22.76378],[120.37442,22.76443]]],[[[120.38084,22.76347],[120.37759,22.7658],[120.37661,22.76595],[120.37751,22.7665],[120.37648,22.76752],[120.37639,22.76716],[120.37292,22.76837],[120.37309,22.7693],[120.37376,22.7694],[120.37434,22.76897],[120.37566,22.76888],[120.37596,22.76859],[120.37692,22.76839],[120.37734,22.76802],[120.37776,22.76864],[120.37905,22.76853],[120.37937,22.76956],[120.38077,22.76992],[120.38003,22.7692],[120.38075,22.76915],[120.38124,22.77084],[120.38224,22.77051],[120.38347,22.77141],[120.38474,22.77076],[120.38422,22.77054],[120.38437,22.7702],[120.38543,22.77005],[120.3854,22.76955],[120.38411,22.76818],[120.38402,22.76799],[120.38413,22.7674],[120.38358,22.76714],[120.38354,22.76705],[120.38367,22.76674],[120.38198,22.76633],[120.38187,22.76649],[120.38146,22.76643],[120.38126,22.76632],[120.38096,22.7665],[120.3805,22.76656],[120.38031,22.76654],[120.37979,22.76609],[120.37972,22.76587],[120.37933,22.76577],[120.37928,22.76567],[120.37973,22.76586],[120.38033,22.76652],[120.38126,22.76629],[120.38186,22.76646],[120.38197,22.7663],[120.38352,22.76663],[120.38287,22.76588],[120.38271,22.76552],[120.38265,22.76518],[120.38274,22.76483],[120.38184,22.76503],[120.38106,22.76512],[120.381,22.76508],[120.38244,22.76484],[120.38237,22.76434],[120.38208,22.76441],[120.38184,22.76443],[120.38235,22.7643],[120.38224,22.76379],[120.38134,22.76395],[120.38084,22.76347]],[[120.38438,22.77079],[120.38422,22.77085],[120.38417,22.77071],[120.38438,22.77079]],[[120.37765,22.76641],[120.37752,22.76639],[120.37754,22.76634],[120.37765,22.76641]]],[[[120.38697,22.76286],[120.38454,22.76338],[120.38342,22.76291],[120.38323,22.76381],[120.38236,22.76412],[120.3828,22.76477],[120.3829,22.76585],[120.38464,22.76713],[120.38506,22.76767],[120.38511,22.7678],[120.38517,22.76799],[120.38521,22.76819],[120.38527,22.7683],[120.38532,22.76837],[120.38543,22.76845],[120.38564,22.76866],[120.38571,22.76877],[120.38566,22.76901],[120.38575,22.76907],[120.38595,22.76904],[120.38646,22.76914],[120.38669,22.76935],[120.38673,22.76944],[120.38675,22.76958],[120.38695,22.76973],[120.38702,22.76994],[120.38717,22.77002],[120.38735,22.77],[120.38736,22.76992],[120.38739,22.76988],[120.38795,22.76952],[120.38797,22.76953],[120.38735,22.77002],[120.38714,22.77003],[120.38709,22.77001],[120.38677,22.76966],[120.38655,22.76922],[120.38643,22.76914],[120.38575,22.76907],[120.38566,22.76901],[120.38462,22.76717],[120.38372,22.76676],[120.38357,22.76709],[120.38414,22.7674],[120.38413,22.76819],[120.38521,22.7689],[120.3859,22.77084],[120.38571,22.77095],[120.38834,22.77181],[120.38803,22.77162],[120.389,22.77139],[120.39053,22.7722],[120.39046,22.77176],[120.39324,22.77101],[120.39285,22.77185],[120.39369,22.77267],[120.39441,22.77204],[120.39347,22.77298],[120.3929,22.77278],[120.39431,22.7733],[120.39505,22.77301],[120.39439,22.77296],[120.39493,22.77274],[120.39497,22.77177],[120.39591,22.7715],[120.39535,22.76968],[120.39545,22.76742],[120.39395,22.76767],[120.39352,22.76855],[120.39402,22.77051],[120.39369,22.77093],[120.39348,22.76846],[120.39385,22.7676],[120.39317,22.76727],[120.39281,22.76767],[120.39279,22.76714],[120.39331,22.76698],[120.39343,22.76525],[120.39227,22.76519],[120.39206,22.76406],[120.39129,22.7641],[120.39136,22.76462],[120.39056,22.76473],[120.3909,22.76507],[120.39109,22.76551],[120.39101,22.76587],[120.39066,22.76617],[120.39089,22.76511],[120.38987,22.76438],[120.38998,22.76386],[120.38915,22.76268],[120.38795,22.76207],[120.38697,22.76286]]],[[[120.38558,22.77081],[120.38563,22.77091],[120.38569,22.77092],[120.38558,22.77081]]],[[[120.38565,22.77094],[120.38518,22.77088],[120.3857,22.771],[120.38565,22.77094]]],[[[120.37116,22.76762],[120.36936,22.76797],[120.36707,22.76783],[120.36611,22.76821],[120.36666,22.76873],[120.36671,22.76866],[120.36694,22.76874],[120.36721,22.76852],[120.3674,22.76863],[120.36769,22.76842],[120.36853,22.76847],[120.37133,22.76986],[120.37173,22.77028],[120.37175,22.77096],[120.37151,22.77162],[120.37254,22.77188],[120.37207,22.77323],[120.37268,22.7731],[120.37205,22.77364],[120.37236,22.77397],[120.37215,22.77485],[120.37251,22.77497],[120.37213,22.77495],[120.37214,22.77405],[120.37161,22.77377],[120.37145,22.77472],[120.37084,22.77498],[120.37102,22.7754],[120.37054,22.77516],[120.3699,22.77577],[120.37022,22.77612],[120.37037,22.77709],[120.37085,22.77723],[120.37113,22.77758],[120.37155,22.77769],[120.37266,22.77733],[120.37409,22.77775],[120.37393,22.77685],[120.37331,22.77684],[120.37314,22.77682],[120.37303,22.77672],[120.37395,22.77684],[120.37415,22.77786],[120.3749,22.77858],[120.37583,22.77825],[120.37631,22.77819],[120.37625,22.77762],[120.37387,22.77553],[120.37511,22.77593],[120.37528,22.77667],[120.37642,22.7774],[120.37696,22.77762],[120.37743,22.7772],[120.37808,22.77821],[120.37851,22.77749],[120.37882,22.77799],[120.37885,22.7776],[120.37917,22.77799],[120.38224,22.77845],[120.38226,22.77675],[120.38265,22.77641],[120.38257,22.77632],[120.38256,22.77605],[120.38269,22.77573],[120.38279,22.77562],[120.38337,22.77547],[120.38332,22.77484],[120.38273,22.77483],[120.38248,22.7747],[120.38273,22.77506],[120.38268,22.77556],[120.38242,22.77651],[120.38215,22.77672],[120.38265,22.77557],[120.38222,22.77433],[120.38161,22.77438],[120.38093,22.77416],[120.38038,22.77421],[120.3801,22.77419],[120.37989,22.77414],[120.37979,22.77411],[120.37965,22.77375],[120.37989,22.77413],[120.38079,22.7741],[120.38222,22.7743],[120.38267,22.77476],[120.38351,22.77456],[120.38338,22.77492],[120.3834,22.77502],[120.38379,22.77416],[120.38364,22.77166],[120.38234,22.77214],[120.37923,22.77199],[120.37852,22.77028],[120.37678,22.76946],[120.37629,22.76867],[120.37599,22.76864],[120.37571,22.76892],[120.37511,22.76904],[120.37447,22.769],[120.3742,22.7693],[120.37346,22.76947],[120.37298,22.76935],[120.37267,22.76856],[120.37225,22.76875],[120.37158,22.7674],[120.37116,22.76762]],[[120.37359,22.77538],[120.37368,22.77548],[120.37364,22.77551],[120.37359,22.77538]],[[120.38362,22.77437],[120.3836,22.77443],[120.38358,22.77435],[120.38362,22.77437]],[[120.37397,22.77036],[120.37575,22.77104],[120.3752,22.77151],[120.37565,22.77277],[120.375,22.7716],[120.37531,22.77125],[120.37397,22.77036]]],[[[120.37123,22.77415],[120.37131,22.77401],[120.37114,22.77386],[120.37123,22.77415]]],[[[120.38528,22.77148],[120.38381,22.77161],[120.3839,22.77486],[120.38342,22.77566],[120.38372,22.77564],[120.38385,22.7768],[120.38476,22.77726],[120.38494,22.77559],[120.38613,22.77572],[120.38742,22.77259],[120.38528,22.77148]],[[120.3846,22.77355],[120.38672,22.77399],[120.38617,22.7755],[120.38454,22.77494],[120.38407,22.77405],[120.3846,22.77355]],[[120.3857,22.77315],[120.38582,22.77322],[120.38575,22.77325],[120.3857,22.77315]]],[[[120.37052,22.77439],[120.36985,22.77416],[120.37001,22.77474],[120.37052,22.77439]]],[[[120.38259,22.77605],[120.38283,22.7764],[120.38312,22.77754],[120.3837,22.77771],[120.38407,22.77733],[120.3838,22.77713],[120.3839,22.7769],[120.38372,22.77661],[120.38369,22.77624],[120.38342,22.7757],[120.38339,22.77549],[120.38259,22.77605]]],[[[120.38562,22.77696],[120.38582,22.7767],[120.38547,22.77681],[120.38562,22.77696]]],[[[120.36603,22.77576],[120.3664,22.77658],[120.36618,22.77776],[120.36715,22.77836],[120.36622,22.77866],[120.36616,22.77932],[120.36727,22.77915],[120.36766,22.77967],[120.3669,22.78028],[120.36959,22.77998],[120.36967,22.77962],[120.36831,22.77942],[120.36755,22.77824],[120.3686,22.77825],[120.36792,22.77729],[120.36931,22.77852],[120.37082,22.7774],[120.3703,22.77721],[120.37016,22.77684],[120.36986,22.77575],[120.36994,22.77484],[120.36951,22.77498],[120.36975,22.77414],[120.36863,22.77428],[120.36664,22.77413],[120.36603,22.77576]]],[[[120.38279,22.77643],[120.38233,22.77838],[120.38313,22.77793],[120.38371,22.77823],[120.38294,22.77733],[120.38279,22.77643]]],[[[120.38394,22.77849],[120.38467,22.7782],[120.38378,22.7782],[120.38394,22.77849]]],[[[120.37186,22.77776],[120.371,22.7778],[120.37051,22.77902],[120.37141,22.77923],[120.37138,22.77887],[120.37262,22.77877],[120.37279,22.77741],[120.37186,22.77776]]],[[[120.37488,22.77868],[120.37443,22.77821],[120.37413,22.77797],[120.37441,22.7786],[120.37488,22.77868]]],[[[120.37548,22.77851],[120.37531,22.77851],[120.3755,22.77857],[120.37548,22.77851]]],[[[120.37391,22.77837],[120.37264,22.77972],[120.37259,22.78063],[120.37267,22.78059],[120.37288,22.78007],[120.37313,22.77967],[120.374,22.77887],[120.3742,22.77884],[120.37456,22.77889],[120.37391,22.77837]]],[[[120.37526,22.77854],[120.37471,22.77899],[120.37401,22.77889],[120.37314,22.77967],[120.37268,22.78061],[120.37248,22.78072],[120.37408,22.78243],[120.3741,22.78302],[120.37424,22.78236],[120.373,22.78116],[120.373,22.78069],[120.37372,22.7813],[120.37355,22.78083],[120.37443,22.7808],[120.37378,22.78021],[120.37399,22.77984],[120.37513,22.7795],[120.37579,22.77995],[120.375,22.77974],[120.37556,22.78054],[120.37607,22.78007],[120.37663,22.78156],[120.37655,22.78028],[120.37576,22.77893],[120.37526,22.77854]]],[[[120.37131,22.78096],[120.37232,22.7807],[120.37257,22.78139],[120.37241,22.78036],[120.37131,22.78096]]],[[[120.36626,22.7839],[120.36689,22.78585],[120.36585,22.78531],[120.36735,22.7867],[120.36692,22.78815],[120.36628,22.78863],[120.36723,22.78964],[120.3713,22.79151],[120.37201,22.79133],[120.37293,22.78998],[120.37492,22.79044],[120.37325,22.78898],[120.37345,22.7896],[120.37222,22.78965],[120.37286,22.78896],[120.37252,22.78809],[120.37196,22.78825],[120.37159,22.78772],[120.37222,22.78777],[120.37262,22.78676],[120.36878,22.78622],[120.36873,22.78463],[120.36819,22.78403],[120.36832,22.78559],[120.36732,22.7853],[120.36626,22.7839]]],[[[120.37371,22.79168],[120.37406,22.79165],[120.37403,22.79076],[120.37371,22.79168]]],[[[120.37795,22.79083],[120.37717,22.79163],[120.37511,22.79047],[120.37519,22.79083],[120.37682,22.79162],[120.37743,22.79171],[120.37735,22.79238],[120.37664,22.7928],[120.37483,22.79201],[120.37454,22.79266],[120.37506,22.79292],[120.37438,22.79487],[120.37181,22.79453],[120.37123,22.79615],[120.36899,22.7957],[120.36809,22.79708],[120.3665,22.7968],[120.36529,22.79813],[120.36088,22.79797],[120.36051,22.80032],[120.3611,22.80272],[120.36002,22.80342],[120.35982,22.80406],[120.35859,22.80431],[120.35996,22.80517],[120.36102,22.80287],[120.36307,22.80177],[120.36596,22.80138],[120.3674,22.80048],[120.37469,22.79926],[120.37572,22.79856],[120.37713,22.7996],[120.37827,22.79855],[120.37708,22.79742],[120.37784,22.79719],[120.37742,22.797],[120.37752,22.79577],[120.37787,22.79476],[120.37826,22.7949],[120.37799,22.79299],[120.37876,22.79135],[120.37777,22.79013],[120.37795,22.79083]],[[120.36291,22.80069],[120.36293,22.80068],[120.36292,22.80072],[120.36291,22.80069]]]]}},{"type":"Feature","properties":{"zone":"山坡地保育區","town":"燕巢區"},"geometry":{"type":"MultiPolygon","coordinates":[[[[120.37261,22.7523],[120.37211,22.7534],[120.36948,22.75366],[120.36903,22.75252],[120.36872,22.75321],[120.36984,22.75538],[120.36923,22.75575],[120.36877,22.75663],[120.36764,22.75703],[120.36796,22.75767],[120.36744,22.75878],[120.36767,22.75962],[120.36836,22.75704],[120.36893,22.7568],[120.36904,22.75628],[120.37043,22.75666],[120.37087,22.75601],[120.37139,22.75714],[120.37315,22.75743],[120.37213,22.75757],[120.37338,22.75794],[120.37281,22.75871],[120.37303,22.75939],[120.37445,22.75871],[120.37535,22.75894],[120.37553,22.75956],[120.37483,22.76041],[120.37368,22.76069],[120.37369,22.76084],[120.37445,22.76101],[120.37423,22.76231],[120.37484,22.76467],[120.37674,22.76517],[120.37782,22.76414],[120.3772,22.76382],[120.37703,22.76205],[120.37748,22.76031],[120.37684,22.76045],[120.37653,22.75894],[120.3781,22.75783],[120.37888,22.75792],[120.37891,22.75725],[120.3783,22.75726],[120.37829,22.756],[120.37771,22.75569],[120.37491,22.75564],[120.37428,22.75512],[120.37362,22.75157],[120.37261,22.7523]]],[[[120.37596,22.76859],[120.37838,22.77012],[120.37923,22.77199],[120.38234,22.77214],[120.38346,22.7714],[120.38224,22.77051],[120.38124,22.77084],[120.38075,22.76915],[120.38003,22.7692],[120.38077,22.76992],[120.37937,22.76956],[120.37895,22.76847],[120.37776,22.76864],[120.37734,22.76802],[120.37596,22.76859]]],[[[120.3619,22.77156],[120.36104,22.77331],[120.36261,22.77546],[120.3618,22.77655],[120.36216,22.77841],[120.36342,22.77806],[120.36335,22.77738],[120.36525,22.77779],[120.36587,22.77586],[120.3639,22.77463],[120.36496,22.77427],[120.36472,22.77363],[120.36516,22.77358],[120.36549,22.77241],[120.36434,22.77262],[120.36375,22.77333],[120.36346,22.77217],[120.36293,22.77213],[120.3627,22.77306],[120.36215,22.77322],[120.36215,22.77207],[120.3619,22.77156]]],[[[120.37717,22.77714],[120.3767,22.77826],[120.377,22.77803],[120.37724,22.77813],[120.37733,22.77851],[120.37751,22.77864],[120.37768,22.77884],[120.37773,22.77909],[120.37792,22.77914],[120.3781,22.7793],[120.37818,22.77955],[120.37944,22.78001],[120.38002,22.7806],[120.37995,22.78071],[120.38013,22.78078],[120.38014,22.78097],[120.38005,22.78118],[120.37994,22.78124],[120.3801,22.7817],[120.38013,22.78245],[120.38047,22.78242],[120.38138,22.78263],[120.38229,22.78342],[120.3809,22.78336],[120.38135,22.78426],[120.38237,22.7847],[120.38272,22.7837],[120.38312,22.78388],[120.38367,22.78309],[120.38402,22.78287],[120.38505,22.78238],[120.38471,22.78068],[120.38471,22.78052],[120.38502,22.78018],[120.38402,22.77951],[120.38343,22.778],[120.38247,22.77826],[120.38238,22.77908],[120.38225,22.7794],[120.38334,22.78056],[120.38344,22.78107],[120.38334,22.78128],[120.38346,22.78194],[120.38341,22.78197],[120.38329,22.7813],[120.38331,22.78059],[120.38225,22.77941],[120.38153,22.77987],[120.3823,22.77917],[120.38224,22.77845],[120.37922,22.77801],[120.37885,22.7776],[120.37882,22.77799],[120.37851,22.77749],[120.37812,22.77766],[120.37849,22.77815],[120.37807,22.77823],[120.37717,22.77714]]],[[[120.37955,22.78365],[120.3801,22.7837],[120.38162,22.78297],[120.38011,22.78249],[120.38022,22.78258],[120.38015,22.78284],[120.37955,22.78365]]],[[[120.36557,22.77695],[120.36531,22.7778],[120.36412,22.7779],[120.36508,22.77797],[120.36496,22.77886],[120.364,22.77802],[120.36219,22.77845],[120.36334,22.78288],[120.36401,22.78299],[120.36668,22.78601],[120.36636,22.78387],[120.36786,22.78559],[120.36832,22.78559],[120.36804,22.78429],[120.36845,22.78426],[120.36878,22.78622],[120.37262,22.78676],[120.37222,22.78777],[120.37159,22.78772],[120.37196,22.78825],[120.37252,22.78809],[120.37286,22.78896],[120.37222,22.78965],[120.37345,22.7896],[120.37325,22.78898],[120.37521,22.79069],[120.37717,22.79163],[120.37797,22.79077],[120.37777,22.79013],[120.37844,22.78966],[120.37823,22.78897],[120.37721,22.78924],[120.37711,22.7878],[120.37805,22.78687],[120.37808,22.78619],[120.37854,22.78631],[120.37949,22.78545],[120.37924,22.78491],[120.37865,22.78472],[120.37844,22.78444],[120.37876,22.78403],[120.37951,22.78362],[120.38011,22.78282],[120.37991,22.78159],[120.37991,22.78119],[120.3801,22.78095],[120.37991,22.78069],[120.37997,22.78063],[120.37816,22.77958],[120.37807,22.77933],[120.37777,22.77916],[120.37724,22.77845],[120.37722,22.77815],[120.3767,22.7783],[120.37649,22.77804],[120.3762,22.77832],[120.37583,22.77825],[120.37542,22.7784],[120.3755,22.77857],[120.37526,22.77854],[120.37655,22.78028],[120.37656,22.78166],[120.37607,22.78007],[120.37556,22.78054],[120.375,22.77974],[120.37579,22.77995],[120.37513,22.7795],[120.37399,22.77984],[120.37378,22.78021],[120.37443,22.7808],[120.37355,22.78083],[120.37372,22.7813],[120.373,22.78069],[120.373,22.78116],[120.37424,22.78236],[120.37439,22.78298],[120.37294,22.78162],[120.37295,22.78197],[120.37275,22.78269],[120.37279,22.78274],[120.3728,22.7829],[120.37257,22.78297],[120.37272,22.78124],[120.37232,22.7807],[120.37114,22.78077],[120.37259,22.78063],[120.37264,22.77972],[120.37391,22.77837],[120.37468,22.77893],[120.37403,22.77781],[120.37294,22.77755],[120.37262,22.77877],[120.37138,22.77887],[120.37141,22.77923],[120.37049,22.77879],[120.37137,22.77762],[120.37039,22.7774],[120.36931,22.77852],[120.36792,22.77729],[120.3686,22.77825],[120.36755,22.77824],[120.3678,22.77892],[120.36967,22.77962],[120.36959,22.77998],[120.36827,22.77985],[120.36793,22.78034],[120.36701,22.78038],[120.36759,22.77991],[120.36741,22.77932],[120.36616,22.77932],[120.36622,22.77866],[120.36713,22.77811],[120.36618,22.77776],[120.36636,22.7765],[120.36557,22.77695]],[[120.37832,22.78432],[120.3757,22.78398],[120.37541,22.78204],[120.37849,22.78174],[120.37904,22.78304],[120.37832,22.78432]],[[120.36463,22.77928],[120.36475,22.77951],[120.36451,22.77951],[120.36463,22.77928]],[[120.3756,22.77838],[120.37555,22.7784],[120.37552,22.77839],[120.3756,22.77838]]],[[[120.37945,22.7845],[120.37951,22.78494],[120.37988,22.78483],[120.37994,22.78399],[120.37881,22.78408],[120.37886,22.78452],[120.37945,22.7845]]],[[[120.37875,22.78453],[120.37847,22.78444],[120.37863,22.78468],[120.37875,22.78453]]],[[[120.37868,22.79083],[120.37863,22.79128],[120.37878,22.79125],[120.37868,22.79083]]],[[[120.36291,22.80069],[120.36292,22.8007],[120.36293,22.80068],[120.36291,22.80069]]],[[[120.38243,22.79147],[120.38301,22.79149],[120.38313,22.79124],[120.38327,22.79119],[120.38302,22.79151],[120.38282,22.79156],[120.38244,22.79149],[120.38241,22.79156],[120.38227,22.7916],[120.38251,22.79234],[120.38319,22.79232],[120.38421,22.79278],[120.38464,22.79309],[120.38507,22.79356],[120.3859,22.79355],[120.386,22.79369],[120.38589,22.79409],[120.38591,22.79359],[120.38541,22.79358],[120.38509,22.79444],[120.38524,22.79364],[120.38506,22.79358],[120.38462,22.79309],[120.38319,22.79234],[120.38266,22.79245],[120.38249,22.79235],[120.38229,22.79211],[120.38219,22.79208],[120.3822,22.79201],[120.38195,22.79229],[120.38198,22.79266],[120.38191,22.79316],[120.38184,22.79325],[120.38211,22.79369],[120.3821,22.79404],[120.38225,22.79415],[120.38226,22.79422],[120.3829,22.79387],[120.38283,22.79373],[120.38281,22.79362],[120.38287,22.7934],[120.38281,22.79337],[120.38268,22.79322],[120.38268,22.79318],[120.38288,22.79282],[120.38282,22.79274],[120.38295,22.79253],[120.38289,22.79382],[120.38354,22.79337],[120.38323,22.79382],[120.38227,22.79425],[120.38272,22.79488],[120.38265,22.79508],[120.38459,22.79389],[120.38266,22.79512],[120.38263,22.79549],[120.38073,22.79698],[120.38042,22.79715],[120.37981,22.79725],[120.37994,22.79746],[120.37961,22.79818],[120.38014,22.79837],[120.38153,22.79754],[120.38259,22.79766],[120.38312,22.7969],[120.38324,22.79688],[120.38349,22.79711],[120.38358,22.79701],[120.38374,22.79696],[120.38385,22.79703],[120.38393,22.79689],[120.38433,22.79659],[120.38455,22.79622],[120.38506,22.79597],[120.38518,22.7954],[120.38496,22.79525],[120.38497,22.79504],[120.38511,22.79488],[120.38522,22.79482],[120.38526,22.79466],[120.38538,22.79458],[120.38533,22.79447],[120.38545,22.79402],[120.38552,22.79388],[120.38559,22.79382],[120.3854,22.79459],[120.38499,22.79524],[120.38562,22.79522],[120.38556,22.7957],[120.38386,22.79704],[120.38346,22.79714],[120.38311,22.79701],[120.38316,22.79769],[120.3841,22.79726],[120.38498,22.79714],[120.38509,22.79735],[120.38469,22.79766],[120.38489,22.79783],[120.38585,22.79731],[120.38592,22.79614],[120.38649,22.79558],[120.38795,22.79613],[120.38776,22.79526],[120.38844,22.79522],[120.38799,22.79487],[120.3878,22.79302],[120.38366,22.79142],[120.38329,22.79026],[120.38195,22.79052],[120.3814,22.7912],[120.37954,22.79192],[120.37919,22.79285],[120.37866,22.79145],[120.37799,22.79299],[120.37826,22.7949],[120.37787,22.79476],[120.37752,22.79577],[120.37742,22.797],[120.37784,22.79719],[120.37708,22.79742],[120.37827,22.79855],[120.37841,22.79801],[120.37834,22.79864],[120.37913,22.79899],[120.37803,22.79874],[120.37681,22.79963],[120.37572,22.79856],[120.37469,22.79926],[120.37221,22.7994],[120.3674,22.80048],[120.36596,22.80138],[120.36307,22.80177],[120.3609,22.80299],[120.36082,22.804],[120.35996,22.80517],[120.35859,22.80431],[120.35865,22.80463],[120.35732,22.80471],[120.35695,22.80686],[120.35319,22.80587],[120.35289,22.80628],[120.35384,22.80904],[120.35345,22.80873],[120.35171,22.80924],[120.34981,22.80849],[120.34801,22.80879],[120.34872,22.81052],[120.3476,22.8116],[120.34773,22.81282],[120.3485,22.8132],[120.34905,22.81273],[120.35096,22.81519],[120.34958,22.81607],[120.34987,22.81745],[120.3491,22.81801],[120.34874,22.81975],[120.34764,22.82121],[120.34889,22.82219],[120.34739,22.82311],[120.34868,22.82392],[120.34872,22.82525],[120.3492,22.82533],[120.34972,22.82469],[120.35063,22.82496],[120.35001,22.82711],[120.35129,22.82732],[120.35231,22.82833],[120.35236,22.82908],[120.35369,22.8301],[120.35541,22.83036],[120.35652,22.83001],[120.35823,22.83135],[120.35906,22.83051],[120.35892,22.82934],[120.35987,22.82862],[120.36006,22.82736],[120.36141,22.82677],[120.3621,22.82548],[120.36313,22.82559],[120.36344,22.82706],[120.36513,22.82856],[120.36614,22.8279],[120.36654,22.82606],[120.36753,22.82623],[120.36867,22.82596],[120.3688,22.82539],[120.37046,22.8254],[120.37172,22.82436],[120.37229,22.825],[120.37335,22.82519],[120.37386,22.826],[120.37442,22.82548],[120.37594,22.82628],[120.37635,22.82588],[120.37569,22.82486],[120.37797,22.82479],[120.37805,22.82385],[120.37874,22.82359],[120.37957,22.82185],[120.37837,22.8216],[120.37723,22.82093],[120.37541,22.82055],[120.37406,22.82009],[120.37305,22.82011],[120.37248,22.82001],[120.37088,22.81928],[120.37064,22.81899],[120.37053,22.81808],[120.36985,22.81718],[120.36909,22.81722],[120.36789,22.81703],[120.36685,22.81633],[120.36655,22.81603],[120.36626,22.8156],[120.36438,22.81829],[120.36458,22.81984],[120.36447,22.81948],[120.36446,22.82023],[120.36505,22.82088],[120.36544,22.82031],[120.36561,22.8203],[120.36596,22.82055],[120.36691,22.82235],[120.36711,22.82293],[120.36707,22.82313],[120.36623,22.82428],[120.36599,22.82487],[120.3658,22.82513],[120.36533,22.82684],[120.36569,22.82755],[120.36549,22.82801],[120.3653,22.82685],[120.36577,22.82511],[120.36619,22.82426],[120.36708,22.82295],[120.36593,22.82057],[120.36546,22.82035],[120.36504,22.82091],[120.36476,22.82075],[120.36463,22.82058],[120.36439,22.82012],[120.36435,22.81829],[120.36528,22.81696],[120.36364,22.81618],[120.36315,22.8163],[120.3604,22.81597],[120.35773,22.81603],[120.35738,22.81626],[120.35762,22.81683],[120.35732,22.81623],[120.35683,22.81648],[120.35681,22.81594],[120.35672,22.81644],[120.35667,22.8165],[120.35581,22.81687],[120.3562,22.81787],[120.35615,22.81822],[120.35682,22.81881],[120.35716,22.81888],[120.35732,22.81895],[120.35752,22.81919],[120.35764,22.81944],[120.35763,22.82041],[120.35778,22.82069],[120.35782,22.82089],[120.35786,22.82197],[120.358,22.82194],[120.35807,22.82247],[120.35817,22.82246],[120.35842,22.82274],[120.35853,22.82274],[120.35891,22.82285],[120.35941,22.8242],[120.35957,22.82428],[120.3599,22.82424],[120.3601,22.82432],[120.36011,22.82444],[120.36009,22.82459],[120.36,22.82473],[120.36012,22.82479],[120.36024,22.82495],[120.36027,22.82544],[120.36014,22.82572],[120.36096,22.8265],[120.36014,22.82573],[120.35998,22.82473],[120.36009,22.82433],[120.3599,22.82426],[120.35956,22.82429],[120.35941,22.82424],[120.35889,22.82286],[120.35841,22.82275],[120.35805,22.82249],[120.35785,22.82198],[120.35777,22.82069],[120.35762,22.82041],[120.35761,22.81943],[120.35614,22.81831],[120.35577,22.81687],[120.35676,22.81604],[120.35641,22.81604],[120.35533,22.81392],[120.35519,22.81329],[120.35541,22.81193],[120.35572,22.81158],[120.35639,22.8111],[120.35666,22.81098],[120.35661,22.81075],[120.35795,22.81106],[120.35537,22.8104],[120.35418,22.80966],[120.35796,22.81101],[120.35876,22.81064],[120.35918,22.81173],[120.35963,22.81172],[120.36009,22.81184],[120.36293,22.81296],[120.36818,22.81092],[120.36858,22.80972],[120.36931,22.80911],[120.37011,22.80896],[120.37105,22.80911],[120.37181,22.80879],[120.38367,22.80728],[120.38444,22.80753],[120.38424,22.8072],[120.38535,22.80818],[120.38585,22.80767],[120.38633,22.80733],[120.38616,22.80703],[120.38638,22.80732],[120.38537,22.80819],[120.38871,22.81076],[120.38931,22.81019],[120.38978,22.81041],[120.39021,22.80962],[120.38963,22.80935],[120.38856,22.80782],[120.3884,22.80681],[120.3888,22.80769],[120.38992,22.80797],[120.38939,22.80819],[120.38974,22.80926],[120.39043,22.80892],[120.39158,22.80907],[120.39228,22.80849],[120.39204,22.80857],[120.39177,22.80853],[120.39151,22.80813],[120.39159,22.80767],[120.39123,22.80716],[120.39086,22.80736],[120.38977,22.80656],[120.39032,22.80577],[120.38994,22.80554],[120.38949,22.80523],[120.38816,22.80419],[120.38757,22.80394],[120.38619,22.80304],[120.38608,22.80322],[120.38557,22.80317],[120.38502,22.80343],[120.38491,22.80344],[120.38473,22.8034],[120.38406,22.80251],[120.3837,22.80122],[120.38476,22.80337],[120.38557,22.80314],[120.38593,22.80317],[120.38453,22.80203],[120.38394,22.80112],[120.38596,22.80316],[120.38618,22.80301],[120.38651,22.80317],[120.38819,22.80417],[120.38995,22.80553],[120.39073,22.80525],[120.39088,22.80601],[120.39134,22.80603],[120.39095,22.80644],[120.39147,22.80687],[120.39127,22.80712],[120.39163,22.8077],[120.39154,22.80812],[120.39204,22.80855],[120.3924,22.80726],[120.39177,22.80618],[120.39253,22.80583],[120.39158,22.80577],[120.39237,22.80558],[120.39193,22.8042],[120.39252,22.80415],[120.39265,22.80368],[120.39192,22.80297],[120.39269,22.80231],[120.39241,22.80126],[120.39112,22.80007],[120.39026,22.80037],[120.39046,22.80201],[120.38692,22.79968],[120.38549,22.80118],[120.38411,22.80103],[120.38368,22.80059],[120.38537,22.80107],[120.38683,22.79956],[120.38746,22.79948],[120.38757,22.79871],[120.38882,22.79915],[120.39033,22.79804],[120.3907,22.7987],[120.39151,22.79678],[120.39115,22.79644],[120.39239,22.79557],[120.39234,22.79695],[120.39181,22.79711],[120.39093,22.79865],[120.39111,22.7991],[120.39211,22.7991],[120.39215,22.79866],[120.39321,22.79925],[120.39289,22.79851],[120.39373,22.79654],[120.39433,22.79672],[120.39462,22.79632],[120.39448,22.79575],[120.39187,22.79494],[120.39115,22.79533],[120.3898,22.79363],[120.38804,22.79297],[120.38821,22.79495],[120.38848,22.79501],[120.38842,22.79476],[120.38863,22.79461],[120.38866,22.79426],[120.38896,22.7939],[120.38914,22.79379],[120.38955,22.79374],[120.38868,22.79427],[120.38927,22.7947],[120.38845,22.79477],[120.38904,22.79557],[120.38829,22.79572],[120.38785,22.79532],[120.38805,22.79592],[120.38835,22.79597],[120.38888,22.79625],[120.38963,22.79606],[120.3902,22.79602],[120.39034,22.7961],[120.38912,22.79658],[120.38816,22.79594],[120.38801,22.7962],[120.38738,22.79625],[120.38689,22.79601],[120.38715,22.79668],[120.38643,22.79682],[120.38658,22.79737],[120.38728,22.79771],[120.38914,22.79705],[120.38988,22.79698],[120.39037,22.79698],[120.38733,22.79774],[120.38656,22.79767],[120.38572,22.79818],[120.3833,22.79875],[120.38283,22.79876],[120.38226,22.79867],[120.38206,22.7988],[120.38202,22.79889],[120.38142,22.79936],[120.38128,22.79935],[120.38115,22.79919],[120.38078,22.79917],[120.37988,22.79892],[120.37977,22.79873],[120.37996,22.79893],[120.38116,22.79917],[120.38141,22.79934],[120.38205,22.79878],[120.38226,22.79865],[120.38328,22.79874],[120.3864,22.79773],[120.3861,22.79738],[120.38461,22.79796],[120.3848,22.79723],[120.38345,22.79779],[120.38164,22.79767],[120.38023,22.79846],[120.37967,22.79831],[120.37948,22.79865],[120.37979,22.79717],[120.3826,22.79549],[120.38183,22.79325],[120.38193,22.79197],[120.38214,22.79202],[120.38226,22.79159],[120.38243,22.79147]],[[120.35302,22.82391],[120.35282,22.82388],[120.35285,22.82384],[120.35302,22.82391]],[[120.36416,22.81869],[120.36425,22.81929],[120.36362,22.81846],[120.36416,22.81869]],[[120.3485,22.81159],[120.34852,22.81127],[120.34864,22.81119],[120.3488,22.81119],[120.3485,22.81159]],[[120.357,22.8087],[120.35734,22.80885],[120.35734,22.80901],[120.35706,22.80895],[120.357,22.8087]],[[120.38734,22.80837],[120.38743,22.80874],[120.38721,22.80866],[120.38734,22.80837]],[[120.38819,22.80822],[120.38775,22.80807],[120.38775,22.80797],[120.3882,22.80797],[120.38819,22.80822]],[[120.3862,22.80809],[120.38597,22.8081],[120.3864,22.80795],[120.3862,22.80809]],[[120.38654,22.80766],[120.3865,22.80756],[120.38652,22.80749],[120.38654,22.80766]],[[120.38692,22.80685],[120.3872,22.80706],[120.38661,22.80759],[120.38692,22.80685]],[[120.38018,22.80692],[120.38015,22.80702],[120.38018,22.80678],[120.38018,22.80692]],[[120.38094,22.80697],[120.3805,22.80716],[120.38024,22.80673],[120.38065,22.80658],[120.38094,22.80697]],[[120.386,22.80638],[120.38575,22.80632],[120.38576,22.80628],[120.386,22.80638]],[[120.36071,22.80586],[120.36052,22.80588],[120.36071,22.80582],[120.36071,22.80586]],[[120.35857,22.80569],[120.35897,22.80572],[120.35869,22.80577],[120.35857,22.80569]],[[120.38323,22.80515],[120.38302,22.80538],[120.38317,22.80512],[120.38323,22.80515]],[[120.38098,22.80458],[120.38088,22.80449],[120.38103,22.80438],[120.38098,22.80458]],[[120.38424,22.80358],[120.38423,22.80422],[120.38361,22.80428],[120.38329,22.80505],[120.38357,22.80425],[120.38412,22.80417],[120.38397,22.80369],[120.38424,22.80358]],[[120.38145,22.80356],[120.38216,22.80422],[120.38225,22.80429],[120.38297,22.80567],[120.38145,22.80356]],[[120.38655,22.80502],[120.38696,22.8049],[120.38694,22.80557],[120.38782,22.8057],[120.3883,22.80654],[120.38678,22.8058],[120.38684,22.80519],[120.38627,22.80491],[120.38575,22.80379],[120.38466,22.80412],[120.3855,22.80545],[120.38444,22.80399],[120.38577,22.8036],[120.38655,22.80502]],[[120.37948,22.79912],[120.3798,22.80053],[120.37955,22.80091],[120.3799,22.801],[120.38066,22.80234],[120.38089,22.80216],[120.38135,22.80183],[120.38167,22.80173],[120.38221,22.80166],[120.38068,22.80236],[120.38099,22.80288],[120.37953,22.80096],[120.37948,22.79912]],[[120.38604,22.79822],[120.38576,22.79869],[120.38555,22.79884],[120.38496,22.79902],[120.38477,22.799],[120.38462,22.79907],[120.38419,22.79906],[120.38409,22.79934],[120.38397,22.79942],[120.38306,22.79988],[120.38297,22.79973],[120.38417,22.79904],[120.38554,22.79881],[120.38574,22.79868],[120.38596,22.79824],[120.38604,22.79822]],[[120.3848,22.79484],[120.38402,22.79558],[120.3826,22.79641],[120.38141,22.79704],[120.38022,22.79746],[120.3799,22.79774],[120.38021,22.79744],[120.38401,22.79556],[120.3848,22.79484]],[[120.38504,22.79459],[120.38504,22.79462],[120.38493,22.79478],[120.38504,22.79459]]],[[[120.36627,22.81168],[120.36645,22.81163],[120.36645,22.81162],[120.36627,22.81168]]],[[[120.36464,22.81232],[120.36557,22.81221],[120.36623,22.8117],[120.36464,22.81232]]],[[[120.36457,22.81325],[120.36454,22.81237],[120.36295,22.81296],[120.3644,22.81361],[120.36375,22.81305],[120.36457,22.81325]]],[[[120.36472,22.81256],[120.36465,22.81358],[120.36535,22.81383],[120.36598,22.81445],[120.36566,22.8129],[120.36632,22.81186],[120.36567,22.81228],[120.36472,22.81256]]],[[[120.35668,22.81105],[120.35544,22.81195],[120.35522,22.81328],[120.35625,22.81551],[120.35813,22.81547],[120.35782,22.816],[120.36032,22.81594],[120.35959,22.81441],[120.35967,22.81419],[120.35888,22.81368],[120.35869,22.81353],[120.35842,22.81183],[120.35738,22.81181],[120.35668,22.81105]]],[[[120.35849,22.81122],[120.35873,22.81354],[120.35973,22.81418],[120.36035,22.81593],[120.36364,22.81615],[120.36528,22.81696],[120.36622,22.81558],[120.36419,22.81352],[120.35917,22.81178],[120.35849,22.81122]],[[120.3648,22.8161],[120.36473,22.81614],[120.36489,22.81586],[120.3648,22.8161]]],[[[120.36598,22.81515],[120.36556,22.81426],[120.36463,22.81368],[120.3646,22.81377],[120.36598,22.81515]]],[[[120.38368,22.80731],[120.37107,22.80915],[120.36939,22.80911],[120.36865,22.8097],[120.36852,22.81068],[120.36809,22.81104],[120.36652,22.81159],[120.36571,22.8129],[120.36624,22.81513],[120.36625,22.81549],[120.3679,22.81699],[120.36983,22.81714],[120.37055,22.81807],[120.37094,22.81926],[120.37242,22.81995],[120.3741,22.82003],[120.3773,22.82095],[120.37842,22.82157],[120.37946,22.82174],[120.3802,22.82165],[120.37996,22.82135],[120.38079,22.8198],[120.3817,22.81976],[120.38281,22.81889],[120.38297,22.8181],[120.3862,22.81731],[120.38764,22.81631],[120.3889,22.81646],[120.39055,22.8159],[120.39181,22.81505],[120.39098,22.8124],[120.39068,22.81235],[120.38871,22.8108],[120.38839,22.8111],[120.38815,22.81124],[120.38779,22.81131],[120.38754,22.81127],[120.38703,22.81159],[120.38686,22.81164],[120.38675,22.81163],[120.38752,22.81125],[120.38815,22.81121],[120.38869,22.81078],[120.38535,22.80823],[120.38407,22.80997],[120.38534,22.80821],[120.38368,22.80731]],[[120.38155,22.80914],[120.38239,22.8095],[120.38275,22.80924],[120.38296,22.8092],[120.38316,22.80932],[120.38238,22.80954],[120.38153,22.80917],[120.38122,22.80929],[120.38043,22.80943],[120.37824,22.81133],[120.37719,22.81113],[120.37821,22.8113],[120.38039,22.80939],[120.38155,22.80914]],[[120.38667,22.81159],[120.38604,22.81172],[120.3864,22.81161],[120.38667,22.81159]],[[120.37455,22.81812],[120.37432,22.81887],[120.37423,22.81897],[120.37421,22.81835],[120.3743,22.81817],[120.37455,22.81812]]],[[[120.36612,22.81481],[120.36601,22.81444],[120.36602,22.81466],[120.36612,22.81481]]],[[[120.36616,22.81538],[120.3661,22.81532],[120.36618,22.81544],[120.36616,22.81538]]],[[[120.39103,22.7641],[120.39107,22.76366],[120.39075,22.76391],[120.39103,22.7641]]],[[[120.38464,22.7712],[120.38348,22.77149],[120.38528,22.77148],[120.38721,22.77225],[120.38735,22.77187],[120.3872,22.77156],[120.38715,22.77132],[120.38635,22.77178],[120.38575,22.77161],[120.38578,22.77106],[120.38444,22.7708],[120.38464,22.7712]],[[120.38508,22.77097],[120.38519,22.77102],[120.38501,22.7712],[120.38508,22.77097]],[[120.385,22.77096],[120.38468,22.77121],[120.38478,22.77091],[120.385,22.77096]]],[[[120.38924,22.77231],[120.38918,22.7723],[120.38917,22.7723],[120.38924,22.77231]]],[[[120.39427,22.77197],[120.39376,22.77281],[120.39441,22.77204],[120.39427,22.77197]]],[[[120.39547,22.77284],[120.39662,22.77315],[120.39639,22.77255],[120.39815,22.7724],[120.39595,22.77257],[120.39547,22.77284]]],[[[120.39822,22.77239],[120.39975,22.77231],[120.40147,22.7725],[120.40177,22.77255],[120.4014,22.77263],[120.40175,22.77302],[120.40297,22.77335],[120.403,22.77294],[120.40215,22.77255],[120.39905,22.77223],[120.39822,22.77239]],[[120.40233,22.77277],[120.40229,22.77265],[120.40246,22.7727],[120.40233,22.77277]]],[[[120.39813,22.77348],[120.39827,22.77332],[120.39813,22.77332],[120.39813,22.77348]]],[[[120.40075,22.77398],[120.40055,22.77397],[120.40058,22.7741],[120.40075,22.77398]]],[[[120.40415,22.77361],[120.40366,22.77432],[120.40389,22.77481],[120.40429,22.77452],[120.40474,22.77466],[120.40482,22.77452],[120.40516,22.77462],[120.40415,22.77361]]],[[[120.38672,22.77399],[120.3846,22.77355],[120.38407,22.77405],[120.38454,22.77494],[120.38617,22.7755],[120.38672,22.77399]]],[[[120.38616,22.77585],[120.38504,22.77551],[120.38499,22.77558],[120.38616,22.77585]]],[[[120.40462,22.77836],[120.40517,22.77883],[120.4052,22.77879],[120.40462,22.77836]]],[[[120.39034,22.79902],[120.39118,22.79964],[120.39124,22.79946],[120.39034,22.79902]]],[[[120.39592,22.80981],[120.39498,22.80883],[120.39512,22.80951],[120.39592,22.80981]]],[[[120.39873,22.80667],[120.39895,22.80862],[120.39951,22.80891],[120.3991,22.80903],[120.39908,22.81045],[120.39694,22.80959],[120.3964,22.81016],[120.39843,22.81059],[120.39917,22.81089],[120.39981,22.81021],[120.40026,22.81008],[120.40063,22.81019],[120.40114,22.80998],[120.40063,22.81021],[120.39983,22.81024],[120.39957,22.8107],[120.40357,22.81201],[120.40431,22.81253],[120.40458,22.8112],[120.40204,22.81018],[120.4022,22.80959],[120.40154,22.80878],[120.40063,22.80866],[120.40034,22.80768],[120.39949,22.80754],[120.39968,22.80712],[120.39873,22.80667]]],[[[120.40324,22.80976],[120.40308,22.80947],[120.40227,22.80941],[120.40226,22.80974],[120.40268,22.81006],[120.4023,22.80966],[120.40324,22.80976]]],[[[120.39471,22.80963],[120.39245,22.8084],[120.39222,22.80918],[120.39241,22.8092],[120.39285,22.80962],[120.39319,22.80972],[120.39397,22.81033],[120.39466,22.81064],[120.39537,22.81057],[120.39562,22.81068],[120.39608,22.81102],[120.39637,22.81087],[120.39653,22.81089],[120.39743,22.81129],[120.39813,22.8107],[120.39838,22.81072],[120.39883,22.81098],[120.39926,22.81101],[120.39828,22.81062],[120.39636,22.8102],[120.3951,22.80957],[120.39471,22.80963]]],[[[120.39032,22.80985],[120.39049,22.81014],[120.39081,22.81009],[120.39032,22.80985]]],[[[120.39282,22.80965],[120.39218,22.80918],[120.39236,22.80851],[120.39146,22.80917],[120.3903,22.80902],[120.38982,22.80935],[120.391,22.8095],[120.39021,22.80969],[120.39082,22.80994],[120.39125,22.81045],[120.39084,22.81012],[120.38977,22.81044],[120.38928,22.81021],[120.38874,22.81077],[120.39134,22.81252],[120.39184,22.81358],[120.39132,22.8104],[120.39314,22.81057],[120.39289,22.81186],[120.39328,22.81245],[120.39569,22.81353],[120.39575,22.81416],[120.3969,22.81415],[120.39814,22.81594],[120.39966,22.81655],[120.40139,22.81619],[120.40163,22.81663],[120.40217,22.81605],[120.40365,22.81582],[120.40366,22.81541],[120.40484,22.81547],[120.40434,22.8149],[120.40371,22.81508],[120.40253,22.81493],[120.40244,22.81486],[120.40242,22.81478],[120.40256,22.81408],[120.4029,22.81392],[120.40226,22.81357],[120.40259,22.81338],[120.40232,22.81314],[120.40204,22.81273],[120.40075,22.81264],[120.40022,22.81218],[120.40013,22.81192],[120.39998,22.81191],[120.39944,22.81162],[120.39872,22.8115],[120.39942,22.81159],[120.40014,22.8119],[120.40086,22.81262],[120.40341,22.81257],[120.40397,22.81275],[120.40408,22.8124],[120.39959,22.81075],[120.39943,22.81073],[120.39929,22.81103],[120.39916,22.81106],[120.39883,22.81101],[120.39836,22.81074],[120.39815,22.81073],[120.39744,22.81132],[120.39599,22.81102],[120.39535,22.81059],[120.39471,22.81068],[120.39396,22.81035],[120.39317,22.80974],[120.39282,22.80965]],[[120.39157,22.80971],[120.39136,22.81011],[120.39122,22.80959],[120.39157,22.80971]]],[[[120.4045,22.81259],[120.40408,22.81276],[120.40453,22.81273],[120.4045,22.81259]]],[[[120.40263,22.81269],[120.40197,22.81271],[120.40205,22.81271],[120.40256,22.81326],[120.40293,22.81394],[120.40252,22.81491],[120.40434,22.81488],[120.40536,22.81561],[120.40664,22.81548],[120.40697,22.81366],[120.40623,22.81386],[120.40557,22.81326],[120.40263,22.81269]]],[[[120.41161,22.7634],[120.41007,22.76426],[120.40968,22.76518],[120.41069,22.76494],[120.41116,22.76437],[120.41157,22.76404],[120.41171,22.76401],[120.41161,22.7634]]],[[[120.40964,22.76542],[120.40891,22.76719],[120.40933,22.76681],[120.4098,22.76668],[120.40964,22.76542]]],[[[120.4088,22.7677],[120.40876,22.76756],[120.40861,22.76775],[120.4088,22.7677]]],[[[120.40651,22.77011],[120.40657,22.77019],[120.40674,22.77013],[120.40651,22.77011]]],[[[120.40529,22.77082],[120.40561,22.77071],[120.40559,22.77068],[120.40529,22.77082]]],[[[120.41314,22.77632],[120.41372,22.77603],[120.41388,22.77568],[120.41387,22.77549],[120.41314,22.77632]]],[[[120.41238,22.7768],[120.41182,22.77707],[120.41236,22.77723],[120.41288,22.77653],[120.41274,22.77645],[120.41238,22.7768]]],[[[120.40434,22.77471],[120.40448,22.77542],[120.40383,22.77585],[120.40429,22.77613],[120.40433,22.7771],[120.40385,22.77681],[120.40332,22.77741],[120.40404,22.77754],[120.404,22.77722],[120.40525,22.77865],[120.40643,22.77855],[120.40678,22.77871],[120.40837,22.78045],[120.40789,22.77983],[120.40745,22.77862],[120.40618,22.7779],[120.40567,22.77716],[120.4051,22.77516],[120.4051,22.77477],[120.40434,22.77471]],[[120.40562,22.77705],[120.40559,22.77708],[120.40559,22.77705],[120.40562,22.77705]]],[[[120.40557,22.77909],[120.40526,22.77904],[120.40546,22.77949],[120.40557,22.77909]]],[[[120.40554,22.78],[120.40514,22.78016],[120.40518,22.78028],[120.40554,22.78]]],[[[120.42582,22.78029],[120.42404,22.77996],[120.42371,22.78015],[120.42406,22.7805],[120.42582,22.78029]]],[[[120.42367,22.78017],[120.42319,22.78071],[120.4249,22.78071],[120.42406,22.78054],[120.42367,22.78017]]],[[[120.40524,22.78123],[120.40581,22.78084],[120.40545,22.78082],[120.40524,22.78123]]],[[[120.41001,22.7825],[120.4098,22.78221],[120.40908,22.78188],[120.40961,22.78262],[120.41001,22.7825]]],[[[120.4116,22.7576],[120.40974,22.75952],[120.40962,22.76077],[120.40767,22.762],[120.40764,22.76332],[120.40494,22.76655],[120.40451,22.76628],[120.40364,22.76673],[120.40209,22.76564],[120.40176,22.76604],[120.40106,22.76587],[120.40026,22.76445],[120.39912,22.76392],[120.3989,22.76193],[120.39612,22.76023],[120.39516,22.76163],[120.39456,22.76148],[120.39374,22.76205],[120.39281,22.76166],[120.39161,22.763],[120.39173,22.76298],[120.39206,22.76323],[120.39138,22.7633],[120.39237,22.76464],[120.39369,22.76518],[120.39381,22.7671],[120.39406,22.76714],[120.39423,22.7666],[120.39468,22.76635],[120.39425,22.76494],[120.39432,22.76472],[120.39442,22.76463],[120.39455,22.76457],[120.39428,22.76494],[120.39472,22.76636],[120.39407,22.76716],[120.39649,22.76704],[120.39549,22.76724],[120.39567,22.768],[120.39678,22.76794],[120.3982,22.76905],[120.39779,22.76939],[120.39764,22.76872],[120.39663,22.76809],[120.39532,22.76827],[120.39591,22.7715],[120.39497,22.77177],[120.39493,22.77274],[120.39439,22.77296],[120.39505,22.77301],[120.39466,22.77323],[120.39517,22.77316],[120.3955,22.77272],[120.39613,22.77236],[120.39907,22.77214],[120.40032,22.77156],[120.40083,22.77154],[120.39848,22.77023],[120.39852,22.76908],[120.39858,22.77019],[120.40157,22.77131],[120.40297,22.77074],[120.40311,22.77104],[120.40575,22.77056],[120.40615,22.77008],[120.40788,22.76977],[120.40803,22.76939],[120.40806,22.76905],[120.40802,22.76894],[120.40802,22.76867],[120.40805,22.76857],[120.40772,22.76833],[120.40887,22.76739],[120.40888,22.76667],[120.40943,22.76507],[120.41001,22.76421],[120.41111,22.76339],[120.4128,22.76332],[120.41533,22.76427],[120.41273,22.76338],[120.41171,22.76355],[120.41173,22.76403],[120.4107,22.76494],[120.40986,22.76525],[120.4099,22.76668],[120.4092,22.76694],[120.40922,22.76733],[120.40889,22.76751],[120.40882,22.7677],[120.4082,22.76816],[120.408,22.7697],[120.40788,22.7698],[120.40766,22.76984],[120.40754,22.76996],[120.40896,22.77072],[120.40934,22.77047],[120.4105,22.77021],[120.41093,22.76985],[120.41173,22.76949],[120.41277,22.76919],[120.41308,22.76918],[120.41371,22.76926],[120.41439,22.7694],[120.41277,22.76921],[120.40898,22.77089],[120.40788,22.77066],[120.40745,22.77006],[120.40663,22.77021],[120.40631,22.77019],[120.40563,22.77072],[120.40542,22.77081],[120.40308,22.77117],[120.40287,22.77098],[120.39968,22.77197],[120.40256,22.77259],[120.40418,22.77339],[120.40481,22.77379],[120.40549,22.77515],[120.40728,22.77386],[120.40772,22.77368],[120.40829,22.77363],[120.40844,22.77379],[120.40858,22.77362],[120.40914,22.77441],[120.40794,22.7737],[120.40683,22.77433],[120.40765,22.77497],[120.40653,22.77662],[120.40608,22.77692],[120.40638,22.7773],[120.40661,22.77712],[120.40679,22.77708],[120.40779,22.77822],[120.40831,22.77782],[120.40969,22.77782],[120.41027,22.77725],[120.4108,22.77711],[120.41145,22.77717],[120.41274,22.77643],[120.4129,22.77652],[120.41408,22.7749],[120.41399,22.77477],[120.41407,22.77467],[120.41382,22.7745],[120.41353,22.77419],[120.41343,22.77417],[120.41319,22.77382],[120.4141,22.77467],[120.41414,22.77492],[120.41441,22.77451],[120.41401,22.77538],[120.41419,22.77533],[120.41426,22.7754],[120.41437,22.77556],[120.41435,22.77576],[120.41517,22.77536],[120.41575,22.77555],[120.41601,22.77544],[120.41662,22.77537],[120.41679,22.77546],[120.41574,22.77564],[120.41524,22.77545],[120.41466,22.77591],[120.41428,22.77574],[120.41417,22.77539],[120.41392,22.77545],[120.41389,22.77634],[120.41317,22.77638],[120.41249,22.77719],[120.41144,22.77768],[120.41051,22.77783],[120.41007,22.77814],[120.41019,22.77835],[120.41019,22.77875],[120.41005,22.779],[120.41004,22.77814],[120.40915,22.7787],[120.40908,22.77863],[120.41085,22.77763],[120.41142,22.77767],[120.41192,22.77727],[120.41081,22.77719],[120.40963,22.77792],[120.40835,22.77786],[120.40793,22.77827],[120.40733,22.77811],[120.40682,22.77713],[120.40639,22.77739],[120.406,22.777],[120.40754,22.77495],[120.40679,22.77446],[120.40565,22.77522],[120.40543,22.7752],[120.40517,22.77479],[120.40567,22.77702],[120.40749,22.77858],[120.40845,22.7804],[120.40901,22.78019],[120.40915,22.77993],[120.40935,22.77983],[120.40965,22.77987],[120.41008,22.78006],[120.41031,22.78003],[120.41038,22.78005],[120.41076,22.7804],[120.41129,22.78011],[120.41171,22.78048],[120.4127,22.77988],[120.41422,22.77947],[120.41433,22.77892],[120.41508,22.77851],[120.41819,22.77833],[120.41922,22.77713],[120.41822,22.77836],[120.4159,22.77896],[120.41473,22.77875],[120.41438,22.77948],[120.4117,22.78059],[120.41128,22.78013],[120.41076,22.78044],[120.40942,22.77986],[120.40894,22.78028],[120.4085,22.78046],[120.40987,22.78215],[120.41058,22.78147],[120.41112,22.78136],[120.41596,22.78155],[120.41119,22.78143],[120.41061,22.78153],[120.40984,22.78221],[120.41014,22.78258],[120.4105,22.78174],[120.41077,22.78153],[120.41188,22.78164],[120.41143,22.78169],[120.41167,22.78222],[120.41058,22.78178],[120.41024,22.78325],[120.41011,22.78332],[120.40999,22.78325],[120.4099,22.78332],[120.41108,22.78563],[120.4111,22.7862],[120.41062,22.78661],[120.41107,22.78567],[120.41004,22.78423],[120.40988,22.78331],[120.41019,22.78274],[120.40929,22.78278],[120.40945,22.78408],[120.4092,22.785],[120.40941,22.78408],[120.4087,22.78297],[120.40787,22.78484],[120.40821,22.78332],[120.4087,22.7829],[120.40913,22.78313],[120.40929,22.78267],[120.40939,22.78258],[120.40869,22.78212],[120.40844,22.7825],[120.40797,22.78231],[120.40843,22.78173],[120.40908,22.78188],[120.40838,22.78049],[120.40819,22.78055],[120.40836,22.78086],[120.40798,22.78163],[120.40826,22.78082],[120.40657,22.77869],[120.40541,22.77954],[120.40578,22.77997],[120.40557,22.7803],[120.40587,22.78092],[120.40567,22.78159],[120.40488,22.78173],[120.40533,22.78141],[120.4044,22.78145],[120.40388,22.77911],[120.40111,22.77795],[120.40111,22.7773],[120.40045,22.7768],[120.40045,22.7756],[120.39769,22.77515],[120.39727,22.77359],[120.39702,22.77392],[120.39652,22.77401],[120.39686,22.77479],[120.39668,22.77498],[120.39393,22.77506],[120.39414,22.77532],[120.39424,22.77558],[120.39423,22.7757],[120.39361,22.77486],[120.39364,22.77447],[120.39274,22.7749],[120.3922,22.77462],[120.39177,22.77418],[120.39188,22.7738],[120.39193,22.77431],[120.39279,22.7748],[120.3934,22.77434],[120.39368,22.77441],[120.39396,22.77495],[120.39652,22.77493],[120.39637,22.77392],[120.39712,22.77358],[120.3968,22.77333],[120.39408,22.77332],[120.39251,22.7741],[120.3923,22.77279],[120.3907,22.77271],[120.39012,22.77294],[120.39017,22.77314],[120.38963,22.77351],[120.38919,22.77371],[120.38885,22.7736],[120.38883,22.77374],[120.38787,22.77431],[120.38783,22.77463],[120.38768,22.77463],[120.38775,22.77473],[120.38773,22.77486],[120.3874,22.77497],[120.38716,22.77543],[120.38707,22.7755],[120.38712,22.77563],[120.38701,22.7758],[120.38651,22.77624],[120.38658,22.77685],[120.38654,22.77714],[120.38645,22.77723],[120.38644,22.77756],[120.38632,22.7777],[120.38643,22.7779],[120.38651,22.77822],[120.38629,22.77863],[120.38601,22.77874],[120.386,22.77991],[120.38586,22.77914],[120.38602,22.77854],[120.38646,22.77824],[120.38631,22.7777],[120.38642,22.77757],[120.38644,22.77722],[120.38654,22.77712],[120.38643,22.77657],[120.38647,22.77635],[120.38657,22.77609],[120.38699,22.77577],[120.38704,22.7755],[120.38723,22.77516],[120.3874,22.77495],[120.38771,22.77484],[120.38766,22.77462],[120.38783,22.77433],[120.38827,22.77395],[120.3888,22.77355],[120.3899,22.77332],[120.38905,22.77316],[120.38896,22.77248],[120.3878,22.77213],[120.38723,22.7714],[120.38741,22.77191],[120.38742,22.77238],[120.38723,22.77229],[120.38742,22.77272],[120.3871,22.77396],[120.3861,22.77653],[120.38541,22.77685],[120.38574,22.77733],[120.38536,22.77755],[120.38597,22.77826],[120.38549,22.7785],[120.38515,22.77798],[120.38482,22.77871],[120.3848,22.77816],[120.38395,22.77851],[120.38404,22.77948],[120.38506,22.78012],[120.38507,22.78238],[120.38362,22.78319],[120.38486,22.78387],[120.38524,22.78348],[120.38573,22.78376],[120.3871,22.78542],[120.38598,22.78773],[120.3883,22.78834],[120.38964,22.78721],[120.39191,22.7872],[120.39579,22.78908],[120.39679,22.78908],[120.39878,22.79092],[120.39992,22.79064],[120.40006,22.79388],[120.40202,22.79413],[120.40204,22.79507],[120.40419,22.79772],[120.40821,22.79722],[120.40821,22.79758],[120.4106,22.79798],[120.41059,22.79769],[120.41074,22.79732],[120.4111,22.79688],[120.41104,22.79648],[120.41065,22.79628],[120.41054,22.79589],[120.41103,22.79644],[120.41114,22.79691],[120.41065,22.79766],[120.41075,22.79869],[120.41064,22.79908],[120.41261,22.80211],[120.41164,22.80338],[120.41158,22.80386],[120.41169,22.80461],[120.41166,22.80475],[120.41148,22.80539],[120.41132,22.80555],[120.4113,22.8059],[120.41092,22.8067],[120.41115,22.80736],[120.4105,22.80795],[120.4107,22.80874],[120.41043,22.80924],[120.4099,22.80907],[120.40995,22.80988],[120.41053,22.81023],[120.41142,22.81019],[120.4118,22.81031],[120.41184,22.81035],[120.41169,22.81046],[120.41166,22.81064],[120.41203,22.8109],[120.41205,22.81104],[120.41342,22.81056],[120.41501,22.81113],[120.41616,22.81076],[120.41804,22.8085],[120.41576,22.80716],[120.41537,22.80632],[120.41574,22.80547],[120.41981,22.80305],[120.41987,22.80173],[120.42152,22.7999],[120.42136,22.79934],[120.42288,22.79739],[120.42306,22.79667],[120.42235,22.79656],[120.42198,22.79543],[120.42195,22.7938],[120.42334,22.79226],[120.42468,22.79178],[120.42525,22.79201],[120.42616,22.79112],[120.42681,22.79135],[120.42913,22.78926],[120.42917,22.78812],[120.42991,22.78703],[120.43176,22.78624],[120.43083,22.78484],[120.431,22.78387],[120.43049,22.78356],[120.4303,22.78208],[120.42793,22.77872],[120.42697,22.77954],[120.42569,22.78045],[120.42641,22.78116],[120.42727,22.78288],[120.42749,22.78091],[120.42837,22.78104],[120.4285,22.78197],[120.42915,22.78239],[120.42843,22.78275],[120.42852,22.78243],[120.42759,22.78235],[120.42747,22.78289],[120.42718,22.78291],[120.42561,22.7805],[120.42482,22.78083],[120.4232,22.78077],[120.42319,22.78109],[120.42307,22.78074],[120.42205,22.78056],[120.41905,22.78096],[120.41721,22.7808],[120.41705,22.78114],[120.418,22.78122],[120.41704,22.78122],[120.41707,22.78214],[120.41813,22.78182],[120.41828,22.78196],[120.41816,22.78245],[120.41774,22.78279],[120.41779,22.78324],[120.41833,22.78342],[120.41829,22.78299],[120.41848,22.78293],[120.41877,22.78317],[120.41907,22.78381],[120.41908,22.7839],[120.41904,22.78406],[120.41893,22.78427],[120.41901,22.78428],[120.41937,22.78398],[120.41945,22.78398],[120.41959,22.78404],[120.4194,22.78458],[120.41982,22.78437],[120.42005,22.78445],[120.41941,22.78462],[120.41935,22.78448],[120.41955,22.78406],[120.41947,22.78402],[120.41929,22.78407],[120.41905,22.78428],[120.41894,22.78431],[120.41892,22.78426],[120.41894,22.78412],[120.41907,22.78382],[120.41872,22.78346],[120.41861,22.78656],[120.41835,22.78682],[120.41834,22.78737],[120.41807,22.78779],[120.41857,22.78775],[120.41842,22.78901],[120.419,22.78921],[120.41908,22.78936],[120.41885,22.78954],[120.41895,22.78965],[120.41856,22.79077],[120.41833,22.79098],[120.41868,22.79093],[120.41902,22.79101],[120.4187,22.79168],[120.41956,22.79235],[120.4197,22.79289],[120.41963,22.79362],[120.4191,22.79388],[120.41926,22.79402],[120.41965,22.79403],[120.41977,22.79413],[120.41982,22.79424],[120.4197,22.79464],[120.42034,22.79455],[120.42051,22.7947],[120.42063,22.79547],[120.42039,22.79579],[120.42077,22.79579],[120.42091,22.79599],[120.4209,22.79661],[120.4203,22.79739],[120.42042,22.79757],[120.42017,22.79793],[120.42033,22.79802],[120.42047,22.79816],[120.42044,22.79857],[120.42038,22.79868],[120.42014,22.79794],[120.42035,22.79757],[120.41999,22.79728],[120.41982,22.7978],[120.41877,22.79822],[120.4193,22.79858],[120.41933,22.79947],[120.41875,22.79981],[120.4191,22.80005],[120.41782,22.80134],[120.41547,22.80289],[120.41534,22.80288],[120.41527,22.80269],[120.41522,22.80276],[120.41479,22.80288],[120.41454,22.80285],[120.41334,22.80365],[120.41453,22.80281],[120.41527,22.80265],[120.41544,22.80283],[120.41787,22.80117],[120.41891,22.80009],[120.41858,22.79976],[120.41923,22.79858],[120.41865,22.79817],[120.42002,22.79706],[120.42022,22.79733],[120.42084,22.7961],[120.42034,22.79579],[120.42044,22.7947],[120.41966,22.79467],[120.41974,22.79415],[120.41937,22.79414],[120.41898,22.79388],[120.41949,22.7936],[120.41955,22.79238],[120.41929,22.79267],[120.41869,22.79176],[120.41835,22.79316],[120.41768,22.7932],[120.41739,22.79283],[120.41706,22.7932],[120.41673,22.79338],[120.4167,22.7946],[120.41614,22.79542],[120.4163,22.79648],[120.41622,22.7966],[120.41634,22.79742],[120.41626,22.79778],[120.41584,22.79545],[120.41658,22.79453],[120.41667,22.79338],[120.41741,22.79279],[120.4182,22.79293],[120.41826,22.79212],[120.41897,22.79111],[120.41885,22.791],[120.4185,22.79108],[120.41825,22.79094],[120.41878,22.78943],[120.41902,22.78935],[120.41829,22.78905],[120.4185,22.78777],[120.41791,22.7878],[120.41828,22.78734],[120.41827,22.78685],[120.41855,22.78656],[120.4187,22.7832],[120.41837,22.78307],[120.41843,22.7835],[120.41782,22.78337],[120.4176,22.78301],[120.4181,22.7819],[120.41593,22.78332],[120.41484,22.78346],[120.41495,22.78285],[120.41563,22.78313],[120.41712,22.78219],[120.41695,22.78203],[120.4169,22.78188],[120.41688,22.78108],[120.41719,22.78073],[120.41742,22.78063],[120.41889,22.78088],[120.42004,22.78049],[120.42177,22.78046],[120.42306,22.78068],[120.42422,22.77968],[120.42538,22.77983],[120.42659,22.77908],[120.42544,22.77988],[120.42589,22.7803],[120.4285,22.77769],[120.42642,22.77727],[120.42589,22.77655],[120.42602,22.77583],[120.4246,22.77494],[120.42332,22.77482],[120.42222,22.77547],[120.42164,22.77423],[120.4209,22.774],[120.41912,22.77487],[120.41828,22.77188],[120.41746,22.77052],[120.41636,22.76978],[120.41597,22.7685],[120.41607,22.76653],[120.41734,22.76601],[120.41715,22.76457],[120.41559,22.76336],[120.41412,22.76131],[120.41355,22.76121],[120.41357,22.76034],[120.41181,22.75843],[120.4116,22.7576]],[[120.41473,22.80756],[120.41445,22.80844],[120.41402,22.80895],[120.41541,22.80841],[120.41438,22.80896],[120.41402,22.80899],[120.41391,22.80893],[120.41376,22.8094],[120.41353,22.80975],[120.41198,22.80996],[120.41143,22.80985],[120.41111,22.80964],[120.41349,22.80971],[120.41387,22.8089],[120.41442,22.80842],[120.41452,22.80775],[120.41473,22.80756]],[[120.41228,22.78955],[120.41212,22.79053],[120.41194,22.79073],[120.41163,22.79088],[120.41158,22.791],[120.41161,22.79128],[120.41157,22.79135],[120.41155,22.791],[120.4116,22.79087],[120.4121,22.79051],[120.41228,22.78955]],[[120.41135,22.78533],[120.41277,22.78748],[120.41267,22.7883],[120.41252,22.78877],[120.41239,22.78894],[120.41275,22.78749],[120.41135,22.78533]],[[120.41143,22.7853],[120.41111,22.78468],[120.41128,22.78421],[120.41103,22.7838],[120.41091,22.78341],[120.41133,22.78421],[120.41143,22.7853]],[[120.41147,22.78349],[120.41211,22.78372],[120.41429,22.7848],[120.41473,22.78472],[120.41491,22.78478],[120.41513,22.7851],[120.41549,22.78514],[120.41589,22.78545],[120.41614,22.78583],[120.41506,22.78508],[120.41487,22.78477],[120.4144,22.78487],[120.41348,22.78457],[120.41206,22.78376],[120.41195,22.78389],[120.41172,22.78392],[120.4116,22.78385],[120.41147,22.78349]],[[120.39717,22.78184],[120.39878,22.783],[120.39931,22.7825],[120.40007,22.78314],[120.40003,22.78389],[120.40029,22.78408],[120.40071,22.78389],[120.40083,22.78396],[120.40061,22.78467],[120.40115,22.78546],[120.40098,22.78597],[120.40122,22.78603],[120.40137,22.78649],[120.40171,22.78618],[120.4019,22.78631],[120.40217,22.78703],[120.40185,22.78715],[120.40255,22.78781],[120.40208,22.78829],[120.40257,22.7881],[120.4028,22.78814],[120.40282,22.78834],[120.40261,22.78886],[120.40284,22.78892],[120.40295,22.78907],[120.40276,22.78945],[120.4032,22.78961],[120.40381,22.79068],[120.40386,22.79119],[120.40132,22.79348],[120.40377,22.791],[120.40313,22.7896],[120.40262,22.78959],[120.40288,22.78907],[120.40252,22.78888],[120.40277,22.78827],[120.40214,22.78846],[120.40191,22.78827],[120.40238,22.78765],[120.40177,22.78713],[120.40178,22.78633],[120.40139,22.7866],[120.40124,22.78651],[120.40085,22.78587],[120.40103,22.78545],[120.40059,22.78478],[120.40038,22.7853],[120.39985,22.78601],[120.39934,22.78646],[120.39917,22.78648],[120.40029,22.7854],[120.40076,22.78412],[120.40012,22.78411],[120.39952,22.78268],[120.39912,22.78273],[120.39922,22.78309],[120.39767,22.78583],[120.39686,22.78599],[120.39663,22.78781],[120.39589,22.78873],[120.39661,22.78779],[120.39658,22.78686],[120.3961,22.7874],[120.3961,22.78718],[120.39684,22.78593],[120.3976,22.78578],[120.39885,22.7832],[120.39798,22.78289],[120.39717,22.78184]],[[120.41267,22.78203],[120.41263,22.78184],[120.41274,22.78215],[120.41267,22.78203]],[[120.41939,22.78174],[120.42039,22.78255],[120.42091,22.7825],[120.42134,22.78269],[120.42183,22.78383],[120.42214,22.78547],[120.42374,22.78652],[120.42482,22.78629],[120.42466,22.78664],[120.42375,22.78657],[120.42223,22.78564],[120.42184,22.78501],[120.42122,22.78273],[120.42026,22.78269],[120.41959,22.78221],[120.41939,22.78174]],[[120.41924,22.78141],[120.41929,22.78133],[120.4194,22.78142],[120.41924,22.78141]],[[120.41898,22.7813],[120.41891,22.78131],[120.41871,22.78137],[120.41832,22.78125],[120.41898,22.7813]],[[120.42148,22.78149],[120.42288,22.78094],[120.42193,22.78162],[120.42119,22.78147],[120.42086,22.78087],[120.41954,22.78135],[120.42084,22.78076],[120.42148,22.78149]],[[120.39501,22.77957],[120.396,22.77983],[120.39637,22.78003],[120.39679,22.78081],[120.39722,22.78072],[120.39749,22.78094],[120.39773,22.78078],[120.39853,22.78088],[120.39866,22.7811],[120.39897,22.78096],[120.39944,22.78115],[120.39972,22.78144],[120.39895,22.781],[120.39867,22.78116],[120.39852,22.78094],[120.39749,22.78098],[120.3972,22.78075],[120.39685,22.78144],[120.39697,22.78096],[120.39651,22.78091],[120.396,22.77986],[120.39547,22.78004],[120.39501,22.77957]],[[120.3918,22.77332],[120.39008,22.77449],[120.39018,22.7755],[120.39078,22.77639],[120.39306,22.77787],[120.39283,22.77865],[120.39359,22.77853],[120.3939,22.77879],[120.39342,22.77965],[120.39377,22.77873],[120.39275,22.77867],[120.39299,22.77788],[120.3907,22.77647],[120.38985,22.77653],[120.39017,22.77727],[120.38976,22.77771],[120.38949,22.77735],[120.3901,22.77722],[120.38979,22.77662],[120.38871,22.77736],[120.38936,22.7784],[120.38909,22.77915],[120.38939,22.77928],[120.38989,22.77962],[120.39004,22.78008],[120.39003,22.78044],[120.38964,22.78086],[120.39,22.78083],[120.39015,22.78092],[120.38993,22.78118],[120.38934,22.78131],[120.38995,22.78171],[120.38992,22.78219],[120.38972,22.78277],[120.38842,22.78312],[120.38821,22.78305],[120.38848,22.78337],[120.38837,22.78423],[120.38806,22.78468],[120.3876,22.78516],[120.3883,22.78426],[120.38817,22.78301],[120.38969,22.78272],[120.38988,22.78183],[120.38924,22.78128],[120.39008,22.78095],[120.3895,22.78084],[120.38994,22.78008],[120.38894,22.77915],[120.38918,22.77828],[120.38857,22.77734],[120.38974,22.77645],[120.3903,22.77646],[120.38988,22.7744],[120.3918,22.77332]],[[120.41456,22.77269],[120.41456,22.77322],[120.41452,22.77314],[120.41456,22.77269]],[[120.41464,22.77221],[120.41528,22.77273],[120.41578,22.77236],[120.4161,22.7723],[120.41637,22.77234],[120.41503,22.77292],[120.41519,22.77337],[120.41474,22.77271],[120.41464,22.77221]],[[120.39568,22.76926],[120.39568,22.76933],[120.39566,22.76935],[120.39568,22.76926]],[[120.40765,22.76941],[120.40744,22.76918],[120.40777,22.76905],[120.40765,22.76941]],[[120.39637,22.76691],[120.39658,22.76677],[120.3966,22.76676],[120.39637,22.76691]],[[120.39541,22.76265],[120.39619,22.76278],[120.39617,22.76294],[120.39541,22.76276],[120.39529,22.76316],[120.3946,22.76349],[120.39541,22.76265]]],[[[120.41062,22.79808],[120.4106,22.79816],[120.41061,22.79824],[120.41062,22.79808]]],[[[120.40866,22.79833],[120.40752,22.79849],[120.40734,22.79893],[120.40742,22.79935],[120.40866,22.79833]]],[[[120.40782,22.8024],[120.40749,22.80489],[120.4105,22.80564],[120.41142,22.80544],[120.41162,22.80337],[120.41194,22.8029],[120.41054,22.80299],[120.40997,22.80237],[120.40901,22.80262],[120.40852,22.80205],[120.40782,22.8024]]],[[[120.41113,22.80731],[120.41018,22.80791],[120.41033,22.80818],[120.41029,22.80834],[120.41054,22.80857],[120.4105,22.80792],[120.41113,22.80731]]],[[[120.41025,22.80904],[120.41024,22.80832],[120.41023,22.80801],[120.4089,22.80731],[120.40927,22.80864],[120.41025,22.80904]]],[[[120.41167,22.81045],[120.41076,22.81064],[120.41146,22.81162],[120.41203,22.81106],[120.41165,22.81066],[120.41167,22.81045]]]]}},{"type":"Feature","properties":{"zone":"工業區","town":"燕巢區"},"geometry":{"type":"MultiPolygon","coordinates":[[[[120.37424,22.76398],[120.37458,22.76451],[120.37448,22.7639],[120.37424,22.76398]]],[[[120.34334,22.77344],[120.34343,22.77331],[120.34343,22.77327],[120.34334,22.77344]]],[[[120.34482,22.77041],[120.34349,22.77314],[120.34446,22.77739],[120.34782,22.77846],[120.34858,22.78069],[120.35061,22.78051],[120.35065,22.77931],[120.34977,22.77933],[120.34777,22.7777],[120.34788,22.77665],[120.34682,22.77522],[120.34724,22.77406],[120.34664,22.77392],[120.34589,22.77208],[120.34575,22.77131],[120.34619,22.77079],[120.34482,22.77041]]],[[[120.3563,22.77482],[120.35521,22.77504],[120.3554,22.77543],[120.35391,22.77528],[120.3546,22.77722],[120.35479,22.77689],[120.35495,22.77724],[120.35465,22.77737],[120.35535,22.77935],[120.35791,22.77904],[120.3563,22.77482]],[[120.35614,22.77606],[120.35638,22.77632],[120.35613,22.77615],[120.35614,22.77606]],[[120.35547,22.7758],[120.35537,22.77664],[120.35487,22.77676],[120.35469,22.776],[120.35547,22.7758]],[[120.35419,22.77546],[120.35419,22.77563],[120.35408,22.77543],[120.35419,22.77546]]],[[[120.36089,22.77866],[120.3524,22.78026],[120.35348,22.7816],[120.35237,22.78027],[120.35059,22.78086],[120.35173,22.78172],[120.35265,22.78108],[120.35296,22.78131],[120.35305,22.78213],[120.3527,22.78247],[120.35212,22.78204],[120.35207,22.78267],[120.35437,22.78368],[120.35538,22.78471],[120.35588,22.78338],[120.35503,22.78268],[120.36135,22.78147],[120.36089,22.77866]],[[120.35421,22.78244],[120.35398,22.78232],[120.35428,22.78234],[120.35421,22.78244]]],[[[120.34571,22.78013],[120.34428,22.77987],[120.34282,22.78312],[120.3445,22.78368],[120.34571,22.78013]]],[[[120.35539,22.78527],[120.35284,22.785],[120.35054,22.78281],[120.34948,22.78497],[120.35509,22.7865],[120.35539,22.78527]]]]}},{"type":"Feature","properties":{"zone":"森林區","town":"燕巢區"},"geometry":{"type":"Polygon","coordinates":[[[120.38104,22.78296],[120.37918,22.78395],[120.37994,22.78399],[120.37988,22.78483],[120.37886,22.78452],[120.37881,22.78408],[120.37853,22.78436],[120.37949,22.78545],[120.37854,22.78631],[120.37808,22.78619],[120.37805,22.78687],[120.37711,22.7878],[120.37721,22.78924],[120.3784,22.78923],[120.37799,22.79018],[120.37875,22.79092],[120.37911,22.79285],[120.37954,22.79192],[120.3814,22.7912],[120.38195,22.79052],[120.38329,22.79026],[120.38366,22.79142],[120.38547,22.79185],[120.38571,22.79245],[120.38668,22.79239],[120.38687,22.79297],[120.38967,22.79354],[120.39115,22.79533],[120.39187,22.79494],[120.39448,22.79575],[120.39462,22.79632],[120.39433,22.79672],[120.39373,22.79654],[120.39289,22.79851],[120.39321,22.79925],[120.39215,22.79866],[120.39211,22.7991],[120.39111,22.7991],[120.39093,22.79865],[120.39181,22.79711],[120.39234,22.79695],[120.39239,22.79557],[120.39115,22.79644],[120.39151,22.79678],[120.3907,22.7987],[120.39033,22.79804],[120.38882,22.79915],[120.38757,22.79871],[120.38746,22.79948],[120.38683,22.79956],[120.39046,22.80201],[120.39026,22.80037],[120.39112,22.80007],[120.39241,22.80126],[120.39269,22.80231],[120.39192,22.80297],[120.39265,22.80368],[120.39252,22.80415],[120.39193,22.8042],[120.39253,22.80583],[120.39177,22.80618],[120.3924,22.80726],[120.39232,22.80842],[120.39483,22.80959],[120.39498,22.80883],[120.39633,22.81007],[120.39694,22.80959],[120.39908,22.81045],[120.3991,22.80903],[120.39951,22.80891],[120.39895,22.80862],[120.39877,22.80661],[120.39968,22.80712],[120.39949,22.80754],[120.40034,22.80768],[120.40063,22.80866],[120.40154,22.80878],[120.4022,22.80959],[120.40204,22.81018],[120.40458,22.8112],[120.40459,22.81272],[120.40405,22.81291],[120.40623,22.81386],[120.40697,22.81366],[120.40664,22.81548],[120.40973,22.81561],[120.4101,22.81319],[120.41146,22.81162],[120.41077,22.81081],[120.41095,22.8103],[120.40996,22.81024],[120.40993,22.80903],[120.40918,22.80854],[120.40888,22.80724],[120.4098,22.80791],[120.41062,22.80764],[120.41109,22.8073],[120.41141,22.80555],[120.40733,22.80496],[120.40764,22.80272],[120.40814,22.80207],[120.40901,22.80262],[120.41002,22.80238],[120.41054,22.80299],[120.41194,22.8029],[120.41258,22.80211],[120.41174,22.8003],[120.41073,22.79934],[120.41053,22.79788],[120.40821,22.79758],[120.40821,22.79722],[120.40419,22.79772],[120.40204,22.79507],[120.40202,22.79413],[120.40006,22.79388],[120.39992,22.79064],[120.39878,22.79092],[120.39679,22.78908],[120.39579,22.78908],[120.39191,22.7872],[120.38964,22.78721],[120.3883,22.78834],[120.38731,22.78832],[120.38598,22.78773],[120.38721,22.78571],[120.38573,22.78376],[120.38524,22.78348],[120.38486,22.78387],[120.38362,22.78319],[120.3835,22.78376],[120.38272,22.7837],[120.38237,22.7847],[120.38091,22.78385],[120.3809,22.78336],[120.38188,22.78332],[120.38104,22.78296]],[[120.38213,22.78541],[120.38184,22.78608],[120.38254,22.78722],[120.38257,22.78786],[120.38242,22.78823],[120.38248,22.7872],[120.3818,22.7861],[120.38213,22.78541]],[[120.40752,22.79849],[120.40866,22.79833],[120.40742,22.79935],[120.40752,22.79849]],[[120.39034,22.79902],[120.39124,22.79946],[120.39118,22.79964],[120.3906,22.79945],[120.39034,22.79902]],[[120.40227,22.80941],[120.40324,22.80976],[120.4023,22.80966],[120.40288,22.81012],[120.40226,22.80974],[120.40227,22.80941]]]}},{"type":"Feature","properties":{"zone":"河川區","town":"燕巢區"},"geometry":{"type":"MultiPolygon","coordinates":[[[[120.33216,22.8044],[120.33413,22.80726],[120.3352,22.80799],[120.33632,22.8083],[120.337,22.80894],[120.33636,22.80819],[120.33479,22.80757],[120.33229,22.80432],[120.33156,22.80417],[120.3307,22.80465],[120.33216,22.8044]]],[[[120.33895,22.80903],[120.33828,22.8092],[120.33771,22.80914],[120.33811,22.80945],[120.33895,22.80903]]],[[[120.34044,22.80997],[120.34055,22.80993],[120.34037,22.80976],[120.34044,22.80997]]],[[[120.34326,22.80846],[120.34468,22.8091],[120.34401,22.81114],[120.34416,22.81156],[120.3445,22.812],[120.34406,22.81113],[120.3446,22.81108],[120.34474,22.80909],[120.34415,22.80848],[120.34326,22.80846]]]]}},{"type":"Feature","properties":{"zone":"特定專用區","town":"燕巢區"},"geometry":{"type":"MultiPolygon","coordinates":[[[[120.35073,22.76035],[120.35068,22.76029],[120.35069,22.76034],[120.35073,22.76035]]],[[[120.35074,22.7604],[120.35071,22.76048],[120.35075,22.76048],[120.35074,22.7604]]],[[[120.35192,22.75587],[120.34965,22.76018],[120.34778,22.76023],[120.34316,22.75896],[120.34195,22.75905],[120.34341,22.75953],[120.34373,22.76011],[120.3449,22.76021],[120.34448,22.76036],[120.34486,22.76067],[120.34421,22.76021],[120.34391,22.76021],[120.3439,22.76076],[120.34337,22.76095],[120.34235,22.7598],[120.3429,22.76087],[120.34187,22.7625],[120.34257,22.76407],[120.34408,22.76529],[120.34371,22.7653],[120.34309,22.76795],[120.34534,22.76874],[120.34492,22.76952],[120.3452,22.77001],[120.34525,22.76925],[120.34609,22.76864],[120.3478,22.76513],[120.34865,22.76483],[120.34855,22.76368],[120.35203,22.75621],[120.35192,22.75587]],[[120.34749,22.7645],[120.34811,22.76461],[120.34747,22.7646],[120.34749,22.7645]],[[120.3475,22.76376],[120.34681,22.76352],[120.34751,22.76373],[120.3475,22.76376]],[[120.34574,22.76262],[120.34565,22.76243],[120.34592,22.76226],[120.34574,22.76262]],[[120.34895,22.76203],[120.34849,22.76139],[120.34889,22.76128],[120.34895,22.76203]],[[120.34556,22.76135],[120.34504,22.76161],[120.3446,22.76078],[120.34556,22.76135]],[[120.34919,22.76057],[120.34886,22.76095],[120.34877,22.76067],[120.34919,22.76057]],[[120.34543,22.76114],[120.34492,22.76074],[120.34499,22.7606],[120.34528,22.76051],[120.34543,22.76114]]],[[[120.34976,22.77392],[120.34934,22.77348],[120.3473,22.77438],[120.34805,22.77589],[120.34899,22.7758],[120.34976,22.77392]]],[[[120.35419,22.77546],[120.35419,22.77563],[120.35429,22.77557],[120.35419,22.77546]]],[[[120.35645,22.77608],[120.35613,22.77615],[120.35638,22.77632],[120.35645,22.77608]]],[[[120.35469,22.776],[120.3552,22.77677],[120.35547,22.7758],[120.35469,22.776]]],[[[120.357,22.77673],[120.35791,22.77904],[120.35535,22.77935],[120.35465,22.77737],[120.35495,22.77724],[120.35479,22.77689],[120.3546,22.77722],[120.35391,22.77528],[120.35255,22.77513],[120.35273,22.77599],[120.35207,22.77654],[120.35247,22.77702],[120.35199,22.77666],[120.35088,22.7751],[120.34952,22.77463],[120.34959,22.77546],[120.35069,22.77682],[120.351,22.77668],[120.35194,22.77723],[120.35189,22.77788],[120.35274,22.77795],[120.35293,22.77829],[120.35355,22.77831],[120.35456,22.77891],[120.35196,22.7782],[120.35172,22.77775],[120.35181,22.77727],[120.35064,22.7769],[120.35042,22.77659],[120.35037,22.77664],[120.35059,22.77694],[120.35059,22.77713],[120.34926,22.77587],[120.34825,22.77617],[120.34833,22.77667],[120.34785,22.77631],[120.34817,22.77692],[120.34784,22.77703],[120.34986,22.77909],[120.35154,22.77942],[120.35095,22.7796],[120.35081,22.78057],[120.35237,22.78027],[120.35348,22.7816],[120.3524,22.78026],[120.35533,22.7794],[120.36089,22.77866],[120.3614,22.78146],[120.36085,22.77779],[120.36,22.77826],[120.36018,22.77871],[120.358,22.77902],[120.35862,22.77807],[120.35759,22.77723],[120.35829,22.7763],[120.35758,22.77625],[120.35829,22.77616],[120.35864,22.77475],[120.35666,22.77395],[120.357,22.77673]],[[120.3573,22.77704],[120.35728,22.77715],[120.35723,22.77708],[120.3573,22.77704]],[[120.35263,22.77693],[120.35427,22.7778],[120.35416,22.77851],[120.35483,22.77867],[120.35412,22.77853],[120.3542,22.77793],[120.35282,22.77732],[120.35263,22.77693]]],[[[120.34343,22.77327],[120.34399,22.77575],[120.34322,22.77538],[120.34292,22.7743],[120.3396,22.78114],[120.34282,22.78312],[120.34428,22.77987],[120.34457,22.77954],[120.34556,22.7798],[120.3454,22.7816],[120.3445,22.78368],[120.34797,22.78457],[120.34824,22.78376],[120.34922,22.78405],[120.34896,22.78483],[120.34948,22.78497],[120.35054,22.78281],[120.34758,22.78088],[120.34579,22.78033],[120.34608,22.77977],[120.34798,22.78092],[120.34826,22.77979],[120.34629,22.77903],[120.34631,22.77845],[120.34451,22.77765],[120.34343,22.77327]],[[120.34729,22.78378],[120.3473,22.7838],[120.34729,22.7838],[120.34729,22.78378]],[[120.34671,22.78389],[120.34703,22.78354],[120.34724,22.78361],[120.34712,22.784],[120.34671,22.78389]],[[120.34338,22.778],[120.34317,22.77906],[120.34433,22.77954],[120.34305,22.77946],[120.3432,22.7812],[120.34239,22.77863],[120.3425,22.77788],[120.34338,22.778]]],[[[120.3525,22.78123],[120.35173,22.78183],[120.3527,22.78247],[120.35315,22.78197],[120.3525,22.78123]]],[[[120.35411,22.78243],[120.35428,22.78234],[120.35398,22.78232],[120.35411,22.78243]]],[[[120.3551,22.78271],[120.35544,22.78319],[120.35588,22.78338],[120.35605,22.78268],[120.3551,22.78271]]],[[[120.35539,22.78537],[120.35539,22.78527],[120.35511,22.7865],[120.35539,22.78537]]],[[[120.3319,22.80151],[120.32924,22.80194],[120.32925,22.80327],[120.32856,22.80331],[120.32935,22.80338],[120.32985,22.80409],[120.32939,22.80482],[120.32881,22.80355],[120.32835,22.80361],[120.32921,22.80479],[120.33002,22.80505],[120.33033,22.80492],[120.32972,22.80462],[120.32994,22.80412],[120.33063,22.80469],[120.33116,22.80436],[120.32959,22.80314],[120.32993,22.8028],[120.33084,22.80312],[120.33066,22.80269],[120.33129,22.80252],[120.3319,22.80151]]],[[[120.34609,22.80604],[120.34618,22.80603],[120.34642,22.80587],[120.34609,22.80604]]],[[[120.35998,22.76004],[120.36004,22.75869],[120.35643,22.75915],[120.35657,22.76037],[120.35626,22.7604],[120.35645,22.76039],[120.35998,22.76004]]],[[[120.36836,22.75704],[120.36812,22.759],[120.36755,22.7598],[120.36793,22.75972],[120.36696,22.76002],[120.36834,22.76001],[120.36847,22.76079],[120.37202,22.763],[120.37398,22.76284],[120.37265,22.76337],[120.3744,22.7644],[120.37424,22.76398],[120.37472,22.76367],[120.37423,22.76231],[120.37445,22.76101],[120.37349,22.76067],[120.37483,22.76041],[120.37553,22.75956],[120.37535,22.75894],[120.37445,22.75871],[120.37339,22.75936],[120.36887,22.76039],[120.3686,22.7597],[120.36955,22.75896],[120.36998,22.75914],[120.37005,22.75809],[120.37136,22.75731],[120.37159,22.75783],[120.37315,22.75743],[120.36944,22.75628],[120.36836,22.75704]]],[[[120.38013,22.76084],[120.37905,22.76123],[120.37956,22.76248],[120.3806,22.76221],[120.38097,22.76284],[120.38013,22.76084]]],[[[120.35917,22.76497],[120.35861,22.7655],[120.35915,22.76694],[120.35917,22.76497]]],[[[120.37535,22.76618],[120.37546,22.76609],[120.37527,22.76614],[120.37503,22.76616],[120.37481,22.76622],[120.37535,22.76618]]],[[[120.35927,22.76718],[120.35947,22.76624],[120.35935,22.76515],[120.35927,22.76718]]],[[[120.37538,22.76522],[120.37469,22.7662],[120.37598,22.76595],[120.37631,22.76604],[120.37648,22.76752],[120.3775,22.76661],[120.37538,22.76522]]],[[[120.36516,22.76051],[120.36297,22.76267],[120.36046,22.76283],[120.36012,22.76174],[120.35847,22.76278],[120.35768,22.76198],[120.35667,22.76216],[120.35553,22.7631],[120.3544,22.76291],[120.35434,22.76386],[120.35105,22.76436],[120.35101,22.76386],[120.35062,22.7643],[120.34959,22.764],[120.34877,22.76482],[120.34961,22.76521],[120.34989,22.76598],[120.34949,22.76641],[120.35027,22.76714],[120.35144,22.76613],[120.35234,22.76625],[120.35258,22.76551],[120.35507,22.76503],[120.35571,22.76438],[120.35699,22.76469],[120.35794,22.76415],[120.36025,22.76501],[120.36105,22.76612],[120.36008,22.76547],[120.35997,22.76632],[120.3611,22.76745],[120.36087,22.7679],[120.3607,22.76711],[120.35989,22.76709],[120.35984,22.76914],[120.36078,22.7685],[120.36124,22.7685],[120.36044,22.76939],[120.36067,22.77022],[120.36195,22.77024],[120.36192,22.77127],[120.36125,22.77146],[120.36215,22.77207],[120.36186,22.77297],[120.3627,22.77306],[120.36293,22.77213],[120.36338,22.77209],[120.36375,22.77333],[120.36518,22.77194],[120.36496,22.77057],[120.36399,22.77092],[120.36261,22.77046],[120.36345,22.77002],[120.36326,22.76879],[120.36281,22.7688],[120.36366,22.7678],[120.36589,22.76826],[120.36691,22.76763],[120.36959,22.76766],[120.37284,22.76663],[120.3719,22.76746],[120.37209,22.76802],[120.37277,22.76757],[120.37286,22.76804],[120.37364,22.76759],[120.37346,22.76633],[120.37463,22.7648],[120.36751,22.7606],[120.36711,22.76117],[120.36516,22.76051]],[[120.36691,22.76116],[120.36812,22.76151],[120.36819,22.76233],[120.36879,22.76246],[120.36891,22.76347],[120.36817,22.76235],[120.36733,22.76215],[120.36645,22.76278],[120.36468,22.76264],[120.36643,22.76243],[120.36691,22.76116]],[[120.35994,22.76233],[120.35998,22.76213],[120.35993,22.76246],[120.35994,22.76233]],[[120.36943,22.76368],[120.36913,22.76401],[120.36904,22.76328],[120.36943,22.76368]],[[120.36968,22.76429],[120.37146,22.76486],[120.37162,22.76535],[120.3732,22.76547],[120.37147,22.76552],[120.36968,22.76429]],[[120.35,22.76516],[120.35008,22.76498],[120.35014,22.76515],[120.35,22.76516]],[[120.3615,22.76815],[120.36121,22.76829],[120.36122,22.76812],[120.3615,22.76815]]],[[[120.36122,22.77214],[120.36042,22.77222],[120.36056,22.77299],[120.36106,22.77285],[120.36122,22.77214]]],[[[120.40177,22.77255],[120.39639,22.77255],[120.39662,22.77315],[120.39742,22.7731],[120.39919,22.77363],[120.39969,22.77331],[120.40001,22.77341],[120.39995,22.77427],[120.40078,22.7738],[120.40248,22.77416],[120.40269,22.77482],[120.40188,22.77576],[120.40378,22.77587],[120.4044,22.77542],[120.40365,22.77441],[120.40434,22.77361],[120.40372,22.77323],[120.403,22.77294],[120.40279,22.77349],[120.40142,22.7727],[120.40177,22.77255]]],[[[120.40045,22.7756],[120.40045,22.7768],[120.40111,22.7773],[120.40111,22.77795],[120.40362,22.77888],[120.40426,22.77985],[120.4044,22.78145],[120.40567,22.78159],[120.40587,22.78092],[120.40557,22.7803],[120.40578,22.77997],[120.40541,22.77954],[120.4055,22.77952],[120.40594,22.77901],[120.40479,22.77865],[120.40417,22.77757],[120.40326,22.77732],[120.40437,22.77659],[120.40365,22.77598],[120.40238,22.77603],[120.40161,22.77571],[120.40251,22.77491],[120.40239,22.77424],[120.40149,22.77443],[120.4008,22.77394],[120.39999,22.7745],[120.39976,22.77434],[120.39986,22.77355],[120.39919,22.77372],[120.39696,22.7732],[120.39769,22.77515],[120.40045,22.7756]],[[120.40524,22.78123],[120.4058,22.78091],[120.40531,22.78127],[120.40524,22.78123]],[[120.40544,22.78012],[120.40528,22.77995],[120.40554,22.78],[120.40544,22.78012]],[[120.40554,22.77903],[120.40535,22.77942],[120.40526,22.77904],[120.40554,22.77903]]],[[[120.36305,22.78241],[120.36219,22.77845],[120.36107,22.7786],[120.36155,22.78144],[120.36262,22.78128],[120.36305,22.78241]]],[[[120.42749,22.78091],[120.42759,22.78235],[120.42908,22.78255],[120.42837,22.78104],[120.42749,22.78091]]],[[[120.37523,22.78234],[120.37579,22.78318],[120.3757,22.78398],[120.37673,22.78442],[120.37832,22.78432],[120.37904,22.78304],[120.37849,22.78174],[120.37628,22.78177],[120.37523,22.78234]]],[[[120.35542,22.79498],[120.35518,22.79795],[120.35388,22.79908],[120.35437,22.79956],[120.35407,22.80246],[120.35451,22.80093],[120.355,22.80102],[120.35487,22.80188],[120.35673,22.80051],[120.35626,22.80442],[120.35729,22.80011],[120.35785,22.79967],[120.35889,22.79975],[120.35907,22.80084],[120.35863,22.80146],[120.35931,22.8019],[120.358,22.80222],[120.35789,22.80466],[120.35865,22.80463],[120.35859,22.80414],[120.35982,22.80406],[120.36002,22.80342],[120.3611,22.80272],[120.36051,22.80032],[120.36096,22.79633],[120.36007,22.79633],[120.3582,22.79529],[120.35542,22.79498]]]]}},{"type":"Feature","properties":{"zone":"特定農業區","town":"燕巢區"},"geometry":{"type":"MultiPolygon","coordinates":[[[[120.34756,22.75938],[120.34367,22.75776],[120.344,22.75796],[120.34286,22.75819],[120.34226,22.75886],[120.34778,22.76023],[120.34965,22.76018],[120.35174,22.75589],[120.3488,22.75657],[120.3488,22.75776],[120.34799,22.75829],[120.34803,22.7592],[120.34801,22.75881],[120.34756,22.75938]]],[[[120.34224,22.75983],[120.34247,22.76012],[120.34235,22.7598],[120.34224,22.75983]]],[[[120.34337,22.76095],[120.344,22.76018],[120.34469,22.76065],[120.34493,22.76064],[120.34444,22.76011],[120.34337,22.76001],[120.34375,22.75997],[120.34341,22.75954],[120.34306,22.76024],[120.34282,22.75968],[120.34217,22.75957],[120.34337,22.76095]],[[120.34347,22.76014],[120.34364,22.76026],[120.34333,22.76007],[120.34347,22.76014]]],[[[120.34533,22.76101],[120.34528,22.76051],[120.34499,22.7606],[120.34492,22.76074],[120.34533,22.76101]]],[[[120.3451,22.76168],[120.34556,22.76135],[120.3446,22.76078],[120.34508,22.76133],[120.3451,22.76168]]],[[[120.34255,22.76026],[120.34163,22.76253],[120.34187,22.76274],[120.34189,22.76304],[120.34208,22.76337],[120.34193,22.76188],[120.3429,22.76087],[120.34255,22.76026]]],[[[120.34565,22.76243],[120.34574,22.76262],[120.34592,22.76226],[120.34565,22.76243]]],[[[120.34751,22.76373],[120.34681,22.76355],[120.3475,22.76376],[120.34751,22.76373]]],[[[120.34209,22.76339],[120.34242,22.76423],[120.34344,22.76485],[120.34209,22.76339]]],[[[120.34363,22.76497],[120.34336,22.7668],[120.34351,22.76707],[120.34371,22.7653],[120.34408,22.76529],[120.34363,22.76497]]],[[[120.34534,22.76874],[120.34486,22.76885],[120.34525,22.76892],[120.34534,22.76874]]],[[[120.34457,22.77954],[120.34575,22.78016],[120.34581,22.77997],[120.34457,22.77954]]],[[[120.34597,22.77985],[120.34579,22.78033],[120.34791,22.78088],[120.34617,22.78011],[120.34597,22.77985]]],[[[120.34712,22.784],[120.34703,22.78354],[120.34671,22.78389],[120.34712,22.784]]],[[[120.34729,22.78378],[120.3473,22.7838],[120.34731,22.78379],[120.34729,22.78378]]],[[[120.34054,22.79531],[120.33977,22.79639],[120.33888,22.79666],[120.33878,22.79621],[120.33771,22.79598],[120.33218,22.79682],[120.33051,22.80042],[120.3319,22.80151],[120.33129,22.80252],[120.33066,22.80269],[120.33084,22.80312],[120.32987,22.80281],[120.3296,22.80331],[120.33114,22.80434],[120.33231,22.80398],[120.33388,22.80431],[120.33439,22.80591],[120.33493,22.8055],[120.33698,22.80588],[120.3375,22.80467],[120.34116,22.80384],[120.34249,22.80213],[120.34557,22.80113],[120.34545,22.80043],[120.34756,22.80047],[120.34823,22.80092],[120.34881,22.80057],[120.34887,22.79991],[120.34763,22.79963],[120.34784,22.79775],[120.34645,22.79741],[120.3462,22.79897],[120.34548,22.79893],[120.34571,22.79729],[120.34418,22.79722],[120.34456,22.7952],[120.34054,22.79531]]],[[[120.33791,22.80656],[120.33823,22.80695],[120.338,22.80654],[120.33791,22.80656]]],[[[120.33628,22.80711],[120.33549,22.80676],[120.33537,22.80679],[120.33628,22.80711]]],[[[120.33692,22.80716],[120.33667,22.80693],[120.33662,22.80709],[120.33692,22.80716]]],[[[120.34133,22.80712],[120.33938,22.80658],[120.33749,22.80731],[120.33492,22.80707],[120.33487,22.80726],[120.33536,22.80734],[120.33528,22.80784],[120.33658,22.8077],[120.33725,22.80818],[120.33791,22.80789],[120.33851,22.80843],[120.33879,22.80776],[120.33987,22.80727],[120.34071,22.80759],[120.33919,22.80833],[120.34193,22.80864],[120.34326,22.80791],[120.34264,22.80806],[120.34267,22.80694],[120.34225,22.80724],[120.34187,22.80676],[120.34133,22.80712]]],[[[120.34886,22.76095],[120.34919,22.76057],[120.34877,22.76067],[120.34886,22.76095]]],[[[120.34889,22.76128],[120.34849,22.76139],[120.34855,22.76207],[120.34895,22.76203],[120.34889,22.76128]]],[[[120.35994,22.76233],[120.35993,22.76246],[120.35998,22.76201],[120.35994,22.76233]]],[[[120.35579,22.76234],[120.35553,22.7631],[120.35624,22.76245],[120.35579,22.76234]]],[[[120.35203,22.75621],[120.34855,22.76368],[120.34865,22.76483],[120.3478,22.76513],[120.34557,22.76901],[120.34698,22.76952],[120.347,22.77016],[120.34772,22.77033],[120.34915,22.77195],[120.34901,22.77017],[120.35006,22.76799],[120.35075,22.76768],[120.35048,22.76729],[120.35138,22.76646],[120.3526,22.76636],[120.35275,22.76566],[120.35471,22.76524],[120.3543,22.76489],[120.35258,22.76551],[120.35234,22.76625],[120.35144,22.76613],[120.35027,22.76714],[120.34949,22.76641],[120.34989,22.76598],[120.34961,22.76521],[120.34877,22.76482],[120.34959,22.764],[120.35062,22.7643],[120.35101,22.76386],[120.35105,22.76436],[120.35434,22.76386],[120.3544,22.76291],[120.35363,22.76316],[120.35284,22.76261],[120.35216,22.7634],[120.35139,22.76343],[120.35113,22.76138],[120.35269,22.76125],[120.35288,22.76196],[120.35375,22.76194],[120.35425,22.76273],[120.35523,22.76272],[120.35598,22.76197],[120.35712,22.76199],[120.35773,22.76133],[120.35846,22.76167],[120.35841,22.76129],[120.35982,22.7611],[120.36026,22.75867],[120.35989,22.75862],[120.35792,22.75904],[120.35682,22.75841],[120.3572,22.75797],[120.35687,22.7579],[120.3552,22.75809],[120.35465,22.75899],[120.35249,22.75925],[120.35203,22.75621]],[[120.35571,22.76206],[120.3545,22.76254],[120.35447,22.7624],[120.35571,22.76206]],[[120.34913,22.76886],[120.34915,22.76931],[120.34904,22.76924],[120.34913,22.76886]],[[120.35074,22.7604],[120.35071,22.76048],[120.3507,22.76039],[120.35074,22.7604]],[[120.35073,22.7603],[120.35069,22.76034],[120.35068,22.76029],[120.35073,22.7603]],[[120.36018,22.7589],[120.35999,22.76003],[120.35645,22.76039],[120.35626,22.7604],[120.35657,22.76037],[120.35643,22.75915],[120.36018,22.7589]]],[[[120.34749,22.7645],[120.34766,22.76467],[120.34811,22.76461],[120.34749,22.7645]]],[[[120.34993,22.76512],[120.35008,22.76498],[120.34992,22.76501],[120.34993,22.76512]]],[[[120.36023,22.76538],[120.36009,22.76497],[120.35984,22.76516],[120.36023,22.76538]]],[[[120.35247,22.77702],[120.35105,22.77516],[120.3506,22.77487],[120.35022,22.7748],[120.35247,22.77702]]],[[[120.34901,22.77576],[120.34785,22.77606],[120.34833,22.77667],[120.3482,22.77624],[120.34873,22.77591],[120.34967,22.77603],[120.35059,22.77713],[120.35042,22.77659],[120.35064,22.7769],[120.35181,22.77727],[120.35172,22.77775],[120.35196,22.7782],[120.35312,22.77852],[120.35354,22.77836],[120.35385,22.77881],[120.35423,22.7789],[120.35468,22.77884],[120.35274,22.77795],[120.35199,22.77797],[120.35194,22.77723],[120.35069,22.77682],[120.34951,22.77471],[120.34901,22.77576]]],[[[120.35736,22.7771],[120.35723,22.77708],[120.35728,22.77715],[120.35736,22.7771]]],[[[120.35263,22.77693],[120.35282,22.77732],[120.35327,22.77759],[120.35386,22.7779],[120.3542,22.77793],[120.35407,22.77816],[120.35412,22.77853],[120.35434,22.77863],[120.35483,22.77867],[120.35416,22.77851],[120.35427,22.7778],[120.35329,22.77756],[120.3531,22.77722],[120.35276,22.77694],[120.35263,22.77693]]],[[[120.35031,22.78106],[120.34907,22.78092],[120.34848,22.78166],[120.34974,22.78227],[120.35031,22.78106]]],[[[120.34922,22.78405],[120.34824,22.78376],[120.34797,22.78457],[120.34896,22.78483],[120.34922,22.78405]]],[[[120.35566,22.78428],[120.3553,22.78516],[120.35542,22.78524],[120.35566,22.78428]]],[[[120.35319,22.78598],[120.3522,22.78557],[120.35216,22.7857],[120.35319,22.78598]]],[[[120.35518,22.79493],[120.355,22.79508],[120.35514,22.7951],[120.35518,22.79493]]],[[[120.35151,22.79894],[120.3515,22.79986],[120.3517,22.79896],[120.35151,22.79894]]],[[[120.35313,22.79975],[120.3532,22.79976],[120.3532,22.79969],[120.35313,22.79975]]],[[[120.355,22.80102],[120.35446,22.80143],[120.35441,22.80222],[120.355,22.80102]]],[[[120.37087,22.75601],[120.37043,22.75666],[120.37097,22.75677],[120.37087,22.75601]]],[[[120.37136,22.75731],[120.36998,22.75815],[120.36998,22.75914],[120.36955,22.75896],[120.3686,22.7597],[120.36887,22.76039],[120.37301,22.75934],[120.37281,22.75871],[120.37339,22.75833],[120.37331,22.75787],[120.37159,22.75783],[120.37136,22.75731]]],[[[120.36784,22.75986],[120.36751,22.75983],[120.36726,22.75991],[120.36735,22.75999],[120.36784,22.75986]]],[[[120.37358,22.76092],[120.37364,22.76061],[120.37349,22.76067],[120.37358,22.76092]]],[[[120.36448,22.76118],[120.36403,22.7614],[120.3641,22.76177],[120.36448,22.76118]]],[[[120.36691,22.76116],[120.36635,22.76247],[120.36468,22.76264],[120.36645,22.76278],[120.36733,22.76215],[120.36817,22.76235],[120.36891,22.76347],[120.36812,22.76151],[120.36691,22.76116]]],[[[120.36303,22.76265],[120.36222,22.7623],[120.36202,22.76243],[120.36303,22.76265]]],[[[120.38095,22.76302],[120.38114,22.76323],[120.38088,22.76286],[120.38095,22.76302]]],[[[120.36884,22.76104],[120.36805,22.75985],[120.36747,22.76015],[120.36665,22.75996],[120.36483,22.76057],[120.36489,22.76092],[120.36516,22.76051],[120.36711,22.76117],[120.36751,22.7606],[120.37463,22.7648],[120.37346,22.76633],[120.37407,22.76607],[120.37452,22.76606],[120.3747,22.76618],[120.37538,22.76522],[120.37658,22.76596],[120.37751,22.7665],[120.37751,22.7665],[120.37661,22.76595],[120.37757,22.76552],[120.37674,22.76517],[120.37615,22.7655],[120.37265,22.76337],[120.37398,22.76284],[120.37202,22.763],[120.36884,22.76104]]],[[[120.36961,22.76396],[120.36925,22.76334],[120.36904,22.76328],[120.36913,22.76401],[120.36961,22.76396]]],[[[120.37137,22.76479],[120.36972,22.76435],[120.37121,22.76498],[120.37147,22.76552],[120.3732,22.76547],[120.37162,22.76535],[120.37137,22.76479]]],[[[120.37759,22.7658],[120.37761,22.7656],[120.37742,22.76569],[120.37759,22.7658]]],[[[120.37752,22.76639],[120.37765,22.76641],[120.37754,22.76634],[120.37752,22.76639]]],[[[120.37631,22.76609],[120.37363,22.76636],[120.37365,22.76756],[120.37286,22.76804],[120.37277,22.76757],[120.37209,22.76802],[120.3719,22.76746],[120.37287,22.76668],[120.37148,22.76705],[120.3721,22.76821],[120.37309,22.76856],[120.37387,22.76789],[120.37639,22.76716],[120.37631,22.76609]]],[[[120.36076,22.76884],[120.36078,22.7685],[120.36048,22.76896],[120.36076,22.76884]]],[[[120.36372,22.77048],[120.36345,22.77002],[120.36258,22.77027],[120.36296,22.7707],[120.36372,22.77048]]],[[[120.3606,22.77048],[120.36072,22.77088],[120.36022,22.77103],[120.36053,22.77213],[120.36192,22.77127],[120.36195,22.77024],[120.3606,22.77048]]],[[[120.36069,22.77296],[120.36074,22.77428],[120.36142,22.77565],[120.36188,22.77511],[120.36106,22.77285],[120.36069,22.77296]]],[[[120.36155,22.78144],[120.36093,22.77863],[120.3614,22.78146],[120.36155,22.78144]]],[[[120.37325,22.7899],[120.37235,22.79031],[120.37201,22.79133],[120.3713,22.79151],[120.37142,22.79497],[120.37185,22.79452],[120.37438,22.79487],[120.37506,22.79292],[120.37454,22.79266],[120.37483,22.79201],[120.37664,22.7928],[120.37735,22.79238],[120.37743,22.79171],[120.37325,22.7899]],[[120.37425,22.79091],[120.37371,22.79168],[120.37403,22.79076],[120.37425,22.79091]]]]}},{"type":"Feature","properties":{"zone":"鄉村區","town":"燕巢區"},"geometry":{"type":"MultiPolygon","coordinates":[[[[120.35026,22.75451],[120.3492,22.75563],[120.34994,22.75582],[120.34986,22.75631],[120.35061,22.75543],[120.35138,22.75547],[120.35182,22.75472],[120.35154,22.7543],[120.35026,22.75451]]],[[[120.38151,22.76026],[120.38018,22.76045],[120.38017,22.76156],[120.38114,22.76323],[120.38237,22.7624],[120.38201,22.76269],[120.38236,22.76412],[120.38323,22.76381],[120.38318,22.76243],[120.38281,22.76229],[120.38318,22.7619],[120.38308,22.76055],[120.38216,22.76091],[120.38151,22.76026]]],[[[120.38093,22.76298],[120.38051,22.76345],[120.38106,22.76329],[120.38093,22.76298]]],[[[120.38194,22.76271],[120.3809,22.76373],[120.38224,22.76379],[120.38194,22.76271]]],[[[120.35971,22.76924],[120.35932,22.76785],[120.35866,22.76862],[120.35868,22.76937],[120.35788,22.76956],[120.35779,22.7705],[120.35858,22.7713],[120.35931,22.77126],[120.35971,22.77217],[120.36026,22.77193],[120.36067,22.77001],[120.35971,22.76924]]],[[[120.37091,22.77371],[120.3709,22.77432],[120.37114,22.77386],[120.37197,22.7738],[120.37195,22.77328],[120.37091,22.77371]]],[[[120.37066,22.77378],[120.37046,22.77399],[120.37062,22.77397],[120.37066,22.77378]]],[[[120.36951,22.77441],[120.36959,22.77508],[120.3698,22.77414],[120.36951,22.77441]]],[[[120.37183,22.77391],[120.37088,22.77435],[120.37031,22.77411],[120.37017,22.77529],[120.37102,22.7754],[120.37084,22.77498],[120.37183,22.77391]]],[[[120.34396,22.80626],[120.34267,22.80694],[120.34264,22.80806],[120.3433,22.80728],[120.34523,22.80693],[120.34477,22.80647],[120.3441,22.80658],[120.34401,22.80702],[120.34396,22.80626]]],[[[120.35796,22.81101],[120.35917,22.811],[120.35876,22.81064],[120.35796,22.81101]]],[[[120.35651,22.81085],[120.35793,22.81134],[120.35826,22.81125],[120.35651,22.81085]]],[[[120.35765,22.81191],[120.35849,22.81182],[120.35832,22.81127],[120.35795,22.81137],[120.35691,22.81117],[120.35765,22.81191]]],[[[120.35813,22.81547],[120.35655,22.81567],[120.35751,22.81599],[120.35818,22.81585],[120.35813,22.81547]]],[[[120.35678,22.81588],[120.35648,22.81575],[120.35637,22.81578],[120.35641,22.81604],[120.35678,22.81588]]],[[[120.35738,22.81626],[120.35739,22.81596],[120.35725,22.816],[120.35738,22.81626]]],[[[120.35732,22.81623],[120.35682,22.81593],[120.35683,22.81648],[120.35732,22.81623]]],[[[120.38543,22.77005],[120.38422,22.77054],[120.38565,22.77094],[120.38556,22.77082],[120.38543,22.77005]]],[[[120.38438,22.77079],[120.38417,22.77071],[120.38422,22.77085],[120.38438,22.77079]]],[[[120.38558,22.77081],[120.3859,22.77084],[120.38565,22.77068],[120.38558,22.77081]]],[[[120.38478,22.77091],[120.38491,22.77123],[120.385,22.77096],[120.38478,22.77091]]],[[[120.38519,22.77102],[120.38508,22.77097],[120.38501,22.7712],[120.38519,22.77102]]],[[[120.38473,22.77092],[120.38382,22.77126],[120.38391,22.77143],[120.38473,22.77092]]],[[[120.38561,22.77109],[120.3861,22.77173],[120.38699,22.77139],[120.387,22.7713],[120.38561,22.77109]]],[[[120.39328,22.77107],[120.39046,22.77176],[120.39053,22.7722],[120.389,22.77139],[120.38803,22.77162],[120.38916,22.7722],[120.39155,22.77227],[120.39347,22.77298],[120.39337,22.77208],[120.39285,22.77185],[120.39328,22.77107]]],[[[120.40246,22.7727],[120.40229,22.77265],[120.40226,22.77274],[120.40246,22.7727]]],[[[120.38719,22.77134],[120.3878,22.77213],[120.38896,22.77248],[120.38905,22.77316],[120.39212,22.77271],[120.39251,22.7741],[120.39409,22.77344],[120.3915,22.7723],[120.38924,22.77228],[120.38719,22.77134]],[[120.38918,22.7723],[120.38924,22.77231],[120.38917,22.7723],[120.38918,22.7723]]],[[[120.38498,22.77558],[120.38467,22.77617],[120.38505,22.77719],[120.38518,22.77674],[120.386,22.77665],[120.38619,22.77598],[120.38498,22.77558]]],[[[120.3839,22.7769],[120.38378,22.7782],[120.38518,22.77793],[120.38491,22.77743],[120.38493,22.77722],[120.3839,22.7769]]],[[[120.38529,22.77704],[120.38493,22.77742],[120.38549,22.7785],[120.38604,22.778],[120.38529,22.77704]]],[[[120.39237,22.80558],[120.39164,22.80593],[120.39242,22.80568],[120.39237,22.80558]]],[[[120.39073,22.80525],[120.39008,22.80557],[120.39056,22.80595],[120.39095,22.80644],[120.39123,22.80625],[120.39073,22.80525]]],[[[120.38965,22.8064],[120.39086,22.80736],[120.39123,22.80716],[120.39032,22.80577],[120.38965,22.8064]]],[[[120.39149,22.80732],[120.39095,22.80644],[120.39114,22.807],[120.39141,22.80729],[120.39149,22.80732]]]]}},{"type":"Feature","properties":{"zone":"一般農業區","town":"茄萣區"},"geometry":{"type":"MultiPolygon","coordinates":[[[[120.19578,22.85328],[120.19369,22.86015],[120.1941,22.86033],[120.19355,22.8602],[120.19346,22.86119],[120.19414,22.86127],[120.1937,22.86265],[120.19409,22.86279],[120.19438,22.86169],[120.19472,22.8618],[120.19448,22.86215],[120.1959,22.86195],[120.19672,22.86401],[120.19741,22.86169],[120.19688,22.86118],[120.20101,22.86019],[120.20198,22.85955],[120.2034,22.85514],[120.19578,22.85328]]],[[[120.19348,22.86263],[120.19356,22.86227],[120.19342,22.86221],[120.19348,22.86263]]],[[[120.19222,22.86567],[120.19159,22.86885],[120.19131,22.86958],[120.19093,22.86951],[120.18951,22.87334],[120.18972,22.87471],[120.18957,22.87508],[120.18919,22.87456],[120.18894,22.8765],[120.18995,22.87436],[120.19292,22.86462],[120.19222,22.86567]]],[[[120.18851,22.87709],[120.18853,22.87752],[120.18875,22.87691],[120.18851,22.87709]]],[[[120.18853,22.87752],[120.18784,22.8796],[120.18701,22.88137],[120.18609,22.88376],[120.18798,22.87958],[120.18853,22.87752]]],[[[120.19364,22.89055],[120.19356,22.89067],[120.19416,22.89048],[120.19364,22.89055]]],[[[120.19301,22.89944],[120.19192,22.90333],[120.19179,22.91122],[120.19843,22.90796],[120.19764,22.90727],[120.19719,22.90507],[120.19816,22.90346],[120.19652,22.90243],[120.1971,22.90082],[120.19301,22.89944]]],[[[120.21454,22.85243],[120.21375,22.85154],[120.21342,22.85175],[120.21403,22.85263],[120.21454,22.85243]]],[[[120.20396,22.8551],[120.20475,22.85659],[120.20559,22.85597],[120.20505,22.85538],[120.20576,22.85556],[120.20623,22.85515],[120.20396,22.8551]]],[[[120.2148,22.85273],[120.21056,22.8544],[120.21053,22.85526],[120.2097,22.85552],[120.21047,22.85624],[120.20721,22.85612],[120.20722,22.85831],[120.20564,22.85884],[120.20575,22.86056],[120.20493,22.86164],[120.20663,22.86225],[120.20869,22.8643],[120.2099,22.87008],[120.21103,22.87027],[120.21074,22.8707],[120.21482,22.87073],[120.21454,22.88203],[120.21838,22.88138],[120.21868,22.87159],[120.21691,22.87143],[120.21959,22.87074],[120.21846,22.87054],[120.21671,22.86713],[120.21764,22.86675],[120.21752,22.86576],[120.22056,22.86459],[120.21903,22.86124],[120.21874,22.8572],[120.2148,22.85273]]],[[[120.20412,22.88246],[120.20406,22.88245],[120.20409,22.88248],[120.20412,22.88246]]],[[[120.20426,22.88246],[120.20628,22.88393],[120.209,22.88256],[120.20426,22.88246]]],[[[120.20284,22.88244],[120.20259,22.88696],[120.19922,22.8891],[120.19865,22.89047],[120.19488,22.89038],[120.19848,22.89166],[120.19968,22.88934],[120.2026,22.88738],[120.20335,22.88823],[120.20392,22.89122],[120.20568,22.8921],[120.20701,22.88857],[120.21035,22.88924],[120.21061,22.88716],[120.20972,22.88584],[120.20731,22.88459],[120.20496,22.88426],[120.20395,22.88245],[120.20284,22.88244]]],[[[120.209,22.89193],[120.20685,22.89237],[120.20468,22.89189],[120.20413,22.89253],[120.20492,22.89326],[120.20715,22.89352],[120.209,22.89193]]]]}},{"type":"Feature","properties":{"zone":"河川區","town":"茄萣區"},"geometry":{"type":"Polygon","coordinates":[[[120.17781,22.91328],[120.17622,22.91153],[120.17619,22.91151],[120.17751,22.91307],[120.17781,22.91328]]]}},{"type":"Feature","properties":{"zone":"特定專用區","town":"茄萣區"},"geometry":{"type":"Polygon","coordinates":[[[120.19445,22.85798],[120.19578,22.85328],[120.19451,22.85291],[120.19266,22.8574],[120.19445,22.85798]]]}},{"type":"Feature","properties":{"zone":"特定農業區","town":"茄萣區"},"geometry":{"type":"MultiPolygon","coordinates":[[[[120.20701,22.88857],[120.20568,22.8921],[120.2045,22.89183],[120.20399,22.89116],[120.20449,22.89187],[120.20685,22.89237],[120.20869,22.89212],[120.21035,22.88924],[120.20701,22.88857]]],[[[120.19844,22.8918],[120.19522,22.89048],[120.19226,22.89112],[120.1926,22.89164],[120.1916,22.89307],[120.19108,22.89585],[120.19301,22.89944],[120.19749,22.90086],[120.19686,22.89767],[120.19844,22.8918]]],[[[120.19744,22.90283],[120.19816,22.90346],[120.19719,22.90507],[120.19764,22.90727],[120.19843,22.90796],[120.19991,22.90674],[120.19911,22.90666],[120.19979,22.90118],[120.19756,22.90095],[120.19744,22.90283]]]]}},{"type":"Feature","properties":{"zone":"一般農業區","town":"路竹區"},"geometry":{"type":"MultiPolygon","coordinates":[[[[120.24036,22.83457],[120.24019,22.83439],[120.24077,22.83355],[120.24016,22.8344],[120.24023,22.83451],[120.24036,22.83457]]],[[[120.21976,22.84697],[120.21934,22.84714],[120.21959,22.84711],[120.21976,22.84697]]],[[[120.21897,22.84751],[120.21924,22.84836],[120.21998,22.84793],[120.21977,22.84712],[120.21897,22.84751]]],[[[120.21599,22.84984],[120.21624,22.84944],[120.21584,22.84969],[120.21599,22.84984]]],[[[120.21429,22.85063],[120.21517,22.85043],[120.21506,22.85016],[120.21429,22.85063]]],[[[120.24722,22.8293],[120.24344,22.82932],[120.24273,22.83188],[120.24309,22.83191],[120.24394,22.83496],[120.24306,22.83795],[120.24203,22.83754],[120.24026,22.8393],[120.23886,22.83796],[120.23625,22.84006],[120.23243,22.83889],[120.23244,22.83826],[120.22926,22.84235],[120.2288,22.84217],[120.22947,22.84049],[120.22678,22.83913],[120.2238,22.84544],[120.22042,22.84671],[120.22102,22.84784],[120.22065,22.84841],[120.22159,22.84903],[120.22018,22.84849],[120.21945,22.84885],[120.21914,22.84842],[120.21736,22.84932],[120.21754,22.84992],[120.21619,22.8505],[120.21688,22.85165],[120.22164,22.85044],[120.22483,22.85073],[120.22682,22.84683],[120.22703,22.84656],[120.22751,22.84696],[120.22631,22.84947],[120.22646,22.85028],[120.22581,22.85016],[120.22555,22.85107],[120.2211,22.85091],[120.2148,22.85273],[120.21879,22.85729],[120.21903,22.86124],[120.22056,22.86459],[120.21752,22.86576],[120.21764,22.86675],[120.21671,22.86713],[120.21854,22.87061],[120.22091,22.87079],[120.22292,22.87236],[120.22432,22.87252],[120.2252,22.87321],[120.22782,22.8727],[120.2282,22.87143],[120.22971,22.86985],[120.23061,22.86792],[120.23205,22.86872],[120.23249,22.86815],[120.23697,22.87079],[120.23798,22.86921],[120.23915,22.86952],[120.24041,22.86832],[120.2418,22.86884],[120.24153,22.86955],[120.24379,22.87061],[120.24337,22.87146],[120.24448,22.87224],[120.24707,22.87137],[120.24973,22.87231],[120.24914,22.87205],[120.24926,22.85378],[120.25884,22.84607],[120.25867,22.84557],[120.25726,22.84525],[120.25892,22.8415],[120.25801,22.8414],[120.25633,22.84232],[120.25551,22.84297],[120.25565,22.84376],[120.25467,22.84399],[120.2547,22.84469],[120.25329,22.84499],[120.25326,22.84571],[120.25397,22.8456],[120.25439,22.84728],[120.25322,22.84746],[120.25331,22.84814],[120.25239,22.84831],[120.25246,22.84873],[120.25167,22.84929],[120.25027,22.84948],[120.24993,22.84855],[120.24933,22.84871],[120.25008,22.8472],[120.24974,22.84702],[120.24909,22.8481],[120.24826,22.84847],[120.2475,22.84694],[120.24925,22.84584],[120.24766,22.84367],[120.24605,22.8449],[120.24483,22.84377],[120.24524,22.8412],[120.24609,22.83937],[120.24437,22.83884],[120.24498,22.83726],[120.24583,22.83797],[120.24627,22.8357],[120.24713,22.83614],[120.24784,22.83384],[120.24732,22.83358],[120.24655,22.83431],[120.24594,22.8333],[120.24668,22.83255],[120.24706,22.83304],[120.24697,22.83261],[120.24771,22.8329],[120.24875,22.82989],[120.24722,22.8293]],[[120.22427,22.85251],[120.22602,22.85123],[120.22559,22.85232],[120.22531,22.85215],[120.2254,22.85282],[120.22457,22.85371],[120.22474,22.85305],[120.22423,22.85312],[120.22427,22.85251]],[[120.24826,22.84847],[120.24852,22.84902],[120.24825,22.84847],[120.24826,22.84847]],[[120.22607,22.86847],[120.22607,22.86845],[120.22608,22.86845],[120.22607,22.86847]],[[120.2241,22.86014],[120.22545,22.8616],[120.22472,22.86203],[120.22498,22.86245],[120.22431,22.86264],[120.22374,22.86095],[120.2241,22.86014]],[[120.22451,22.85995],[120.22407,22.85964],[120.22433,22.85953],[120.22451,22.85995]],[[120.22994,22.85768],[120.22987,22.85853],[120.23066,22.85849],[120.23076,22.86013],[120.23009,22.86004],[120.22991,22.86068],[120.23015,22.8609],[120.23069,22.86102],[120.23069,22.86108],[120.22999,22.86088],[120.22969,22.86163],[120.23081,22.86195],[120.23071,22.86344],[120.22991,22.86322],[120.23002,22.86279],[120.22941,22.86237],[120.22922,22.86296],[120.22834,22.86279],[120.22869,22.86293],[120.2283,22.86319],[120.22743,22.86185],[120.22747,22.86176],[120.2275,22.86102],[120.22756,22.86101],[120.22763,22.85992],[120.22786,22.85818],[120.22994,22.85768]],[[120.22398,22.8564],[120.22459,22.85706],[120.22435,22.8587],[120.22333,22.85792],[120.22398,22.8564]],[[120.23706,22.84995],[120.23674,22.8499],[120.23733,22.84995],[120.23706,22.84995]],[[120.2382,22.84925],[120.24263,22.85055],[120.24156,22.85491],[120.2407,22.85477],[120.24038,22.85552],[120.23963,22.8554],[120.23972,22.85468],[120.23901,22.8546],[120.23903,22.85395],[120.23776,22.85403],[120.23753,22.85354],[120.23658,22.85344],[120.23613,22.85546],[120.23303,22.85515],[120.23303,22.85452],[120.23138,22.85444],[120.23107,22.85263],[120.23422,22.85275],[120.23425,22.85188],[120.23379,22.85179],[120.23423,22.85115],[120.23625,22.85158],[120.23647,22.85118],[120.2371,22.8513],[120.23733,22.85003],[120.2382,22.84925]],[[120.2304,22.84697],[120.22983,22.84737],[120.23086,22.84772],[120.22986,22.84808],[120.22952,22.8492],[120.22916,22.84875],[120.22969,22.84731],[120.22993,22.84678],[120.2304,22.84697]],[[120.23056,22.84381],[120.23067,22.84608],[120.2299,22.84633],[120.22952,22.84585],[120.22972,22.8449],[120.23025,22.84488],[120.23006,22.84443],[120.23056,22.84381]],[[120.24317,22.83941],[120.2439,22.83998],[120.24393,22.84081],[120.24305,22.84191],[120.24473,22.84386],[120.24451,22.84438],[120.24386,22.84413],[120.24346,22.84462],[120.24334,22.84366],[120.24249,22.84283],[120.24284,22.84234],[120.24239,22.84247],[120.24268,22.84227],[120.24215,22.84172],[120.24133,22.84206],[120.24086,22.84134],[120.24202,22.84072],[120.2411,22.84045],[120.24215,22.8395],[120.24317,22.83941]]],[[[120.21527,22.85077],[120.21569,22.85199],[120.21679,22.85168],[120.21609,22.85051],[120.21527,22.85077]]],[[[120.21457,22.85118],[120.21375,22.85154],[120.21497,22.85238],[120.21508,22.85225],[120.21457,22.85118]]],[[[120.23534,22.85266],[120.23523,22.85272],[120.23532,22.85274],[120.23534,22.85266]]],[[[120.22782,22.85844],[120.22777,22.85902],[120.22775,22.85922],[120.22791,22.85881],[120.22782,22.85844]]],[[[120.25111,22.87292],[120.25116,22.87296],[120.25116,22.87296],[120.25111,22.87292]]],[[[120.25137,22.87313],[120.2512,22.87299],[120.25124,22.87309],[120.25137,22.87313]]],[[[120.25181,22.87356],[120.25181,22.87349],[120.25174,22.87344],[120.25181,22.87356]]],[[[120.25784,22.8815],[120.25896,22.88149],[120.25785,22.88133],[120.25784,22.8815]]],[[[120.25666,22.88259],[120.25672,22.88271],[120.25675,22.8826],[120.25666,22.88259]]],[[[120.26522,22.83262],[120.26448,22.83647],[120.26453,22.83649],[120.26522,22.83262]]],[[[120.28022,22.81719],[120.2792,22.81676],[120.27716,22.81663],[120.27716,22.81704],[120.27497,22.81663],[120.27303,22.81881],[120.27137,22.81952],[120.27033,22.82059],[120.26974,22.82018],[120.26687,22.82019],[120.26692,22.82154],[120.26761,22.82162],[120.26806,22.82249],[120.25805,22.82401],[120.25779,22.82453],[120.26079,22.82408],[120.26157,22.82537],[120.2606,22.82551],[120.26048,22.82663],[120.26199,22.82655],[120.26263,22.82775],[120.26316,22.82709],[120.26415,22.82702],[120.26432,22.82809],[120.26388,22.82815],[120.26423,22.82943],[120.26744,22.82924],[120.26779,22.82847],[120.2685,22.82825],[120.26862,22.8268],[120.26999,22.82697],[120.27019,22.8245],[120.27445,22.82315],[120.27525,22.82333],[120.27507,22.82257],[120.27743,22.8215],[120.27712,22.8207],[120.2747,22.82151],[120.27517,22.81997],[120.27608,22.82069],[120.27735,22.81955],[120.27802,22.81708],[120.27977,22.8175],[120.28029,22.81887],[120.28312,22.81904],[120.2833,22.82049],[120.28243,22.82028],[120.28238,22.81984],[120.27872,22.82024],[120.27888,22.82102],[120.27837,22.82115],[120.27907,22.82186],[120.27756,22.82236],[120.27795,22.82311],[120.27986,22.82266],[120.28056,22.82417],[120.27963,22.8275],[120.27728,22.82907],[120.27534,22.82876],[120.27363,22.82938],[120.27366,22.83051],[120.27538,22.83054],[120.27551,22.83126],[120.27455,22.83132],[120.27397,22.83206],[120.2742,22.83283],[120.27373,22.83246],[120.2733,22.83344],[120.27233,22.83318],[120.27188,22.83377],[120.27068,22.83364],[120.27029,22.83413],[120.26969,22.83341],[120.26811,22.83307],[120.26644,22.83704],[120.26746,22.83709],[120.26721,22.83735],[120.26827,22.83825],[120.26959,22.84146],[120.27328,22.84152],[120.27209,22.84366],[120.27255,22.84367],[120.27555,22.84966],[120.2774,22.85034],[120.27659,22.85354],[120.27539,22.85605],[120.27988,22.85705],[120.28124,22.85613],[120.28321,22.85626],[120.28368,22.85549],[120.28384,22.85585],[120.28973,22.85482],[120.29159,22.85067],[120.29202,22.85001],[120.29244,22.85034],[120.29263,22.84873],[120.2924,22.85087],[120.29278,22.85023],[120.29374,22.85025],[120.29284,22.85005],[120.29286,22.84839],[120.29304,22.84841],[120.29375,22.84736],[120.29438,22.84647],[120.2947,22.84633],[120.2947,22.84703],[120.29379,22.84732],[120.29479,22.84705],[120.29352,22.84898],[120.29381,22.84928],[120.29527,22.84932],[120.29536,22.84997],[120.29615,22.85017],[120.29622,22.8496],[120.29704,22.85003],[120.29732,22.8493],[120.29868,22.84928],[120.29719,22.84486],[120.29754,22.84369],[120.29365,22.84175],[120.29372,22.83997],[120.29414,22.83982],[120.29383,22.83878],[120.29202,22.83927],[120.29109,22.83852],[120.29068,22.8393],[120.28945,22.8399],[120.2882,22.83841],[120.28812,22.83729],[120.28898,22.83704],[120.28889,22.83632],[120.29186,22.83531],[120.29103,22.83335],[120.29287,22.83234],[120.29375,22.83054],[120.29444,22.83027],[120.29502,22.82929],[120.29452,22.82835],[120.2927,22.82696],[120.29123,22.82687],[120.28978,22.82568],[120.28827,22.82529],[120.28716,22.82406],[120.28587,22.82443],[120.28444,22.82398],[120.28398,22.82291],[120.28367,22.81838],[120.28064,22.8184],[120.28022,22.81719]],[[120.2948,22.84702],[120.2948,22.84704],[120.29479,22.84705],[120.2948,22.84702]],[[120.2948,22.847],[120.29482,22.84699],[120.2948,22.84702],[120.2948,22.847]],[[120.28116,22.84168],[120.28119,22.84168],[120.28081,22.84199],[120.28116,22.84168]],[[120.28841,22.83904],[120.28955,22.8401],[120.28912,22.84036],[120.28841,22.83904]],[[120.27909,22.83511],[120.27888,22.8347],[120.27907,22.83468],[120.27909,22.83511]],[[120.27885,22.83328],[120.27859,22.8334],[120.2786,22.83333],[120.27885,22.83328]],[[120.27909,22.83239],[120.28202,22.83409],[120.28101,22.8338],[120.281,22.83465],[120.28139,22.83476],[120.28099,22.83482],[120.28115,22.83588],[120.28023,22.83804],[120.28031,22.83712],[120.27906,22.83709],[120.27935,22.83587],[120.27867,22.83555],[120.27911,22.83548],[120.27915,22.83431],[120.27873,22.83431],[120.27915,22.83422],[120.2789,22.83267],[120.27905,22.83327],[120.27909,22.83239]],[[120.28431,22.82417],[120.2854,22.82465],[120.28456,22.8242],[120.28559,22.82454],[120.28531,22.82524],[120.28735,22.82531],[120.28741,22.82618],[120.28795,22.82639],[120.28431,22.82956],[120.28298,22.82845],[120.28285,22.82717],[120.28431,22.82417]],[[120.26829,22.82234],[120.26838,22.82243],[120.26827,22.82237],[120.26829,22.82234]],[[120.27231,22.82071],[120.27239,22.82131],[120.27292,22.82132],[120.27196,22.82181],[120.27229,22.82245],[120.27161,22.82247],[120.27171,22.82326],[120.27068,22.82329],[120.27088,22.82409],[120.27034,22.82339],[120.26911,22.82427],[120.26933,22.82169],[120.27022,22.82107],[120.27231,22.82071]]],[[[120.2926,22.83706],[120.29292,22.83719],[120.29272,22.83702],[120.2926,22.83706]]],[[[120.26447,22.83652],[120.26345,22.84186],[120.26395,22.841],[120.26447,22.83652]],[[120.26355,22.84157],[120.26357,22.8416],[120.26353,22.84171],[120.26355,22.84157]]],[[[120.26228,22.84353],[120.26278,22.84353],[120.26299,22.84245],[120.26261,22.84296],[120.26228,22.84353]]],[[[120.30084,22.85417],[120.30116,22.85687],[120.30227,22.8568],[120.30192,22.85404],[120.30084,22.85417]],[[120.30129,22.85423],[120.30125,22.85414],[120.30132,22.85417],[120.30129,22.85423]]],[[[120.29542,22.86229],[120.295,22.86222],[120.29464,22.86365],[120.29495,22.86373],[120.29542,22.86229]]],[[[120.28702,22.86757],[120.28661,22.86768],[120.28661,22.86769],[120.28666,22.86768],[120.28702,22.86757]]],[[[120.2911,22.86659],[120.2905,22.86712],[120.29129,22.86722],[120.29054,22.86794],[120.29104,22.86868],[120.29176,22.86841],[120.29213,22.8692],[120.29244,22.86897],[120.2911,22.86659]]],[[[120.29734,22.84998],[120.29429,22.85254],[120.29409,22.85332],[120.2945,22.85326],[120.29482,22.85413],[120.29402,22.85419],[120.29418,22.85479],[120.29343,22.85508],[120.29329,22.8557],[120.29287,22.85529],[120.2922,22.85555],[120.29225,22.85682],[120.29156,22.858],[120.29061,22.85772],[120.28939,22.85831],[120.28863,22.85792],[120.28773,22.86022],[120.2872,22.8605],[120.28691,22.86018],[120.28566,22.86109],[120.28513,22.86316],[120.2843,22.86378],[120.28428,22.86434],[120.28038,22.86561],[120.27554,22.86585],[120.2772,22.87073],[120.2772,22.87617],[120.27034,22.87625],[120.25376,22.87458],[120.25282,22.87679],[120.2524,22.88105],[120.25243,22.88207],[120.25287,22.88212],[120.25258,22.88435],[120.25592,22.88458],[120.25641,22.88131],[120.25724,22.8816],[120.25679,22.88132],[120.25707,22.88068],[120.2567,22.88023],[120.25899,22.88071],[120.25899,22.88116],[120.26272,22.88061],[120.26187,22.88088],[120.26204,22.88182],[120.26301,22.88176],[120.26323,22.88259],[120.26387,22.88277],[120.26371,22.88466],[120.26011,22.8853],[120.25981,22.88732],[120.26117,22.89008],[120.25938,22.89447],[120.25946,22.8955],[120.26019,22.89567],[120.25947,22.89752],[120.26046,22.89856],[120.2615,22.89908],[120.26393,22.89925],[120.26668,22.89855],[120.26656,22.89787],[120.27028,22.89546],[120.27027,22.89591],[120.27139,22.89545],[120.27163,22.89485],[120.27291,22.89454],[120.27292,22.89402],[120.27601,22.89364],[120.27592,22.89312],[120.276,22.891],[120.27881,22.89071],[120.2787,22.88893],[120.27902,22.88893],[120.27762,22.88795],[120.27708,22.88685],[120.27935,22.88449],[120.27946,22.88334],[120.27849,22.88185],[120.28071,22.87405],[120.28123,22.87408],[120.28175,22.87555],[120.28269,22.87574],[120.28313,22.87536],[120.28273,22.87482],[120.28359,22.87465],[120.28355,22.87274],[120.28313,22.87258],[120.28297,22.87213],[120.28491,22.87294],[120.28632,22.87287],[120.28709,22.87463],[120.2883,22.87439],[120.28883,22.87795],[120.2909,22.87819],[120.29093,22.87877],[120.29232,22.87862],[120.29227,22.87643],[120.29261,22.87632],[120.29252,22.87551],[120.29294,22.87551],[120.29254,22.87542],[120.29229,22.87552],[120.29202,22.87424],[120.29057,22.87429],[120.29059,22.87318],[120.28977,22.87287],[120.28965,22.87169],[120.2889,22.8719],[120.2896,22.87073],[120.28935,22.86978],[120.289,22.8699],[120.28927,22.86953],[120.28914,22.86907],[120.2888,22.86844],[120.28715,22.86876],[120.28706,22.86791],[120.28567,22.868],[120.28594,22.86785],[120.28846,22.86712],[120.28631,22.86764],[120.28665,22.86605],[120.2871,22.86704],[120.28789,22.86703],[120.28822,22.86509],[120.28933,22.86514],[120.29013,22.86643],[120.29091,22.86603],[120.29141,22.86663],[120.29235,22.86637],[120.29309,22.86535],[120.29273,22.86475],[120.29402,22.86402],[120.29411,22.8635],[120.29364,22.86347],[120.29447,22.86055],[120.29395,22.86054],[120.29392,22.86001],[120.29515,22.86062],[120.29499,22.86177],[120.29565,22.86222],[120.29581,22.86084],[120.29527,22.8603],[120.29568,22.85977],[120.29533,22.85958],[120.29646,22.85857],[120.29665,22.85719],[120.29735,22.85715],[120.29882,22.85441],[120.29956,22.8548],[120.29888,22.84951],[120.29754,22.84935],[120.29734,22.84998]],[[120.28638,22.86766],[120.28615,22.86775],[120.28611,22.86774],[120.28638,22.86766]],[[120.28903,22.86901],[120.28901,22.86893],[120.28904,22.86901],[120.28903,22.86901]],[[120.28267,22.87171],[120.28291,22.87205],[120.28248,22.87216],[120.28267,22.87171]],[[120.25311,22.87808],[120.2531,22.87807],[120.25311,22.87807],[120.25311,22.87808]],[[120.27079,22.88102],[120.27101,22.88156],[120.27075,22.88181],[120.27013,22.8809],[120.27079,22.88102]],[[120.25247,22.8812],[120.25281,22.8811],[120.25281,22.88116],[120.25247,22.8812]],[[120.27215,22.88229],[120.27092,22.88249],[120.27081,22.8818],[120.27215,22.88135],[120.27215,22.88229]],[[120.25414,22.88188],[120.25415,22.8819],[120.25414,22.8819],[120.25414,22.88188]],[[120.26946,22.88621],[120.27128,22.88741],[120.27048,22.88868],[120.26863,22.88796],[120.26868,22.88727],[120.26851,22.88802],[120.26737,22.8877],[120.26741,22.88595],[120.26946,22.88621]]],[[[120.28378,22.89216],[120.28314,22.89006],[120.28261,22.88963],[120.283,22.89153],[120.28243,22.89147],[120.28144,22.89261],[120.27957,22.89304],[120.27926,22.89359],[120.27851,22.89145],[120.2785,22.89374],[120.27949,22.89415],[120.28082,22.89345],[120.28357,22.89302],[120.28378,22.89216]]],[[[120.27602,22.89364],[120.27731,22.8932],[120.27597,22.89304],[120.27602,22.89364]]],[[[120.27754,22.89322],[120.27731,22.89347],[120.27757,22.89354],[120.27754,22.89322]]],[[[120.27836,22.89371],[120.27833,22.89335],[120.27777,22.89314],[120.27781,22.8936],[120.27836,22.89371]]]]}},{"type":"Feature","properties":{"zone":"工業區","town":"路竹區"},"geometry":{"type":"MultiPolygon","coordinates":[[[[120.27802,22.81708],[120.27735,22.81955],[120.27608,22.82069],[120.27517,22.81997],[120.2747,22.82151],[120.27712,22.8207],[120.27743,22.8215],[120.27507,22.82257],[120.27525,22.82333],[120.27445,22.82315],[120.27019,22.8245],[120.26999,22.82697],[120.26862,22.8268],[120.2685,22.82825],[120.26779,22.82847],[120.26754,22.8292],[120.26627,22.82916],[120.26494,22.83608],[120.26656,22.83636],[120.26811,22.83307],[120.26969,22.83341],[120.27029,22.83413],[120.27068,22.83364],[120.27188,22.83377],[120.27233,22.83318],[120.2733,22.83344],[120.27373,22.83246],[120.2742,22.83283],[120.27397,22.83206],[120.27455,22.83132],[120.27551,22.83126],[120.27538,22.83054],[120.27366,22.83051],[120.27363,22.82938],[120.27534,22.82876],[120.27728,22.82907],[120.27963,22.8275],[120.28056,22.82417],[120.27986,22.82266],[120.27795,22.82311],[120.27756,22.82236],[120.27907,22.82186],[120.27837,22.82115],[120.27888,22.82102],[120.27872,22.82024],[120.28219,22.81983],[120.28269,22.8204],[120.28337,22.82027],[120.28312,22.81904],[120.28029,22.81887],[120.27926,22.81725],[120.27802,22.81708]]],[[[120.24126,22.83217],[120.24019,22.83439],[120.24071,22.83481],[120.24024,22.8357],[120.23931,22.83534],[120.23913,22.83563],[120.23886,22.83796],[120.24026,22.8393],[120.24203,22.83754],[120.24306,22.83795],[120.24394,22.83496],[120.24309,22.83191],[120.24183,22.83169],[120.24164,22.83229],[120.24126,22.83217]]],[[[120.26079,22.82408],[120.25507,22.82496],[120.25645,22.82478],[120.25504,22.82501],[120.254,22.82661],[120.25697,22.82823],[120.255,22.83148],[120.25028,22.82908],[120.24962,22.83017],[120.24875,22.82989],[120.24771,22.8329],[120.24697,22.83261],[120.24706,22.83304],[120.24668,22.83255],[120.24594,22.8333],[120.24655,22.83431],[120.24732,22.83358],[120.24784,22.83384],[120.24713,22.83614],[120.24627,22.8357],[120.24583,22.83797],[120.24498,22.83726],[120.24437,22.83884],[120.24609,22.83937],[120.24524,22.8412],[120.24483,22.84377],[120.24605,22.8449],[120.24766,22.84367],[120.24925,22.84584],[120.24751,22.84696],[120.24826,22.84847],[120.24909,22.8481],[120.24974,22.84702],[120.25008,22.8472],[120.24924,22.84857],[120.24993,22.84855],[120.25027,22.84948],[120.25167,22.84929],[120.25246,22.84873],[120.25239,22.84831],[120.25331,22.84814],[120.25322,22.84746],[120.25439,22.84728],[120.25397,22.8456],[120.25326,22.84571],[120.25329,22.84499],[120.2547,22.84469],[120.25467,22.84399],[120.25565,22.84376],[120.25561,22.84285],[120.25724,22.84179],[120.25891,22.84145],[120.25874,22.84261],[120.25726,22.84525],[120.25867,22.84557],[120.25884,22.84607],[120.26138,22.84402],[120.26096,22.84381],[120.26211,22.84196],[120.26335,22.84235],[120.26586,22.82919],[120.26423,22.82943],[120.26388,22.82815],[120.26432,22.82809],[120.26415,22.82702],[120.26316,22.82709],[120.26263,22.82775],[120.26199,22.82655],[120.26048,22.82663],[120.2606,22.82551],[120.26157,22.82537],[120.26079,22.82408]]],[[[120.28892,22.83648],[120.28898,22.83704],[120.28806,22.83765],[120.2884,22.83904],[120.28848,22.83902],[120.28856,22.83908],[120.28898,22.83952],[120.28929,22.83974],[120.28942,22.83986],[120.28945,22.8399],[120.29068,22.8393],[120.29109,22.83852],[120.29202,22.83927],[120.29383,22.83878],[120.29336,22.83743],[120.29224,22.83694],[120.29166,22.83545],[120.28892,22.83648]]],[[[120.28848,22.83902],[120.28912,22.84036],[120.28955,22.8401],[120.28929,22.83974],[120.28898,22.83952],[120.28848,22.83902]]],[[[120.30139,22.87787],[120.29925,22.87826],[120.29944,22.88043],[120.30476,22.87999],[120.30419,22.87979],[120.30395,22.87885],[120.30143,22.87887],[120.30139,22.87787]],[[120.29956,22.87822],[120.29951,22.87823],[120.29956,22.87822],[120.29956,22.87822]]],[[[120.2989,22.8783],[120.29602,22.87856],[120.29627,22.88182],[120.29948,22.8816],[120.2989,22.8783]]],[[[120.296,22.87856],[120.29233,22.87883],[120.29243,22.88206],[120.29625,22.88181],[120.296,22.87856]]],[[[120.29218,22.87884],[120.28952,22.87903],[120.28965,22.88228],[120.2923,22.88208],[120.29218,22.87884]]],[[[120.28359,22.87945],[120.28128,22.87994],[120.28008,22.88133],[120.28009,22.88216],[120.27859,22.8821],[120.27946,22.88334],[120.28209,22.88371],[120.28389,22.88303],[120.28359,22.87945]]]]}},{"type":"Feature","properties":{"zone":"河川區","town":"路竹區"},"geometry":{"type":"MultiPolygon","coordinates":[[[[120.27601,22.89364],[120.27593,22.89312],[120.27604,22.89297],[120.27592,22.89312],[120.27601,22.89364]]],[[[120.27777,22.89314],[120.27757,22.89354],[120.27781,22.8936],[120.27777,22.89314]]],[[[120.27679,22.89352],[120.27731,22.89328],[120.27679,22.89339],[120.27679,22.89352]]],[[[120.27872,22.89383],[120.27846,22.89336],[120.27811,22.89368],[120.27872,22.89383]]],[[[120.2759,22.89367],[120.27292,22.89402],[120.27291,22.89454],[120.2759,22.89367]]],[[[120.27163,22.89485],[120.2718,22.8952],[120.27181,22.89485],[120.27163,22.89485]]],[[[120.27028,22.89546],[120.26656,22.89787],[120.26668,22.89855],[120.27027,22.89591],[120.27028,22.89546]]],[[[120.25807,22.89944],[120.25786,22.90118],[120.25849,22.90165],[120.25977,22.90053],[120.25807,22.89944]]]]}},{"type":"Feature","properties":{"zone":"特定專用區","town":"路竹區"},"geometry":{"type":"MultiPolygon","coordinates":[[[[120.25505,22.82498],[120.25645,22.82478],[120.25645,22.82477],[120.25505,22.82498]]],[[[120.26591,22.82919],[120.26523,22.83257],[120.26526,22.8326],[120.26591,22.82919]]],[[[120.26528,22.8326],[120.26526,22.8326],[120.26527,22.83265],[120.26528,22.8326]]],[[[120.26494,22.83608],[120.26627,22.82916],[120.26489,22.83607],[120.26494,22.83608]]],[[[120.26357,22.8416],[120.26355,22.84157],[120.26353,22.84171],[120.26357,22.8416]]],[[[120.28136,22.87596],[120.28155,22.87607],[120.28151,22.87566],[120.28136,22.87596]]],[[[120.28067,22.87621],[120.2795,22.87807],[120.27934,22.8787],[120.28067,22.87621]]],[[[120.27952,22.87957],[120.28609,22.87914],[120.28239,22.87894],[120.28214,22.87729],[120.28131,22.8761],[120.27952,22.87957]]],[[[120.27965,22.87971],[120.27889,22.88081],[120.28008,22.88133],[120.28185,22.87968],[120.27965,22.87971]],[[120.27965,22.88088],[120.28021,22.8803],[120.28029,22.88107],[120.27965,22.88088]]],[[[120.27955,22.88142],[120.27876,22.88103],[120.27866,22.88122],[120.27955,22.88142]]],[[[120.27859,22.8821],[120.27872,22.88208],[120.27856,22.88205],[120.27859,22.8821]]],[[[120.2567,22.88023],[120.25679,22.88132],[120.25724,22.8816],[120.25646,22.88129],[120.25647,22.88174],[120.26059,22.88109],[120.26091,22.88471],[120.26371,22.88466],[120.26387,22.88277],[120.26323,22.88259],[120.26301,22.88176],[120.26204,22.88182],[120.26188,22.88122],[120.26272,22.88061],[120.25899,22.88116],[120.25899,22.88071],[120.2567,22.88023]]],[[[120.2808,22.88398],[120.27966,22.8841],[120.28079,22.88415],[120.2808,22.88398]]],[[[120.26988,22.88635],[120.26726,22.88616],[120.26737,22.8877],[120.26851,22.88802],[120.26868,22.88727],[120.26863,22.88796],[120.27048,22.88868],[120.27113,22.88715],[120.26988,22.88635]]],[[[120.27896,22.89351],[120.27952,22.89344],[120.27956,22.89283],[120.27903,22.89289],[120.27896,22.89351]]],[[[120.28895,22.87886],[120.28831,22.87439],[120.28709,22.87463],[120.28694,22.87398],[120.28658,22.87402],[120.2863,22.87287],[120.28652,22.87413],[120.2869,22.87404],[120.28706,22.87469],[120.28826,22.87446],[120.2889,22.87893],[120.29102,22.87876],[120.28895,22.87886]]],[[[120.30238,22.87745],[120.30274,22.87746],[120.30276,22.87736],[120.30238,22.87745]]],[[[120.30113,22.87773],[120.30072,22.87791],[120.30112,22.87781],[120.30113,22.87773]]],[[[120.29929,22.87805],[120.29967,22.87811],[120.29969,22.87799],[120.29929,22.87805]]],[[[120.29956,22.87822],[120.29951,22.87823],[120.29949,22.87823],[120.29956,22.87822]]],[[[120.29666,22.87831],[120.29578,22.87843],[120.29666,22.87834],[120.29666,22.87831]]],[[[120.29048,22.87896],[120.29218,22.87884],[120.29218,22.87884],[120.29048,22.87896]]],[[[120.28795,22.87914],[120.28821,22.88238],[120.28965,22.88228],[120.28952,22.87903],[120.28795,22.87914]]],[[[120.29948,22.8816],[120.29627,22.88182],[120.29602,22.87856],[120.29744,22.87844],[120.29233,22.8788],[120.296,22.87856],[120.29625,22.88181],[120.29243,22.88213],[120.29981,22.88162],[120.29999,22.88369],[120.30189,22.88328],[120.30182,22.88202],[120.30409,22.88172],[120.30476,22.87999],[120.29944,22.88043],[120.29927,22.87825],[120.29902,22.87828],[120.29948,22.8816]]],[[[120.28359,22.87945],[120.28388,22.88294],[120.28393,22.88294],[120.28359,22.87945]]],[[[120.28886,22.88301],[120.28879,22.88241],[120.28745,22.88251],[120.28752,22.88312],[120.28886,22.88301]]],[[[120.2901,22.8846],[120.29041,22.88607],[120.29036,22.88459],[120.2901,22.8846]]],[[[120.28636,22.88478],[120.28664,22.886],[120.28915,22.88663],[120.28927,22.88603],[120.28682,22.88581],[120.28686,22.88483],[120.28602,22.88433],[120.28512,22.88439],[120.28636,22.88478]]],[[[120.27895,22.88891],[120.27987,22.8896],[120.28088,22.88967],[120.28103,22.89266],[120.28243,22.89147],[120.283,22.89153],[120.28261,22.88963],[120.28389,22.89233],[120.28365,22.89302],[120.28625,22.89321],[120.28771,22.892],[120.28784,22.89055],[120.28395,22.89041],[120.2838,22.89157],[120.28408,22.88635],[120.27915,22.88609],[120.27895,22.88891]],[[120.28187,22.88979],[120.28199,22.88973],[120.28207,22.8898],[120.28187,22.88979]]]]}},{"type":"Feature","properties":{"zone":"特定農業區","town":"路竹區"},"geometry":{"type":"MultiPolygon","coordinates":[[[[120.26834,22.82242],[120.26829,22.82234],[120.26827,22.82237],[120.26834,22.82242]]],[[[120.26526,22.8326],[120.26395,22.841],[120.2626,22.84326],[120.27209,22.84366],[120.27328,22.84152],[120.26959,22.84146],[120.26827,22.83825],[120.26721,22.83735],[120.26746,22.83709],[120.26644,22.83704],[120.26664,22.83638],[120.26489,22.83607],[120.26621,22.82917],[120.26526,22.8326]]],[[[120.26096,22.84381],[120.26232,22.84357],[120.26296,22.84244],[120.26211,22.84196],[120.26096,22.84381]]],[[[120.23706,22.84995],[120.23733,22.84995],[120.23674,22.8499],[120.23706,22.84995]]],[[[120.23792,22.84917],[120.2371,22.8513],[120.23647,22.85118],[120.23625,22.85158],[120.23423,22.85115],[120.23379,22.85179],[120.23425,22.85188],[120.23422,22.85275],[120.23107,22.85263],[120.23138,22.85444],[120.23303,22.85452],[120.23303,22.85515],[120.23613,22.85546],[120.23658,22.85344],[120.23753,22.85354],[120.23776,22.85403],[120.23903,22.85395],[120.23901,22.8546],[120.23972,22.85468],[120.23963,22.8554],[120.24038,22.85552],[120.2407,22.85477],[120.24156,22.85491],[120.24263,22.85055],[120.23792,22.84917]],[[120.23525,22.85264],[120.23532,22.85274],[120.23523,22.85272],[120.23525,22.85264]]],[[[120.22764,22.85993],[120.22764,22.86024],[120.22766,22.85993],[120.22764,22.85993]]],[[[120.22756,22.86104],[120.22748,22.86145],[120.22751,22.86146],[120.22756,22.86104]]],[[[120.22608,22.86845],[120.22607,22.86847],[120.22607,22.86847],[120.22608,22.86845]]],[[[120.25311,22.87808],[120.25311,22.87807],[120.2531,22.87807],[120.25311,22.87808]]],[[[120.28028,22.88084],[120.28021,22.8803],[120.27974,22.88031],[120.27965,22.88088],[120.28028,22.88084]]],[[[120.25249,22.88112],[120.25281,22.88116],[120.25281,22.8811],[120.25249,22.88112]]],[[[120.25416,22.88188],[120.25414,22.8819],[120.25416,22.8819],[120.25416,22.88188]]],[[[120.26059,22.88109],[120.25647,22.88174],[120.25592,22.88458],[120.25893,22.88536],[120.26186,22.88489],[120.26086,22.88465],[120.26059,22.88109]],[[120.25666,22.88259],[120.25672,22.88271],[120.25664,22.88267],[120.25666,22.88259]]],[[[120.27895,22.88891],[120.27881,22.89071],[120.276,22.891],[120.27626,22.89315],[120.27846,22.89336],[120.27868,22.89142],[120.27883,22.89291],[120.28102,22.89281],[120.28088,22.88967],[120.27987,22.8896],[120.27895,22.88891]]],[[[120.2948,22.84702],[120.29482,22.84699],[120.2948,22.847],[120.2948,22.84702]]],[[[120.29479,22.84705],[120.2948,22.84704],[120.2948,22.84702],[120.29479,22.84705]]],[[[120.30085,22.85024],[120.30094,22.8503],[120.30116,22.85039],[120.30085,22.85024]]],[[[120.30246,22.85081],[120.30161,22.85062],[120.30246,22.85085],[120.30246,22.85081]]],[[[120.30129,22.85423],[120.30125,22.85414],[120.30122,22.8542],[120.30129,22.85423]]],[[[120.29438,22.84647],[120.29286,22.84839],[120.29284,22.85005],[120.29374,22.85025],[120.29278,22.85023],[120.2924,22.85087],[120.29274,22.85019],[120.29283,22.84871],[120.29263,22.84873],[120.29244,22.85034],[120.29202,22.85001],[120.29159,22.85067],[120.28973,22.85482],[120.28384,22.85585],[120.28368,22.85549],[120.28321,22.85626],[120.28124,22.85613],[120.27988,22.85705],[120.2754,22.85603],[120.27357,22.86009],[120.27554,22.86585],[120.28038,22.86561],[120.28428,22.86434],[120.2843,22.86378],[120.28513,22.86316],[120.28546,22.86133],[120.28691,22.86018],[120.2872,22.8605],[120.28773,22.86022],[120.28863,22.85792],[120.28939,22.85831],[120.29061,22.85772],[120.29156,22.858],[120.29225,22.85682],[120.2922,22.85555],[120.29287,22.85529],[120.29329,22.8557],[120.29343,22.85508],[120.29418,22.85479],[120.29402,22.85419],[120.29482,22.85413],[120.2945,22.85326],[120.29409,22.85332],[120.29429,22.85254],[120.2969,22.8506],[120.29754,22.84935],[120.29883,22.84948],[120.29732,22.8493],[120.29704,22.85003],[120.29622,22.8496],[120.29615,22.85017],[120.29536,22.84997],[120.29527,22.84932],[120.29352,22.84898],[120.29479,22.84705],[120.29379,22.84732],[120.2947,22.84703],[120.2947,22.84633],[120.29438,22.84647]]],[[[120.2989,22.84937],[120.29956,22.8548],[120.29882,22.85441],[120.29735,22.85715],[120.29665,22.85719],[120.29646,22.85857],[120.29533,22.85958],[120.29568,22.85977],[120.29527,22.8603],[120.29581,22.86084],[120.2949,22.8639],[120.29342,22.86415],[120.29273,22.86475],[120.29309,22.86535],[120.29235,22.86637],[120.29098,22.86643],[120.29244,22.86897],[120.29107,22.87005],[120.29126,22.87039],[120.29208,22.87006],[120.2927,22.87143],[120.29176,22.8718],[120.29189,22.87268],[120.29247,22.87298],[120.29204,22.87311],[120.29247,22.87354],[120.2919,22.87391],[120.29318,22.87399],[120.29355,22.87456],[120.29306,22.87552],[120.29252,22.87551],[120.29232,22.87862],[120.29215,22.87871],[120.2889,22.87893],[120.28826,22.87446],[120.28706,22.87469],[120.28625,22.87295],[120.28323,22.87254],[120.28311,22.87208],[120.28297,22.87213],[120.28313,22.87258],[120.28355,22.87274],[120.28359,22.87465],[120.28273,22.87482],[120.28313,22.87536],[120.28269,22.87574],[120.28175,22.87555],[120.28123,22.87408],[120.28068,22.87413],[120.2795,22.87807],[120.28067,22.87621],[120.2793,22.87869],[120.27851,22.88176],[120.27851,22.88198],[120.28015,22.88205],[120.27992,22.88113],[120.27889,22.88081],[120.27944,22.87972],[120.28364,22.87945],[120.28393,22.88294],[120.28209,22.88371],[120.27946,22.88334],[120.27935,22.88449],[120.27708,22.8871],[120.27901,22.88891],[120.27915,22.88609],[120.28408,22.88635],[120.2838,22.89157],[120.28395,22.89041],[120.28784,22.89055],[120.28775,22.88938],[120.2882,22.88945],[120.28907,22.88833],[120.28855,22.88727],[120.28875,22.88645],[120.28664,22.886],[120.28648,22.88488],[120.28505,22.88459],[120.28441,22.88343],[120.28512,22.88439],[120.28686,22.88483],[120.28682,22.88581],[120.28778,22.88604],[120.289,22.88625],[120.28945,22.88556],[120.29015,22.88599],[120.29036,22.88459],[120.29049,22.88623],[120.29184,22.88672],[120.29256,22.88627],[120.29233,22.8788],[120.29577,22.87856],[120.29576,22.87849],[120.29228,22.87876],[120.29216,22.8787],[120.30019,22.87807],[120.30238,22.87745],[120.30422,22.87718],[120.30276,22.87753],[120.30267,22.87803],[120.30273,22.87753],[120.30019,22.87813],[120.29579,22.87855],[120.29818,22.87839],[120.30017,22.87814],[120.30135,22.87788],[120.30136,22.87788],[120.30141,22.87787],[120.30142,22.87787],[120.30143,22.87887],[120.3044,22.87871],[120.30392,22.878],[120.30452,22.87747],[120.30534,22.8737],[120.30456,22.87374],[120.30445,22.8731],[120.30357,22.87266],[120.30446,22.87151],[120.30406,22.86644],[120.30595,22.86523],[120.30607,22.86327],[120.30673,22.86226],[120.30661,22.86085],[120.30469,22.85745],[120.30613,22.85309],[120.30555,22.85169],[120.30376,22.85173],[120.3028,22.85084],[120.30248,22.85086],[120.30142,22.85063],[120.2989,22.84937]],[[120.29226,22.86916],[120.29243,22.86911],[120.29246,22.86913],[120.29226,22.86916]],[[120.27966,22.8841],[120.28064,22.88394],[120.28079,22.88415],[120.27966,22.8841]],[[120.28752,22.88312],[120.28745,22.88251],[120.28879,22.88241],[120.28886,22.88301],[120.28752,22.88312]],[[120.27876,22.88103],[120.27955,22.88142],[120.27866,22.88122],[120.27876,22.88103]],[[120.29229,22.88189],[120.28821,22.88238],[120.28795,22.87914],[120.29218,22.87884],[120.29229,22.88189]],[[120.28156,22.87617],[120.28239,22.87894],[120.28609,22.87914],[120.27952,22.87957],[120.28156,22.87617]],[[120.28155,22.87607],[120.28136,22.87596],[120.28151,22.87566],[120.28155,22.87607]],[[120.30192,22.85404],[120.30227,22.8568],[120.30116,22.85687],[120.30084,22.85417],[120.30192,22.85404]]],[[[120.28291,22.87205],[120.28267,22.87171],[120.28248,22.87216],[120.28291,22.87205]]],[[[120.29096,22.87871],[120.2909,22.87819],[120.28885,22.87796],[120.28895,22.87886],[120.29096,22.87871]]],[[[120.30004,22.88365],[120.30017,22.88364],[120.30017,22.88363],[120.30004,22.88365]]],[[[120.28199,22.88973],[120.28187,22.88979],[120.28207,22.8898],[120.28199,22.88973]]],[[[120.28336,22.89183],[120.28366,22.89228],[120.28368,22.89232],[120.28368,22.89206],[120.28336,22.89183]]],[[[120.28378,22.89218],[120.28373,22.89266],[120.28359,22.89279],[120.28357,22.89302],[120.28384,22.89263],[120.28378,22.89218]]]]}},{"type":"Feature","properties":{"zone":"鄉村區","town":"路竹區"},"geometry":{"type":"MultiPolygon","coordinates":[[[[120.2719,22.82102],[120.27114,22.8208],[120.26933,22.82169],[120.26911,22.82427],[120.27034,22.82339],[120.27088,22.82409],[120.27068,22.82329],[120.27171,22.82326],[120.27161,22.82247],[120.27229,22.82245],[120.27196,22.82181],[120.27292,22.82132],[120.27239,22.82131],[120.27223,22.82057],[120.2719,22.82102]]],[[[120.24301,22.83915],[120.24116,22.84038],[120.24202,22.84072],[120.24086,22.84134],[120.24133,22.84206],[120.24215,22.84172],[120.24268,22.84227],[120.24239,22.84247],[120.24284,22.84234],[120.24249,22.84283],[120.24334,22.84366],[120.24334,22.84453],[120.24386,22.84413],[120.24451,22.84438],[120.24473,22.84386],[120.24305,22.84191],[120.24386,22.84137],[120.2439,22.83998],[120.24301,22.83915]]],[[[120.23064,22.84385],[120.23025,22.84488],[120.22972,22.8449],[120.22987,22.8456],[120.22954,22.84562],[120.2299,22.84633],[120.23058,22.8463],[120.2308,22.84571],[120.23064,22.84385]]],[[[120.22995,22.84678],[120.22918,22.84858],[120.22947,22.849],[120.22915,22.84897],[120.22973,22.84922],[120.22986,22.84808],[120.23089,22.84757],[120.22983,22.84737],[120.23044,22.84715],[120.22995,22.84678]]],[[[120.22703,22.84656],[120.22578,22.84927],[120.22443,22.8508],[120.22555,22.85107],[120.22581,22.85016],[120.22646,22.85028],[120.22631,22.84947],[120.22751,22.84696],[120.22703,22.84656]]],[[[120.22534,22.85109],[120.22424,22.85261],[120.22423,22.85312],[120.22474,22.85305],[120.22457,22.85371],[120.22602,22.85123],[120.22534,22.85109]]],[[[120.22395,22.85667],[120.22333,22.85792],[120.22435,22.8587],[120.22459,22.85706],[120.22395,22.85667]]],[[[120.22433,22.85953],[120.22426,22.86003],[120.22451,22.85995],[120.22433,22.85953]]],[[[120.2296,22.85747],[120.22786,22.85818],[120.22763,22.85992],[120.22756,22.86101],[120.2275,22.86102],[120.22747,22.86176],[120.22743,22.86185],[120.22756,22.86258],[120.22857,22.86322],[120.22834,22.86279],[120.22922,22.86296],[120.22941,22.86237],[120.23002,22.86279],[120.22991,22.86322],[120.23071,22.86344],[120.23081,22.86195],[120.22969,22.86163],[120.22999,22.86088],[120.23069,22.86108],[120.22991,22.86068],[120.23009,22.86004],[120.23076,22.86013],[120.23066,22.85849],[120.22987,22.85853],[120.2296,22.85747]],[[120.22782,22.85844],[120.22781,22.8591],[120.22775,22.85922],[120.22782,22.85844]]],[[[120.22405,22.86019],[120.22375,22.86112],[120.22431,22.86264],[120.22498,22.86245],[120.22472,22.86203],[120.22545,22.8616],[120.22405,22.86019]]],[[[120.27014,22.88097],[120.27019,22.88146],[120.27101,22.88156],[120.2706,22.88088],[120.27014,22.88097]]],[[[120.28559,22.82454],[120.28431,22.82417],[120.28317,22.82592],[120.28345,22.8265],[120.28285,22.82724],[120.28298,22.82845],[120.28431,22.82956],[120.28795,22.82639],[120.28741,22.82618],[120.28735,22.82531],[120.28531,22.82524],[120.28559,22.82454]]],[[[120.27866,22.83324],[120.27897,22.83347],[120.27904,22.83339],[120.27866,22.83324]]],[[[120.27888,22.8347],[120.27909,22.83511],[120.27907,22.83468],[120.27888,22.8347]]],[[[120.27898,22.83266],[120.27915,22.83422],[120.27873,22.83431],[120.27915,22.83431],[120.27911,22.83548],[120.27867,22.83555],[120.27935,22.83587],[120.27906,22.83709],[120.28031,22.83712],[120.28023,22.83804],[120.28115,22.83588],[120.28099,22.83482],[120.28139,22.83476],[120.281,22.83465],[120.28101,22.8338],[120.28202,22.83409],[120.28062,22.83299],[120.27898,22.83266]]],[[[120.29391,22.86029],[120.29447,22.86055],[120.29436,22.86202],[120.29364,22.86347],[120.29455,22.86402],[120.29492,22.86387],[120.295,22.86222],[120.29558,22.86221],[120.29499,22.86177],[120.29515,22.86062],[120.29456,22.86051],[120.29476,22.86017],[120.29391,22.86029]]],[[[120.28702,22.86756],[120.28661,22.86766],[120.28661,22.86768],[120.28702,22.86756]]],[[[120.28638,22.86766],[120.28611,22.86774],[120.28615,22.86775],[120.28638,22.86766]]],[[[120.28901,22.86893],[120.28903,22.86901],[120.28904,22.86901],[120.28901,22.86893]]],[[[120.28822,22.86509],[120.28789,22.86703],[120.2871,22.86704],[120.28665,22.86605],[120.28631,22.86764],[120.28846,22.86712],[120.28594,22.86785],[120.2857,22.86827],[120.28706,22.86791],[120.28715,22.86876],[120.2888,22.86844],[120.28914,22.86907],[120.28927,22.86953],[120.289,22.8699],[120.28935,22.86978],[120.2896,22.87073],[120.2889,22.8719],[120.28965,22.87169],[120.28977,22.87287],[120.29059,22.87318],[120.29057,22.87429],[120.29202,22.87424],[120.29229,22.87552],[120.29306,22.87552],[120.29352,22.87495],[120.29318,22.87399],[120.29193,22.87397],[120.2919,22.87391],[120.29247,22.87354],[120.29204,22.87311],[120.29247,22.87298],[120.29189,22.87268],[120.29173,22.87189],[120.2927,22.87143],[120.29245,22.87066],[120.29189,22.86991],[120.29126,22.87039],[120.29107,22.87005],[120.29204,22.86906],[120.29176,22.86841],[120.29104,22.86868],[120.2905,22.86779],[120.29129,22.86722],[120.2905,22.86712],[120.29091,22.86603],[120.29013,22.86643],[120.28933,22.86514],[120.28822,22.86509]]],[[[120.27215,22.88135],[120.27081,22.8818],[120.27092,22.88249],[120.27229,22.88226],[120.27215,22.88135]]]]}},{"type":"Feature","properties":{"zone":"一般農業區","town":"阿蓮區"},"geometry":{"type":"MultiPolygon","coordinates":[[[[120.29929,22.83908],[120.29507,22.84018],[120.29378,22.83988],[120.29365,22.84175],[120.29681,22.84304],[120.29929,22.83908]]],[[[120.32252,22.84474],[120.32206,22.84532],[120.32279,22.84525],[120.32252,22.84474]]],[[[120.32199,22.84536],[120.32117,22.84534],[120.32118,22.84563],[120.3229,22.8453],[120.32199,22.84536]]],[[[120.30485,22.87122],[120.30487,22.87257],[120.30619,22.87288],[120.30651,22.8717],[120.30485,22.87122]]],[[[120.29909,22.89411],[120.29951,22.89438],[120.29914,22.89449],[120.30229,22.89426],[120.29909,22.89411]]],[[[120.30763,22.89498],[120.30753,22.89485],[120.30745,22.895],[120.30763,22.89498]]],[[[120.28017,22.89719],[120.28002,22.89678],[120.28002,22.8974],[120.28017,22.89719]]],[[[120.29622,22.89469],[120.29708,22.89465],[120.29708,22.89514],[120.29588,22.89552],[120.29572,22.89623],[120.2935,22.89603],[120.29202,22.8967],[120.29079,22.89632],[120.29069,22.89581],[120.29125,22.89576],[120.29141,22.89572],[120.29068,22.89574],[120.29037,22.89591],[120.29055,22.89528],[120.28929,22.8952],[120.28939,22.89619],[120.28686,22.89665],[120.28683,22.89746],[120.28781,22.89751],[120.28777,22.89829],[120.28998,22.898],[120.28969,22.89969],[120.2883,22.90001],[120.2973,22.89992],[120.29744,22.89888],[120.29735,22.89992],[120.29854,22.89993],[120.29972,22.89806],[120.29805,22.89696],[120.2971,22.89453],[120.29622,22.89469]]],[[[120.31742,22.8949],[120.31586,22.89673],[120.31484,22.89608],[120.31328,22.89618],[120.31161,22.89554],[120.31017,22.8963],[120.30787,22.89532],[120.30862,22.8964],[120.30759,22.89649],[120.30721,22.89774],[120.30592,22.89795],[120.30558,22.8974],[120.30418,22.89773],[120.30319,22.89714],[120.30435,22.89857],[120.30157,22.89935],[120.29986,22.89817],[120.29927,22.89987],[120.30019,22.89998],[120.30043,22.89926],[120.30058,22.89997],[120.30172,22.90009],[120.30333,22.89948],[120.30773,22.89965],[120.30793,22.89828],[120.30786,22.89985],[120.30826,22.9],[120.31341,22.89948],[120.31561,22.89794],[120.31801,22.89505],[120.31742,22.8949]],[[120.30287,22.89923],[120.30285,22.89925],[120.30285,22.89924],[120.30287,22.89923]]],[[[120.28967,22.89865],[120.28919,22.89918],[120.28939,22.89931],[120.28967,22.89865]]],[[[120.28885,22.89987],[120.28901,22.89963],[120.28866,22.89961],[120.28885,22.89987]]],[[[120.28861,22.8996],[120.28648,22.90003],[120.28574,22.90048],[120.2858,22.90056],[120.28861,22.8996]]],[[[120.28349,22.89788],[120.28359,22.8984],[120.28292,22.89908],[120.27912,22.90125],[120.27996,22.90153],[120.27903,22.90141],[120.27868,22.90338],[120.28134,22.90288],[120.28596,22.90033],[120.28678,22.89952],[120.2858,22.9003],[120.28504,22.89968],[120.28539,22.89943],[120.28519,22.89833],[120.28359,22.89715],[120.28362,22.8967],[120.28349,22.89788]],[[120.28208,22.90215],[120.28224,22.90216],[120.28199,22.90239],[120.28208,22.90215]]],[[[120.28864,22.90065],[120.28781,22.90071],[120.28707,22.90085],[120.28831,22.90091],[120.28864,22.90065]]],[[[120.2923,22.9009],[120.28578,22.90124],[120.28217,22.90313],[120.28369,22.90262],[120.28363,22.90293],[120.28949,22.90276],[120.29078,22.90232],[120.2923,22.9009]]],[[[120.279,22.90398],[120.2794,22.9042],[120.28019,22.90384],[120.279,22.90398]]],[[[120.33163,22.83502],[120.32962,22.8357],[120.32951,22.83656],[120.32992,22.83696],[120.32955,22.83675],[120.32812,22.83748],[120.3275,22.83869],[120.32627,22.8394],[120.32511,22.83896],[120.32201,22.8399],[120.32134,22.83943],[120.31992,22.8406],[120.32031,22.84218],[120.32163,22.84311],[120.32666,22.8419],[120.3278,22.84468],[120.32548,22.84556],[120.32563,22.84624],[120.32796,22.84581],[120.32786,22.84464],[120.3283,22.84867],[120.32996,22.84844],[120.33005,22.84888],[120.33119,22.84904],[120.33097,22.84824],[120.33183,22.84799],[120.33168,22.84718],[120.3328,22.84682],[120.32999,22.84368],[120.33108,22.84455],[120.33086,22.84327],[120.33141,22.84407],[120.33284,22.84391],[120.33261,22.84474],[120.33158,22.84504],[120.33307,22.84688],[120.3344,22.84619],[120.33425,22.84589],[120.3332,22.84622],[120.33255,22.84564],[120.33374,22.84522],[120.33287,22.84504],[120.33323,22.84396],[120.33283,22.84378],[120.33381,22.84368],[120.33649,22.84176],[120.33516,22.8413],[120.33571,22.84122],[120.33566,22.84079],[120.33691,22.84105],[120.33773,22.84029],[120.33721,22.84013],[120.33763,22.83951],[120.33824,22.83964],[120.33864,22.83842],[120.33849,22.83795],[120.33675,22.83725],[120.33811,22.83718],[120.3382,22.83661],[120.33599,22.83697],[120.33467,22.83547],[120.33311,22.83585],[120.33284,22.83532],[120.33163,22.83502]]],[[[120.32778,22.84908],[120.32831,22.84928],[120.32827,22.84893],[120.32778,22.84908]]],[[[120.34304,22.85413],[120.34209,22.85433],[120.34215,22.85516],[120.34325,22.85483],[120.34304,22.85413]]],[[[120.33691,22.85576],[120.33731,22.85748],[120.33756,22.85741],[120.33754,22.85556],[120.33691,22.85576]]],[[[120.33132,22.85669],[120.33008,22.85722],[120.33022,22.85803],[120.33115,22.85787],[120.33132,22.85669]]],[[[120.3314,22.85668],[120.33151,22.85729],[120.3306,22.8595],[120.33111,22.86126],[120.33176,22.86119],[120.33122,22.86037],[120.33202,22.8591],[120.33172,22.85844],[120.33206,22.85749],[120.3314,22.85668]]],[[[120.33192,22.85986],[120.33236,22.8596],[120.33201,22.85917],[120.33197,22.85953],[120.33192,22.85986]]],[[[120.33412,22.85991],[120.33377,22.86046],[120.33385,22.8611],[120.33439,22.86104],[120.33412,22.85991]]],[[[120.33339,22.86115],[120.3328,22.86082],[120.33333,22.8612],[120.33339,22.86115]]],[[[120.33272,22.86089],[120.33267,22.86118],[120.33287,22.8611],[120.33272,22.86089]]],[[[120.33161,22.86206],[120.3301,22.86374],[120.33182,22.868],[120.32938,22.86865],[120.33106,22.86857],[120.33162,22.86966],[120.33154,22.8688],[120.33241,22.86876],[120.33273,22.86957],[120.33322,22.86912],[120.33368,22.87019],[120.33444,22.87017],[120.33458,22.87128],[120.33618,22.87246],[120.33631,22.87318],[120.33589,22.8735],[120.33656,22.87466],[120.33707,22.87469],[120.3371,22.87544],[120.33792,22.8763],[120.33908,22.87659],[120.3387,22.87737],[120.33916,22.87795],[120.33916,22.88153],[120.3371,22.88817],[120.33524,22.88863],[120.33482,22.88829],[120.33481,22.88873],[120.33782,22.88894],[120.33767,22.88853],[120.33824,22.88902],[120.33797,22.88844],[120.33846,22.88907],[120.33949,22.88906],[120.33952,22.88881],[120.33989,22.8886],[120.33961,22.88891],[120.34018,22.88894],[120.33962,22.88904],[120.34237,22.88925],[120.34241,22.88891],[120.34242,22.88925],[120.34346,22.88927],[120.3435,22.88916],[120.34376,22.88901],[120.34383,22.88882],[120.34403,22.88888],[120.34357,22.88927],[120.34932,22.8898],[120.35013,22.8893],[120.3504,22.88834],[120.34906,22.88647],[120.34862,22.88328],[120.34983,22.88151],[120.35138,22.88187],[120.35282,22.88151],[120.35307,22.8818],[120.35252,22.88202],[120.35346,22.88213],[120.35408,22.88278],[120.35385,22.88476],[120.35293,22.88571],[120.35304,22.88629],[120.35663,22.88565],[120.3565,22.88455],[120.35548,22.88298],[120.35696,22.88208],[120.35674,22.88051],[120.35486,22.88026],[120.35441,22.87949],[120.35504,22.87977],[120.35468,22.87767],[120.35512,22.87693],[120.35569,22.87687],[120.35631,22.87432],[120.35332,22.87402],[120.34922,22.87223],[120.34809,22.87237],[120.34807,22.87302],[120.34761,22.87206],[120.348,22.87181],[120.34725,22.87168],[120.34716,22.87224],[120.34643,22.87239],[120.34636,22.87153],[120.34373,22.86983],[120.34237,22.86833],[120.34105,22.86805],[120.3414,22.86773],[120.34016,22.8661],[120.33901,22.86899],[120.33788,22.869],[120.33796,22.86935],[120.33516,22.87029],[120.33464,22.86957],[120.33505,22.869],[120.33457,22.86714],[120.33487,22.86656],[120.33448,22.86672],[120.33411,22.86522],[120.33347,22.86539],[120.3341,22.86519],[120.33355,22.86298],[120.33471,22.86246],[120.33194,22.86333],[120.33161,22.86206]],[[120.33996,22.88066],[120.34024,22.881],[120.33954,22.88158],[120.3392,22.88117],[120.33996,22.88066]],[[120.34833,22.88821],[120.34764,22.88826],[120.34761,22.8879],[120.34833,22.88821]],[[120.34422,22.88854],[120.34425,22.88854],[120.34422,22.88856],[120.34422,22.88854]],[[120.34435,22.88869],[120.34414,22.88874],[120.34412,22.8887],[120.34435,22.88869]],[[120.34913,22.88877],[120.34912,22.88879],[120.34912,22.88877],[120.34913,22.88877]]],[[[120.33428,22.88815],[120.33441,22.88813],[120.33434,22.88813],[120.33428,22.88815]]],[[[120.33308,22.88812],[120.33305,22.88817],[120.33311,22.88813],[120.33308,22.88812]]],[[[120.32894,22.89017],[120.32889,22.89004],[120.32884,22.89019],[120.32894,22.89017]]],[[[120.32894,22.89017],[120.32831,22.89204],[120.32729,22.89281],[120.32657,22.89269],[120.32596,22.89085],[120.3244,22.89107],[120.32418,22.89202],[120.32176,22.89281],[120.32142,22.8933],[120.32086,22.89204],[120.32067,22.89384],[120.31829,22.8944],[120.3183,22.89486],[120.31932,22.89446],[120.32096,22.89501],[120.32299,22.89808],[120.32362,22.89815],[120.32364,22.8997],[120.3248,22.8998],[120.32669,22.89743],[120.3272,22.89607],[120.32649,22.89531],[120.32721,22.89603],[120.32873,22.89117],[120.32948,22.89008],[120.32923,22.89009],[120.32894,22.89017]]]]}},{"type":"Feature","properties":{"zone":"山坡地保育區","town":"阿蓮區"},"geometry":{"type":"MultiPolygon","coordinates":[[[[120.33936,22.83614],[120.3382,22.83661],[120.33811,22.83718],[120.33675,22.83725],[120.33849,22.83795],[120.33839,22.83938],[120.33763,22.83951],[120.33721,22.84013],[120.33773,22.84029],[120.33691,22.84105],[120.33566,22.84079],[120.33571,22.84122],[120.33515,22.84134],[120.33649,22.84176],[120.33418,22.8432],[120.3353,22.8435],[120.33607,22.84777],[120.3374,22.84746],[120.33777,22.84845],[120.33673,22.84879],[120.33718,22.84983],[120.33696,22.85039],[120.33753,22.85036],[120.33761,22.85116],[120.33667,22.85144],[120.33706,22.85174],[120.33663,22.8517],[120.33662,22.85302],[120.33748,22.85445],[120.3376,22.8564],[120.33808,22.8571],[120.33763,22.85802],[120.33785,22.85928],[120.3394,22.86215],[120.33978,22.86384],[120.33925,22.86403],[120.33935,22.86438],[120.3414,22.86773],[120.34105,22.86805],[120.34237,22.86833],[120.34373,22.86983],[120.34636,22.87153],[120.34643,22.87239],[120.34716,22.87224],[120.34725,22.87168],[120.348,22.87181],[120.34761,22.87206],[120.34807,22.87302],[120.34833,22.87224],[120.35011,22.87238],[120.35072,22.87313],[120.35332,22.87402],[120.35629,22.8744],[120.35632,22.87356],[120.35511,22.87125],[120.35199,22.86779],[120.35008,22.86708],[120.3495,22.86412],[120.34854,22.86311],[120.34792,22.86143],[120.34837,22.86024],[120.34688,22.8589],[120.34528,22.85899],[120.34543,22.85661],[120.3447,22.85486],[120.34517,22.8535],[120.34585,22.85347],[120.34389,22.85066],[120.34414,22.84971],[120.34461,22.84966],[120.34419,22.84806],[120.34459,22.84715],[120.34343,22.84346],[120.34504,22.84017],[120.34289,22.83929],[120.33936,22.83614]],[[120.34281,22.84616],[120.34321,22.84633],[120.34287,22.8466],[120.34281,22.84616]],[[120.34086,22.84663],[120.34069,22.84705],[120.34048,22.84674],[120.34086,22.84663]],[[120.3402,22.84921],[120.33979,22.84991],[120.33966,22.84935],[120.3402,22.84921]],[[120.34259,22.85403],[120.34325,22.85483],[120.34215,22.85516],[120.34209,22.85433],[120.34259,22.85403]],[[120.338,22.85952],[120.3386,22.85956],[120.33873,22.8602],[120.338,22.85952]]],[[[120.35468,22.87767],[120.35591,22.87699],[120.35585,22.87687],[120.35512,22.87693],[120.35468,22.87767]]]]}},{"type":"Feature","properties":{"zone":"森林區","town":"阿蓮區"},"geometry":{"type":"MultiPolygon","coordinates":[[[[120.34321,22.84633],[120.34281,22.84616],[120.34287,22.8466],[120.34321,22.84633]]],[[[120.34048,22.84674],[120.34077,22.84706],[120.34086,22.84663],[120.34048,22.84674]]],[[[120.3402,22.84921],[120.33966,22.84935],[120.33979,22.84991],[120.3402,22.84971],[120.3402,22.84921]]],[[[120.33792,22.85875],[120.33782,22.85911],[120.33809,22.85938],[120.33796,22.85907],[120.33792,22.85875]]],[[[120.33876,22.85999],[120.33801,22.85945],[120.33854,22.86024],[120.33876,22.85999]]]]}},{"type":"Feature","properties":{"zone":"河川區","town":"阿蓮區"},"geometry":{"type":"MultiPolygon","coordinates":[[[[120.3266,22.89536],[120.32686,22.89574],[120.3272,22.89607],[120.3266,22.89536]]],[[[120.31823,22.89446],[120.31786,22.895],[120.31766,22.89493],[120.31743,22.89488],[120.31782,22.89502],[120.31801,22.89505],[120.31654,22.89644],[120.31588,22.89763],[120.31761,22.89552],[120.31901,22.8946],[120.3183,22.89486],[120.31823,22.89446]]],[[[120.28231,22.89609],[120.28229,22.89607],[120.28229,22.89609],[120.28231,22.89609]]],[[[120.28009,22.89644],[120.27998,22.89701],[120.27978,22.89773],[120.28009,22.89644]]],[[[120.30285,22.89925],[120.30287,22.89923],[120.30285,22.89924],[120.30285,22.89925]]],[[[120.30801,22.89828],[120.30773,22.89965],[120.30333,22.89948],[120.30172,22.90009],[120.30268,22.90013],[120.30258,22.89996],[120.30266,22.89979],[120.30279,22.90013],[120.30749,22.9001],[120.30795,22.89973],[120.30801,22.89828]]],[[[120.29735,22.89992],[120.29743,22.89891],[120.2973,22.89992],[120.29735,22.89992]]],[[[120.29854,22.89993],[120.29944,22.89993],[120.29959,22.89891],[120.29905,22.89888],[120.29854,22.89993]]],[[[120.30106,22.90004],[120.30078,22.89959],[120.30043,22.89926],[120.30019,22.89998],[120.30106,22.90004]]],[[[120.30786,22.89985],[120.30773,22.90035],[120.30971,22.90015],[120.30786,22.89985]]],[[[120.2858,22.90056],[120.28694,22.89951],[120.28678,22.8995],[120.28542,22.90067],[120.28129,22.9029],[120.27868,22.90338],[120.27903,22.90141],[120.27996,22.90153],[120.27912,22.90125],[120.2787,22.90153],[120.27821,22.90392],[120.2791,22.90434],[120.2794,22.9042],[120.279,22.90398],[120.28217,22.90313],[120.28698,22.90087],[120.28754,22.90106],[120.28828,22.90099],[120.28903,22.90066],[120.2923,22.9009],[120.29376,22.90024],[120.2883,22.90001],[120.28906,22.89987],[120.28906,22.89967],[120.2897,22.89966],[120.28901,22.89963],[120.2858,22.90056]],[[120.28884,22.90065],[120.2875,22.901],[120.28707,22.90085],[120.28884,22.90065]]],[[[120.28208,22.90215],[120.28223,22.90217],[120.28224,22.90216],[120.28208,22.90215]]],[[[120.28369,22.90262],[120.28358,22.90293],[120.28373,22.90263],[120.28369,22.90262]]],[[[120.28404,22.90271],[120.28413,22.9029],[120.28419,22.90275],[120.28404,22.90271]]],[[[120.34422,22.88854],[120.34422,22.88856],[120.34425,22.88854],[120.34422,22.88854]]],[[[120.34412,22.8887],[120.34424,22.8887],[120.34435,22.88869],[120.34412,22.8887]]],[[[120.33829,22.88879],[120.33789,22.8885],[120.33837,22.88905],[120.33829,22.88879]]],[[[120.33782,22.88894],[120.33789,22.88856],[120.33767,22.88853],[120.33782,22.88894]]],[[[120.3395,22.88906],[120.33961,22.88892],[120.34018,22.88894],[120.33961,22.88891],[120.33989,22.8886],[120.33983,22.88861],[120.3395,22.88906]]],[[[120.34383,22.88882],[120.34357,22.88927],[120.34403,22.88888],[120.34383,22.88882]]],[[[120.33949,22.88906],[120.33934,22.88909],[120.33949,22.88909],[120.33949,22.88906]]],[[[120.34235,22.88914],[120.34242,22.88925],[120.34234,22.88891],[120.34235,22.88914]]],[[[120.34175,22.88924],[120.34007,22.88903],[120.33961,22.8891],[120.34175,22.88924]]],[[[120.33028,22.8894],[120.33026,22.88904],[120.32997,22.8891],[120.32989,22.88921],[120.33028,22.8894]]],[[[120.34434,22.88937],[120.34666,22.88955],[120.34377,22.88929],[120.34434,22.88937]]],[[[120.32982,22.88905],[120.32933,22.88983],[120.32984,22.88963],[120.32982,22.88905]]],[[[120.32886,22.8902],[120.32884,22.89019],[120.32883,22.89021],[120.32886,22.8902]]],[[[120.32991,22.88959],[120.32877,22.89176],[120.32999,22.88972],[120.33107,22.88925],[120.32991,22.88959]]],[[[120.35697,22.88129],[120.35696,22.8819],[120.35696,22.88208],[120.35697,22.88129]]],[[[120.35252,22.88202],[120.35297,22.88156],[120.35224,22.8816],[120.35252,22.88202]]],[[[120.35138,22.88187],[120.34983,22.88151],[120.34958,22.88196],[120.35138,22.88187]]],[[[120.353,22.88205],[120.35282,22.88216],[120.35313,22.88219],[120.353,22.88205]]],[[[120.35364,22.88228],[120.3532,22.88223],[120.35359,22.88247],[120.35364,22.88228]]],[[[120.35401,22.88289],[120.35408,22.88278],[120.35384,22.88269],[120.35401,22.88289]]],[[[120.35669,22.88546],[120.35602,22.886],[120.35329,22.88635],[120.35287,22.88589],[120.35281,22.8864],[120.35336,22.8867],[120.35638,22.88598],[120.35677,22.88533],[120.3565,22.88455],[120.35669,22.88546]]],[[[120.34877,22.88358],[120.34906,22.88647],[120.35012,22.88776],[120.34911,22.88624],[120.34877,22.88358]]],[[[120.35012,22.88788],[120.3503,22.88814],[120.35013,22.88778],[120.35012,22.88788]]],[[[120.34761,22.8879],[120.34808,22.88825],[120.34833,22.88821],[120.34761,22.8879]]],[[[120.34913,22.88877],[120.34912,22.88879],[120.34913,22.88879],[120.34913,22.88877]]],[[[120.35007,22.88923],[120.34996,22.88929],[120.34998,22.88932],[120.35007,22.88923]]],[[[120.35022,22.88957],[120.34932,22.8898],[120.34939,22.89],[120.35022,22.88957]]]]}},{"type":"Feature","properties":{"zone":"特定專用區","town":"阿蓮區"},"geometry":{"type":"MultiPolygon","coordinates":[[[[120.31286,22.85619],[120.31382,22.85612],[120.31286,22.85615],[120.31286,22.85619]]],[[[120.31482,22.85657],[120.31486,22.85608],[120.31389,22.85612],[120.31386,22.85652],[120.31482,22.85657]]],[[[120.31464,22.8592],[120.31456,22.85911],[120.31455,22.85919],[120.31464,22.8592]]],[[[120.31446,22.86033],[120.31435,22.86042],[120.31446,22.86043],[120.31446,22.86033]]],[[[120.31183,22.86067],[120.31152,22.86084],[120.31181,22.86085],[120.31183,22.86067]]],[[[120.31448,22.86146],[120.31437,22.86151],[120.31445,22.86154],[120.31448,22.86146]]],[[[120.31299,22.86336],[120.31311,22.86332],[120.31302,22.86328],[120.31299,22.86336]]],[[[120.31184,22.86651],[120.31173,22.86657],[120.31182,22.86659],[120.31184,22.86651]]],[[[120.31125,22.86878],[120.31114,22.86884],[120.31123,22.86886],[120.31125,22.86878]]],[[[120.31073,22.87061],[120.31062,22.87065],[120.3107,22.87068],[120.31073,22.87061]]],[[[120.30975,22.87251],[120.3097,22.87241],[120.30967,22.87248],[120.30975,22.87251]]],[[[120.3092,22.87466],[120.30909,22.87472],[120.30918,22.87474],[120.3092,22.87466]]],[[[120.30452,22.88185],[120.30416,22.88137],[120.30412,22.88173],[120.30452,22.88185]]],[[[120.29981,22.88162],[120.29243,22.88213],[120.29252,22.88506],[120.29392,22.88494],[120.29383,22.88377],[120.2951,22.88365],[120.29519,22.88483],[120.29738,22.88464],[120.29999,22.88369],[120.29981,22.88162]]],[[[120.29265,22.88604],[120.29262,22.88514],[120.29255,22.88604],[120.29265,22.88604]]],[[[120.29261,22.88625],[120.29257,22.88626],[120.29258,22.8864],[120.29261,22.88625]]],[[[120.33191,22.84718],[120.33183,22.84799],[120.33097,22.84824],[120.33119,22.84904],[120.33005,22.84888],[120.32996,22.84844],[120.3283,22.84867],[120.32864,22.84982],[120.32912,22.84999],[120.32855,22.85047],[120.32839,22.8498],[120.32861,22.85182],[120.33065,22.85118],[120.3306,22.8509],[120.33276,22.84712],[120.33191,22.84718]]],[[[120.31281,22.84444],[120.31217,22.84491],[120.31078,22.84477],[120.31047,22.84596],[120.31096,22.84605],[120.31049,22.84607],[120.31029,22.84967],[120.31131,22.85041],[120.31111,22.85397],[120.31219,22.85572],[120.31278,22.856],[120.31845,22.85587],[120.3243,22.85827],[120.32437,22.85753],[120.32336,22.85693],[120.32439,22.8573],[120.32483,22.8513],[120.32297,22.85115],[120.32277,22.85022],[120.32067,22.85064],[120.31876,22.84981],[120.31716,22.84703],[120.31687,22.845],[120.31281,22.84444]],[[120.32046,22.85195],[120.32061,22.85218],[120.32026,22.85194],[120.32046,22.85195]],[[120.31874,22.85239],[120.31922,22.8524],[120.31917,22.85418],[120.32048,22.85427],[120.32055,22.8555],[120.32059,22.85365],[120.32111,22.85366],[120.32313,22.85675],[120.32312,22.85772],[120.31846,22.85585],[120.31667,22.85588],[120.3169,22.84966],[120.3169,22.85123],[120.3188,22.85132],[120.31874,22.85239]],[[120.31648,22.84965],[120.31677,22.84984],[120.31648,22.84983],[120.31648,22.84965]],[[120.31316,22.84935],[120.31286,22.84955],[120.31287,22.84936],[120.31316,22.84935]],[[120.31685,22.84669],[120.3176,22.84828],[120.31691,22.84708],[120.31329,22.84663],[120.31335,22.84631],[120.31685,22.84669]]],[[[120.3353,22.8435],[120.33311,22.84369],[120.33279,22.84444],[120.33287,22.84504],[120.33374,22.84522],[120.3327,22.84549],[120.3332,22.84622],[120.33425,22.84589],[120.3344,22.84619],[120.33313,22.84665],[120.33069,22.85102],[120.33114,22.85267],[120.3321,22.85253],[120.33255,22.85331],[120.33283,22.8532],[120.33334,22.85537],[120.33121,22.8559],[120.33192,22.85698],[120.33197,22.85834],[120.33246,22.85884],[120.33378,22.85855],[120.33202,22.8591],[120.3327,22.85987],[120.33407,22.85975],[120.33439,22.86104],[120.33311,22.86122],[120.3327,22.86077],[120.33242,22.86099],[120.33287,22.8611],[120.33213,22.86158],[120.33181,22.86105],[120.33176,22.86196],[120.33098,22.86232],[120.33012,22.86359],[120.33161,22.86206],[120.33194,22.86333],[120.33471,22.86246],[120.33512,22.86496],[120.33682,22.86455],[120.33497,22.85656],[120.33453,22.8563],[120.33723,22.85568],[120.33611,22.85235],[120.33677,22.85225],[120.33663,22.8517],[120.33706,22.85166],[120.33667,22.85144],[120.33761,22.85116],[120.33753,22.85036],[120.33696,22.85039],[120.33718,22.84983],[120.33673,22.84879],[120.33777,22.84845],[120.3374,22.84746],[120.33606,22.84775],[120.3353,22.8435]],[[120.33351,22.85292],[120.33254,22.8532],[120.33241,22.85262],[120.33337,22.85232],[120.33351,22.85292]],[[120.33553,22.85231],[120.33546,22.85246],[120.33541,22.85217],[120.33553,22.85231]],[[120.33636,22.85216],[120.33654,22.85172],[120.33658,22.85216],[120.33636,22.85216]]],[[[120.32553,22.85153],[120.32497,22.85156],[120.32446,22.85831],[120.33123,22.85658],[120.33045,22.85465],[120.33068,22.85397],[120.32541,22.8512],[120.32553,22.85153]]],[[[120.31486,22.85649],[120.31584,22.85655],[120.31588,22.85605],[120.31489,22.85608],[120.31486,22.85649]]],[[[120.31691,22.85611],[120.31594,22.85605],[120.31591,22.85655],[120.31687,22.85662],[120.31691,22.85611]]],[[[120.31957,22.85664],[120.3195,22.85655],[120.31948,22.85663],[120.31957,22.85664]]],[[[120.31483,22.85761],[120.31485,22.85772],[120.3149,22.85765],[120.31483,22.85761]]],[[[120.32895,22.85731],[120.32446,22.85834],[120.32493,22.8586],[120.32588,22.85844],[120.32895,22.85731]]],[[[120.33899,22.86451],[120.33926,22.86405],[120.33884,22.86416],[120.33899,22.86451]]],[[[120.33997,22.86571],[120.33996,22.86496],[120.33968,22.86464],[120.33997,22.86571]]],[[[120.33525,22.86677],[120.33487,22.86656],[120.33481,22.86666],[120.33525,22.86677]]],[[[120.33983,22.86638],[120.33901,22.86899],[120.3399,22.86624],[120.33983,22.86638]]],[[[120.33632,22.86975],[120.3362,22.86989],[120.33641,22.86984],[120.33632,22.86975]]],[[[120.33565,22.87012],[120.33535,22.87021],[120.33536,22.87029],[120.33565,22.87012]]]]}},{"type":"Feature","properties":{"zone":"特定農業區","town":"阿蓮區"},"geometry":{"type":"MultiPolygon","coordinates":[[[[120.32283,22.84524],[120.32273,22.84508],[120.32279,22.84525],[120.32283,22.84524]]],[[[120.33255,22.84564],[120.3327,22.84549],[120.33256,22.84553],[120.33255,22.84564]]],[[[120.31335,22.84631],[120.31329,22.84663],[120.31691,22.84708],[120.31727,22.84777],[120.31763,22.84827],[120.31685,22.84666],[120.31335,22.84631]]],[[[120.32404,22.84748],[120.32418,22.84751],[120.32398,22.8473],[120.32404,22.84748]]],[[[120.31286,22.84955],[120.31316,22.84935],[120.31287,22.84936],[120.31286,22.84955]]],[[[120.31648,22.84965],[120.31677,22.84984],[120.31677,22.84966],[120.31648,22.84965]]],[[[120.32046,22.85195],[120.32041,22.85217],[120.32061,22.85218],[120.32046,22.85195]]],[[[120.31835,22.85583],[120.32312,22.85772],[120.32313,22.85675],[120.32111,22.85366],[120.32059,22.85365],[120.32055,22.8555],[120.32048,22.85427],[120.31917,22.85418],[120.3188,22.85132],[120.3169,22.85123],[120.3169,22.84966],[120.31667,22.85588],[120.31835,22.85583]]],[[[120.30831,22.83706],[120.30727,22.83485],[120.30392,22.8364],[120.30319,22.8372],[120.30057,22.83727],[120.30042,22.8385],[120.29929,22.83908],[120.29681,22.84304],[120.29754,22.84369],[120.29719,22.84486],[120.29883,22.84946],[120.29901,22.84924],[120.30142,22.85063],[120.3028,22.85084],[120.30376,22.85173],[120.30555,22.85169],[120.30613,22.85309],[120.30469,22.85745],[120.30661,22.86085],[120.30673,22.86226],[120.30607,22.86327],[120.30595,22.86523],[120.30406,22.86644],[120.30446,22.87151],[120.30357,22.87266],[120.30445,22.8731],[120.30456,22.87374],[120.30534,22.8737],[120.30452,22.87747],[120.30392,22.878],[120.3044,22.87871],[120.30414,22.87969],[120.30476,22.87999],[120.30462,22.88137],[120.30425,22.88137],[120.30456,22.88181],[120.30182,22.88202],[120.30189,22.88328],[120.29738,22.88464],[120.29519,22.88483],[120.2951,22.88365],[120.29383,22.88377],[120.29392,22.88494],[120.29252,22.88506],[120.29265,22.88604],[120.29255,22.88604],[120.29256,22.88623],[120.29256,22.88625],[120.29256,22.88627],[120.29184,22.88672],[120.2894,22.88557],[120.28915,22.88663],[120.28863,22.88694],[120.28912,22.88834],[120.28821,22.8895],[120.28779,22.88943],[120.28775,22.89201],[120.28656,22.89309],[120.28261,22.89315],[120.27932,22.89413],[120.28298,22.89545],[120.28341,22.89702],[120.28362,22.8967],[120.28359,22.89715],[120.28519,22.89833],[120.28539,22.89943],[120.28504,22.89968],[120.28573,22.90029],[120.28655,22.89949],[120.28861,22.8996],[120.28847,22.89992],[120.28956,22.89966],[120.28998,22.898],[120.28777,22.89829],[120.28781,22.89751],[120.28683,22.89746],[120.28686,22.89665],[120.28922,22.89632],[120.28929,22.8952],[120.29055,22.89528],[120.29037,22.89591],[120.29159,22.89564],[120.29153,22.89494],[120.29651,22.89294],[120.29655,22.89404],[120.29702,22.89396],[120.29621,22.89426],[120.29622,22.89469],[120.29914,22.89447],[120.29791,22.89439],[120.29953,22.89399],[120.29963,22.89437],[120.30228,22.89415],[120.29914,22.89449],[120.29908,22.89521],[120.29754,22.89526],[120.29807,22.897],[120.29972,22.89806],[120.29929,22.89891],[120.29986,22.89817],[120.30157,22.89935],[120.30231,22.89934],[120.30435,22.89857],[120.30319,22.89714],[120.30418,22.89773],[120.30588,22.89748],[120.30601,22.89794],[120.30739,22.8976],[120.30759,22.89649],[120.30862,22.8964],[120.30785,22.8949],[120.30817,22.89375],[120.30928,22.89365],[120.30817,22.89373],[120.30822,22.89333],[120.3094,22.89345],[120.30976,22.89283],[120.31088,22.89295],[120.31013,22.89311],[120.31022,22.89324],[120.31256,22.89305],[120.31194,22.89342],[120.31256,22.89312],[120.31258,22.8934],[120.31116,22.89379],[120.31161,22.89481],[120.31081,22.89495],[120.31082,22.8958],[120.31161,22.89554],[120.31328,22.89618],[120.31484,22.89608],[120.31586,22.89673],[120.31743,22.89488],[120.32067,22.89384],[120.32086,22.89204],[120.32142,22.8933],[120.32176,22.89281],[120.32418,22.89202],[120.32425,22.89111],[120.32589,22.89084],[120.32657,22.89269],[120.32729,22.89281],[120.32831,22.89204],[120.32889,22.89004],[120.33125,22.8892],[120.33015,22.88947],[120.32989,22.88921],[120.33031,22.88897],[120.32975,22.8888],[120.32377,22.88785],[120.32219,22.88999],[120.32369,22.88784],[120.31808,22.88693],[120.31885,22.88247],[120.32039,22.88021],[120.31784,22.87991],[120.32052,22.8801],[120.32203,22.87786],[120.32252,22.87627],[120.32321,22.86779],[120.32932,22.86865],[120.33182,22.868],[120.3301,22.86374],[120.33098,22.86232],[120.33176,22.86196],[120.33181,22.86105],[120.33111,22.86126],[120.33091,22.85969],[120.33,22.86009],[120.33087,22.85964],[120.33062,22.85932],[120.33151,22.85729],[120.33121,22.8559],[120.33334,22.85537],[120.33283,22.8532],[120.33255,22.85331],[120.3321,22.85253],[120.33114,22.85267],[120.33069,22.85102],[120.33306,22.84704],[120.33158,22.84504],[120.33261,22.84474],[120.33284,22.84391],[120.33141,22.84407],[120.33086,22.84327],[120.33108,22.84455],[120.32999,22.84368],[120.3328,22.84705],[120.3306,22.8509],[120.33065,22.85118],[120.32883,22.85186],[120.32839,22.8498],[120.32855,22.85047],[120.32912,22.84999],[120.32831,22.8489],[120.32786,22.84464],[120.32796,22.84581],[120.32563,22.84624],[120.32548,22.84556],[120.3278,22.84468],[120.32666,22.8419],[120.32163,22.84311],[120.32097,22.84283],[120.32254,22.8446],[120.32379,22.84675],[120.32406,22.8467],[120.32414,22.84708],[120.32801,22.84656],[120.32798,22.84598],[120.32805,22.84659],[120.32435,22.84712],[120.32499,22.84716],[120.32512,22.84773],[120.32415,22.84791],[120.32434,22.84855],[120.32557,22.84872],[120.32611,22.84864],[120.32555,22.84875],[120.32529,22.84999],[120.32466,22.84956],[120.32541,22.85105],[120.32497,22.85084],[120.3249,22.85153],[120.32377,22.84706],[120.3229,22.8453],[120.32118,22.84563],[120.31879,22.84523],[120.32204,22.84527],[120.32252,22.84474],[120.31954,22.84124],[120.31751,22.83646],[120.31307,22.83635],[120.31298,22.83713],[120.31027,22.837],[120.31025,22.83874],[120.3099,22.8433],[120.31067,22.84303],[120.31278,22.84365],[120.31216,22.8436],[120.31209,22.84411],[120.31246,22.84382],[120.31263,22.84441],[120.31366,22.84465],[120.31855,22.84516],[120.31687,22.845],[120.31716,22.84703],[120.31876,22.84981],[120.32067,22.85064],[120.32277,22.85022],[120.32297,22.85115],[120.32483,22.8513],[120.32439,22.8573],[120.32336,22.85693],[120.32437,22.85753],[120.3243,22.85827],[120.32383,22.85811],[120.32479,22.85847],[120.325,22.85848],[120.32882,22.85734],[120.32896,22.85735],[120.32493,22.8586],[120.31845,22.85587],[120.31255,22.85595],[120.31111,22.85397],[120.31127,22.85031],[120.31029,22.84967],[120.31049,22.84607],[120.31096,22.84605],[120.31004,22.84574],[120.3106,22.84577],[120.31121,22.84445],[120.30995,22.84393],[120.30799,22.84423],[120.30757,22.844],[120.30692,22.8439],[120.30632,22.84389],[120.30623,22.84271],[120.30673,22.84236],[120.30739,22.84301],[120.30984,22.8432],[120.30988,22.84254],[120.30695,22.84236],[120.30986,22.84251],[120.3102,22.83701],[120.30831,22.83706]],[[120.29261,22.88625],[120.29258,22.8864],[120.29256,22.88625],[120.29261,22.88625]],[[120.32394,22.84666],[120.3237,22.84651],[120.3239,22.84647],[120.32394,22.84666]],[[120.31954,22.84124],[120.31953,22.84125],[120.31952,22.84124],[120.31954,22.84124]],[[120.28938,22.89864],[120.28939,22.89931],[120.2892,22.89925],[120.28938,22.89864]],[[120.30376,22.89672],[120.30382,22.89672],[120.30376,22.89672],[120.30376,22.89672]],[[120.28502,22.89651],[120.28387,22.89661],[120.28365,22.89666],[120.28378,22.89659],[120.28502,22.89651]],[[120.30764,22.89487],[120.30745,22.895],[120.30759,22.8948],[120.30764,22.89487]],[[120.29025,22.89266],[120.29057,22.89281],[120.29058,22.89304],[120.29047,22.89318],[120.29025,22.89266]],[[120.31802,22.89058],[120.31936,22.8904],[120.31992,22.89104],[120.32075,22.89103],[120.32089,22.89173],[120.31693,22.89255],[120.31582,22.89218],[120.31621,22.89081],[120.31806,22.89024],[120.31802,22.89058]],[[120.32216,22.89029],[120.32381,22.89107],[120.32098,22.89179],[120.32083,22.89101],[120.32216,22.89029]],[[120.32984,22.88963],[120.32933,22.88983],[120.32982,22.88905],[120.32984,22.88963]],[[120.29259,22.88755],[120.29331,22.89205],[120.29318,22.8928],[120.29255,22.88757],[120.2921,22.88764],[120.29205,22.88727],[120.29259,22.88755]],[[120.30753,22.87791],[120.3121,22.8789],[120.31198,22.87831],[120.31313,22.87854],[120.31353,22.878],[120.31374,22.87928],[120.31461,22.87944],[120.31374,22.88056],[120.31157,22.88055],[120.31129,22.87959],[120.31209,22.87937],[120.31211,22.87896],[120.30753,22.87791]],[[120.30572,22.87755],[120.30465,22.87737],[120.30465,22.87734],[120.30483,22.87734],[120.30572,22.87755]],[[120.30519,22.8773],[120.30729,22.87786],[120.30465,22.87721],[120.30519,22.8773]],[[120.30909,22.87472],[120.3092,22.87466],[120.30918,22.87474],[120.30909,22.87472]],[[120.30967,22.87248],[120.30978,22.87244],[120.30975,22.87251],[120.30967,22.87248]],[[120.30485,22.87122],[120.30651,22.8717],[120.30619,22.87288],[120.30487,22.87257],[120.30516,22.87183],[120.30467,22.87181],[120.30485,22.87122]],[[120.31421,22.87069],[120.31594,22.87126],[120.31591,22.87149],[120.31596,22.87184],[120.31602,22.872],[120.31662,22.87189],[120.31665,22.87232],[120.31602,22.8723],[120.31664,22.87241],[120.31629,22.87318],[120.31669,22.87359],[120.31617,22.87401],[120.31338,22.87268],[120.31421,22.87069]],[[120.31062,22.87065],[120.31073,22.87061],[120.3107,22.87068],[120.31062,22.87065]],[[120.31634,22.87049],[120.31594,22.87112],[120.31635,22.87047],[120.31634,22.87049]],[[120.31114,22.86884],[120.31125,22.86878],[120.31123,22.86886],[120.31114,22.86884]],[[120.31173,22.86657],[120.31184,22.86651],[120.31182,22.86659],[120.31173,22.86657]],[[120.31654,22.86515],[120.31858,22.86573],[120.31909,22.86568],[120.31898,22.86567],[120.3186,22.86546],[120.31848,22.86531],[120.31833,22.86522],[120.31829,22.86516],[120.31897,22.86565],[120.32014,22.86551],[120.3209,22.86568],[120.32376,22.86693],[120.32376,22.86705],[120.32094,22.86574],[120.31913,22.86571],[120.31907,22.86596],[120.31916,22.86592],[120.31962,22.86584],[120.31993,22.86592],[120.32007,22.86602],[120.31896,22.86625],[120.31911,22.86572],[120.31858,22.86577],[120.31788,22.86572],[120.31734,22.86553],[120.31727,22.86584],[120.31729,22.8655],[120.31636,22.86542],[120.31654,22.86515]],[[120.31307,22.8634],[120.31302,22.86328],[120.31311,22.86332],[120.31307,22.8634]],[[120.31437,22.86151],[120.31448,22.86146],[120.31445,22.86154],[120.31437,22.86151]],[[120.31152,22.86084],[120.31183,22.86067],[120.31181,22.86085],[120.31152,22.86084]],[[120.31435,22.86042],[120.31446,22.86033],[120.31446,22.86043],[120.31435,22.86042]],[[120.32476,22.8597],[120.32653,22.86011],[120.32659,22.86043],[120.32443,22.8604],[120.32476,22.8597]],[[120.32501,22.85966],[120.32518,22.8594],[120.32515,22.85969],[120.32501,22.85966]],[[120.31464,22.8592],[120.31456,22.85911],[120.31465,22.85912],[120.31464,22.8592]],[[120.32452,22.85908],[120.32463,22.85957],[120.32448,22.85954],[120.32452,22.85908]],[[120.31485,22.85772],[120.31483,22.85761],[120.3149,22.85765],[120.31485,22.85772]],[[120.33132,22.85758],[120.33022,22.85803],[120.33008,22.85722],[120.33132,22.85669],[120.33132,22.85758]],[[120.31957,22.85664],[120.3195,22.85655],[120.31958,22.85657],[120.31957,22.85664]],[[120.31298,22.85615],[120.31382,22.85612],[120.31381,22.85625],[120.31298,22.85615]],[[120.31386,22.85652],[120.31389,22.85612],[120.31486,22.85608],[120.31482,22.85657],[120.31386,22.85652]],[[120.31556,22.85653],[120.31486,22.85649],[120.31489,22.85608],[120.31588,22.85605],[120.31556,22.85653]],[[120.31594,22.85605],[120.31691,22.85611],[120.31687,22.85662],[120.31591,22.85655],[120.31594,22.85605]],[[120.33077,22.85311],[120.3304,22.85313],[120.33038,22.85305],[120.33077,22.85311]],[[120.32551,22.8512],[120.33068,22.85397],[120.33045,22.85465],[120.33123,22.85658],[120.32479,22.85844],[120.32446,22.85831],[120.32497,22.85156],[120.32551,22.8512]],[[120.30094,22.8503],[120.30084,22.85025],[120.30116,22.85039],[120.30094,22.8503]],[[120.32831,22.84928],[120.32778,22.84908],[120.32827,22.84893],[120.32831,22.84928]],[[120.32496,22.84828],[120.32435,22.84852],[120.32431,22.84839],[120.32496,22.84828]],[[120.32363,22.84625],[120.32364,22.84615],[120.32381,22.84619],[120.32363,22.84625]],[[120.29789,22.84413],[120.29793,22.84413],[120.29787,22.84415],[120.29789,22.84413]],[[120.32366,22.8442],[120.3226,22.8446],[120.32258,22.84458],[120.32366,22.8442]],[[120.30438,22.84405],[120.30616,22.84521],[120.30804,22.84546],[120.30817,22.84551],[120.30847,22.84551],[120.30942,22.84562],[120.30942,22.84563],[120.30819,22.84554],[120.30615,22.84522],[120.30545,22.84485],[120.30438,22.84405]],[[120.30683,22.84433],[120.30663,22.84393],[120.30683,22.84393],[120.30683,22.84433]],[[120.31667,22.8437],[120.31656,22.84351],[120.31667,22.84352],[120.31667,22.8437]],[[120.29872,22.84289],[120.29838,22.84299],[120.29835,22.84327],[120.29823,22.84275],[120.29872,22.84289]],[[120.30775,22.84271],[120.30777,22.84277],[120.30777,22.84277],[120.30775,22.84271]],[[120.30753,22.8427],[120.30744,22.84268],[120.30745,22.84268],[120.30753,22.8427]],[[120.30947,22.84266],[120.30946,22.84286],[120.30946,22.84283],[120.30947,22.84266]],[[120.31646,22.84182],[120.31636,22.84178],[120.31646,22.84176],[120.31646,22.84182]],[[120.31619,22.83982],[120.31618,22.83981],[120.31619,22.83977],[120.31619,22.83982]]],[[[120.33311,22.84369],[120.33286,22.84391],[120.3332,22.84389],[120.33311,22.84369]]],[[[120.33654,22.85172],[120.33636,22.85216],[120.33658,22.85216],[120.33654,22.85172]]],[[[120.33546,22.85246],[120.33553,22.85231],[120.33541,22.85217],[120.33546,22.85246]]],[[[120.33245,22.85261],[120.33254,22.8532],[120.33351,22.85292],[120.33337,22.85232],[120.33245,22.85261]]],[[[120.33611,22.85235],[120.33683,22.85531],[120.33754,22.85556],[120.33748,22.85445],[120.33662,22.85302],[120.33677,22.85225],[120.33611,22.85235]]],[[[120.33378,22.85855],[120.33246,22.85884],[120.33241,22.85845],[120.33172,22.85844],[120.33179,22.85909],[120.33378,22.85855]]],[[[120.33263,22.85992],[120.33412,22.85991],[120.3327,22.85987],[120.33202,22.8591],[120.33177,22.85915],[120.33263,22.85992]]],[[[120.33453,22.8563],[120.33497,22.85656],[120.33682,22.86455],[120.33512,22.86496],[120.33474,22.86253],[120.33355,22.86298],[120.3341,22.86519],[120.33348,22.86541],[120.33411,22.86522],[120.33448,22.86672],[120.33475,22.86645],[120.33524,22.86665],[120.33457,22.86714],[120.33508,22.86791],[120.33464,22.86957],[120.33526,22.87033],[120.33796,22.86935],[120.33788,22.869],[120.33897,22.86896],[120.34024,22.86605],[120.33968,22.86464],[120.33884,22.86416],[120.33978,22.86384],[120.3394,22.86215],[120.33785,22.85928],[120.33763,22.85802],[120.33813,22.85756],[120.33801,22.85691],[120.3376,22.8564],[120.33782,22.85697],[120.33731,22.85748],[120.33694,22.8559],[120.33453,22.8563]]]]}},{"type":"Feature","properties":{"zone":"鄉村區","town":"阿蓮區"},"geometry":{"type":"MultiPolygon","coordinates":[[[[120.30673,22.84236],[120.30623,22.84271],[120.30632,22.84389],[120.30692,22.8439],[120.30757,22.844],[120.30799,22.84423],[120.30995,22.84393],[120.31096,22.84418],[120.31125,22.84489],[120.31273,22.84457],[120.31247,22.84383],[120.31209,22.84411],[120.31216,22.8436],[120.31119,22.84313],[120.30739,22.84301],[120.30673,22.84236]]],[[[120.30683,22.84393],[120.30659,22.8443],[120.30683,22.84433],[120.30683,22.84393]]],[[[120.31417,22.87097],[120.31453,22.87076],[120.31421,22.87069],[120.31417,22.87097]]],[[[120.3166,22.87188],[120.31603,22.87211],[120.31602,22.8723],[120.31665,22.87232],[120.3166,22.87188]]],[[[120.31411,22.87099],[120.31338,22.87268],[120.31389,22.87268],[120.31414,22.87337],[120.31617,22.87401],[120.31669,22.87359],[120.31629,22.87318],[120.31664,22.87241],[120.31602,22.8724],[120.31594,22.87126],[120.31411,22.87099]]],[[[120.31319,22.8781],[120.31313,22.87854],[120.31198,22.87831],[120.3121,22.8789],[120.31132,22.87874],[120.31212,22.87899],[120.31129,22.87959],[120.31132,22.8804],[120.314,22.88032],[120.31461,22.87942],[120.31374,22.87928],[120.31393,22.87867],[120.31319,22.8781]]],[[[120.32075,22.89103],[120.31687,22.89041],[120.31574,22.89157],[120.31582,22.89218],[120.31693,22.89255],[120.32089,22.89173],[120.32075,22.89103]]],[[[120.29908,22.89424],[120.29793,22.89449],[120.29913,22.8944],[120.29908,22.89424]]],[[[120.29702,22.8946],[120.29651,22.89467],[120.29702,22.89463],[120.29702,22.8946]]],[[[120.31165,22.89302],[120.30822,22.89336],[120.30817,22.89373],[120.30928,22.89365],[120.30817,22.89375],[120.30787,22.89532],[120.31017,22.8963],[120.31082,22.8958],[120.31081,22.89495],[120.31161,22.89481],[120.31116,22.89379],[120.31258,22.8934],[120.31194,22.89342],[120.31256,22.89305],[120.31193,22.89335],[120.31165,22.89302]]],[[[120.29676,22.89321],[120.29153,22.89494],[120.29164,22.89562],[120.29069,22.89581],[120.29079,22.89632],[120.29202,22.8967],[120.2935,22.89603],[120.29572,22.89623],[120.29588,22.89552],[120.2971,22.89508],[120.29708,22.89465],[120.29622,22.89473],[120.2961,22.89456],[120.29702,22.89396],[120.29655,22.89404],[120.29676,22.89321]]],[[[120.29914,22.89447],[120.29712,22.89463],[120.29713,22.89507],[120.29791,22.89546],[120.29923,22.89487],[120.29914,22.89447]]],[[[120.3239,22.84647],[120.32377,22.84669],[120.32394,22.84666],[120.3239,22.84647]]],[[[120.32509,22.84715],[120.32805,22.84659],[120.32798,22.84598],[120.32801,22.84656],[120.32507,22.84711],[120.32379,22.84675],[120.32415,22.84791],[120.32512,22.84773],[120.32499,22.84716],[120.32435,22.84712],[120.32509,22.84715]]],[[[120.32503,22.84859],[120.32431,22.84839],[120.32435,22.84852],[120.32503,22.84859]]],[[[120.3244,22.84879],[120.32529,22.84999],[120.32555,22.84875],[120.32611,22.84864],[120.3244,22.84879]]],[[[120.32466,22.85909],[120.32448,22.85954],[120.32463,22.85957],[120.32466,22.85909]]],[[[120.32515,22.85969],[120.32503,22.85939],[120.32501,22.85966],[120.32515,22.85969]]],[[[120.32448,22.85975],[120.32443,22.8604],[120.32659,22.86043],[120.32653,22.86011],[120.32448,22.85975]]],[[[120.33146,22.85963],[120.33146,22.86083],[120.33385,22.8611],[120.33412,22.85997],[120.33192,22.85986],[120.33201,22.85917],[120.33146,22.85963]]],[[[120.33185,22.86108],[120.3318,22.86156],[120.33241,22.86121],[120.33234,22.86101],[120.33185,22.86108]]],[[[120.33998,22.88047],[120.33919,22.88124],[120.33954,22.88158],[120.33993,22.88164],[120.33998,22.88047]]],[[[120.32273,22.89025],[120.32083,22.89101],[120.32098,22.89179],[120.32381,22.89107],[120.32273,22.89025]]]]}},{"type":"Feature","properties":{"zone":"一般農業區","town":"鳥松區"},"geometry":{"type":"MultiPolygon","coordinates":[[[[120.40017,22.65298],[120.39952,22.65832],[120.40063,22.66231],[120.40065,22.66668],[120.39986,22.66845],[120.39717,22.66834],[120.39431,22.66952],[120.38932,22.67001],[120.38659,22.66978],[120.37869,22.66655],[120.37623,22.66626],[120.37361,22.66299],[120.37276,22.66347],[120.36921,22.6682],[120.36626,22.6711],[120.36665,22.67186],[120.36797,22.6719],[120.37013,22.67297],[120.37127,22.67474],[120.37304,22.67478],[120.37479,22.67558],[120.37633,22.67536],[120.37656,22.67432],[120.37871,22.67442],[120.37904,22.67393],[120.38012,22.67472],[120.38253,22.67528],[120.38271,22.67571],[120.38141,22.67846],[120.38227,22.68282],[120.38322,22.68289],[120.38403,22.6823],[120.38641,22.68262],[120.38284,22.68613],[120.38158,22.68795],[120.38152,22.68941],[120.38292,22.69094],[120.38399,22.69096],[120.38666,22.69328],[120.3897,22.69672],[120.39241,22.69462],[120.3933,22.69207],[120.39192,22.68954],[120.39087,22.68892],[120.39003,22.68911],[120.39014,22.68652],[120.38976,22.68537],[120.39169,22.68513],[120.39235,22.68384],[120.39366,22.68398],[120.39443,22.68255],[120.39566,22.68222],[120.39753,22.68076],[120.39638,22.68057],[120.39671,22.68004],[120.39575,22.68001],[120.39546,22.67884],[120.39578,22.6779],[120.39634,22.67734],[120.3973,22.67742],[120.39698,22.67547],[120.39789,22.6745],[120.3986,22.67266],[120.39826,22.67157],[120.39907,22.67117],[120.40033,22.66823],[120.4027,22.6661],[120.40272,22.6621],[120.40227,22.66102],[120.40281,22.65945],[120.40205,22.65913],[120.402,22.65832],[120.4015,22.65811],[120.40197,22.65692],[120.40017,22.65298]],[[120.38793,22.68301],[120.38853,22.68418],[120.38827,22.68459],[120.38747,22.68364],[120.38793,22.68301]],[[120.3974,22.66971],[120.39782,22.66987],[120.39759,22.67026],[120.39715,22.67021],[120.3974,22.66971]],[[120.37944,22.66962],[120.38025,22.671],[120.37884,22.6719],[120.37836,22.6711],[120.377,22.6714],[120.37717,22.67056],[120.37669,22.6707],[120.37674,22.67035],[120.3762,22.67019],[120.37603,22.6697],[120.37661,22.67024],[120.37944,22.66962]],[[120.37186,22.66555],[120.37196,22.66604],[120.37174,22.66585],[120.37186,22.66555]],[[120.37324,22.66476],[120.3743,22.66606],[120.37523,22.66584],[120.37589,22.66677],[120.37477,22.668],[120.37415,22.66773],[120.375,22.66697],[120.37461,22.66643],[120.37378,22.66721],[120.37219,22.66626],[120.37324,22.66476]],[[120.3727,22.66357],[120.37283,22.66422],[120.37239,22.66401],[120.3727,22.66357]],[[120.40167,22.65909],[120.40212,22.65991],[120.40024,22.65931],[120.40119,22.6592],[120.40194,22.65849],[120.40167,22.65909]]],[[[120.38144,22.68134],[120.38127,22.6809],[120.38103,22.68116],[120.38144,22.68134]]]]}},{"type":"Feature","properties":{"zone":"山坡地保育區","town":"鳥松區"},"geometry":{"type":"MultiPolygon","coordinates":[[[[120.40194,22.65849],[120.40024,22.65931],[120.40187,22.65997],[120.40226,22.65973],[120.40151,22.65926],[120.40194,22.65849]]],[[[120.39759,22.67026],[120.39735,22.66966],[120.39715,22.67021],[120.39759,22.67026]]],[[[120.38133,22.67837],[120.38077,22.6787],[120.38086,22.67894],[120.38134,22.67872],[120.38133,22.67837]]],[[[120.37983,22.67962],[120.37957,22.67966],[120.37972,22.67981],[120.37983,22.67962]]],[[[120.38846,22.68398],[120.38793,22.683],[120.38774,22.683],[120.38747,22.68364],[120.38805,22.6845],[120.38846,22.68398]]]]}},{"type":"Feature","properties":{"zone":"特定專用區","town":"鳥松區"},"geometry":{"type":"MultiPolygon","coordinates":[[[[120.36615,22.67296],[120.36687,22.67423],[120.36719,22.67405],[120.36639,22.67216],[120.36615,22.67296]]],[[[120.36747,22.67179],[120.36665,22.67186],[120.36761,22.67405],[120.36652,22.67495],[120.36719,22.67523],[120.36723,22.67604],[120.36826,22.67601],[120.36881,22.67663],[120.37006,22.67687],[120.3699,22.67769],[120.37068,22.67809],[120.37159,22.6802],[120.37373,22.68156],[120.37354,22.68243],[120.37446,22.68285],[120.37487,22.684],[120.37926,22.68632],[120.37974,22.68732],[120.37954,22.68943],[120.38162,22.68935],[120.38158,22.68795],[120.38284,22.68613],[120.38641,22.68262],[120.38403,22.6823],[120.38322,22.68289],[120.38227,22.68282],[120.38141,22.67846],[120.38271,22.67571],[120.38253,22.67528],[120.38012,22.67472],[120.37904,22.67393],[120.37871,22.67442],[120.37656,22.67432],[120.37633,22.67536],[120.37479,22.67558],[120.37304,22.67478],[120.37127,22.67474],[120.37013,22.67297],[120.36747,22.67179]],[[120.38133,22.67837],[120.38134,22.67872],[120.38086,22.67894],[120.38077,22.6787],[120.38133,22.67837]],[[120.37957,22.67966],[120.37983,22.67962],[120.37972,22.67981],[120.37957,22.67966]],[[120.38127,22.6809],[120.38153,22.68131],[120.38105,22.6812],[120.38127,22.6809]]]]}},{"type":"Feature","properties":{"zone":"特定農業區","town":"鳥松區"},"geometry":{"type":"MultiPolygon","coordinates":[[[[120.37283,22.66422],[120.37289,22.6635],[120.37239,22.66401],[120.37283,22.66422]]],[[[120.36662,22.67184],[120.36624,22.67104],[120.36551,22.67183],[120.36604,22.6727],[120.36662,22.67184]]]]}},{"type":"Feature","properties":{"zone":"鄉村區","town":"鳥松區"},"geometry":{"type":"MultiPolygon","coordinates":[[[[120.37216,22.6658],[120.37174,22.66585],[120.37196,22.66604],[120.37216,22.6658]]],[[[120.37233,22.66605],[120.37378,22.66721],[120.37461,22.66643],[120.37501,22.66689],[120.37415,22.66773],[120.37455,22.66796],[120.37588,22.66705],[120.37523,22.66584],[120.3743,22.66606],[120.37323,22.66474],[120.37233,22.66605]]],[[[120.38025,22.671],[120.37939,22.66952],[120.37661,22.67024],[120.37603,22.6697],[120.37669,22.6707],[120.37717,22.67056],[120.377,22.6714],[120.37836,22.6711],[120.37884,22.6719],[120.38025,22.671]]]]}},{"type":"Feature","properties":{"zone":"一般農業區","town":"鳳山區"},"geometry":{"type":"MultiPolygon","coordinates":[[[[120.37863,22.61918],[120.3778,22.61986],[120.37834,22.62113],[120.3783,22.62057],[120.37863,22.61918]]],[[[120.38067,22.62289],[120.37835,22.62252],[120.3781,22.62263],[120.37801,22.62287],[120.379,22.62305],[120.38067,22.62289]]]]}},{"type":"Feature","properties":{"zone":"特定專用區","town":"鳳山區"},"geometry":{"type":"Polygon","coordinates":[[[120.36806,22.5928],[120.36426,22.59292],[120.36439,22.5961],[120.36318,22.59621],[120.36272,22.61273],[120.36629,22.6128],[120.36784,22.61471],[120.36866,22.61667],[120.37006,22.61655],[120.37101,22.61725],[120.37134,22.61663],[120.37252,22.61619],[120.37216,22.61687],[120.37438,22.61876],[120.37736,22.62006],[120.38001,22.61846],[120.37975,22.61681],[120.37853,22.61502],[120.37881,22.61381],[120.37812,22.61313],[120.37813,22.61152],[120.37743,22.61084],[120.37714,22.60769],[120.37491,22.60647],[120.37287,22.60684],[120.37116,22.60173],[120.37179,22.60015],[120.3715,22.59791],[120.37074,22.59623],[120.36896,22.59527],[120.36826,22.59434],[120.36806,22.5928]]]}}]}